domain_id,domain,competency_id,competency,scope,evidence_of_progress,applicability,normative_status,formation_modes,preferred_evidence_types,professional_boundary
01,"Meaning, Worldview, and Purpose",01.01,Conceptions of flourishing,"Study and compare major accounts of the good life—virtue, duty, consequence, freedom, faith, relationship, service, achievement, contentment, and self-actualization.","Can explain the strengths, limits, and practical implications of several competing accounts.",cross_context_core,cross_tradition_core_or_broadly_recurrent,agency; receptivity; transcendence,conceptual_explanation; artifact; longitudinal_review,
01,"Meaning, Worldview, and Purpose",01.02,A provisional worldview,"Form a coherent but revisable view of reality, human nature, knowledge, morality, suffering, freedom, and responsibility.","Can state present convictions, uncertainties, and what evidence or experience could change them.",cross_context_core,cross_tradition_core_or_broadly_recurrent,agency; receptivity; transcendence,conceptual_explanation; artifact; longitudinal_review,
01,"Meaning, Worldview, and Purpose",01.03,Chosen and inherited values,"Trace important values to family, culture, religion, temperament, admiration, fear, experience, and deliberate reasoning.",Can distinguish inherited commitments from those consciously reaffirmed or rejected.,cross_context_core,cross_tradition_core_or_broadly_recurrent,agency; receptivity; transcendence,conceptual_explanation; artifact; longitudinal_review,
01,"Meaning, Worldview, and Purpose",01.04,A hierarchy of goods,"Rank competing goods such as truth, love, justice, loyalty, freedom, security, achievement, pleasure, family, and service.",Can use the hierarchy to resolve a real conflict instead of claiming every value is equally important.,cross_context_core,cross_tradition_core_or_broadly_recurrent,agency; receptivity; transcendence,conceptual_explanation; artifact; longitudinal_review,
01,"Meaning, Worldview, and Purpose",01.05,Purpose and calling,"Identify worthwhile roles, responsibilities, problems, communities, and forms of contribution that may constitute a calling.",Has a provisional calling expressed through present commitments rather than only an abstract aspiration.,cross_context_core,cross_tradition_core_or_broadly_recurrent,agency; receptivity; transcendence,conceptual_explanation; artifact; longitudinal_review,
01,"Meaning, Worldview, and Purpose",01.06,Meaning versus status,"Distinguish internally meaningful pursuits from prestige, comparison, insecurity, approval, and borrowed ambition.",Has revised or abandoned at least one goal whose primary function was image or comparison.,cross_context_core,cross_tradition_core_or_broadly_recurrent,agency; receptivity; transcendence,conceptual_explanation; artifact; longitudinal_review,
01,"Meaning, Worldview, and Purpose",01.07,Commitment under uncertainty,"Choose and act without waiting for perfect certainty, while using assumptions, review points, and reversible experiments.",Can make a consequential decision with explicit uncertainty and a scheduled reassessment.,cross_context_core,cross_tradition_core_or_broadly_recurrent,agency; receptivity; transcendence,conceptual_explanation; artifact; longitudinal_review,
01,"Meaning, Worldview, and Purpose",01.08,Existential responsibility,"Accept that circumstances constrain life without eliminating personal agency, responsibility, and choice.",Can name what is and is not under personal control and act on the controllable portion.,cross_context_core,cross_tradition_core_or_broadly_recurrent,agency; receptivity; transcendence,conceptual_explanation; artifact; longitudinal_review,
01,"Meaning, Worldview, and Purpose",01.09,Life review and philosophical revision,Review whether daily life still reflects stated beliefs and revise the philosophy when experience exposes contradictions.,Maintains a recurring review that produces actual changes in priorities or conduct.,cross_context_core,cross_tradition_core_or_broadly_recurrent,agency; receptivity; transcendence,conceptual_explanation; artifact; longitudinal_review,
01,"Meaning, Worldview, and Purpose",01.10,Meaning after disillusionment,"Reconstruct meaning when success, institutions, relationships, faith, or prior identity no longer sustain the life story.","Can name what failed, what remains true, and a next commitment that does not depend on restoring the old certainty.",cross_context_core,cross_tradition_core_or_broadly_recurrent,agency; receptivity; transcendence,conceptual_explanation; artifact; longitudinal_review,
01,"Meaning, Worldview, and Purpose",01.11,Plural ends and reasonable disagreement,"Recognize that thoughtful people and traditions rank flourishing, duty, freedom, devotion, achievement, peace, and service differently.",Can explain a competing vision of the good fairly and state where cooperation remains possible.,cross_context_core,cross_tradition_core_or_broadly_recurrent,agency; receptivity; transcendence,conceptual_explanation; artifact; longitudinal_review,
02,"Ethics, Virtue, and Integrity",02.01,Moral frameworks,"Understand virtue ethics, deontology, consequentialism, care ethics, natural-law or religious ethics, rights, justice, and moral particularism.",Can analyze one difficult choice through several frameworks without caricaturing them.,cross_context_core,cross_tradition_core_or_broadly_recurrent,agency; interdependence; stewardship,conceptual_explanation; real_world_application; observer_feedback; longitudinal_review,
02,"Ethics, Virtue, and Integrity",02.02,Moral perception,"Notice when an ordinary decision contains questions of dignity, fairness, harm, obligation, consent, truth, or stewardship.",Recognizes ethical dimensions before harm or conflict makes them obvious.,cross_context_core,cross_tradition_core_or_broadly_recurrent,agency; interdependence; stewardship,conceptual_explanation; real_world_application; observer_feedback; longitudinal_review,
02,"Ethics, Virtue, and Integrity",02.03,Behavioral definitions of virtue,"Define virtues such as courage, honesty, justice, temperance, compassion, humility, loyalty, patience, and wisdom in observable terms.","Can distinguish each virtue from its excess, deficiency, and counterfeit.",cross_context_core,cross_tradition_core_or_broadly_recurrent,agency; interdependence; stewardship,conceptual_explanation; real_world_application; observer_feedback; longitudinal_review,
02,"Ethics, Virtue, and Integrity",02.04,Truthfulness and candor,"Tell the truth accurately while respecting relevance, confidentiality, timing, uncertainty, and the dignity of others.","Communicates a difficult truth without deception, cruelty, or self-serving omission.",cross_context_core,cross_tradition_core_or_broadly_recurrent,agency; interdependence; stewardship,conceptual_explanation; real_world_application; observer_feedback; longitudinal_review,
02,"Ethics, Virtue, and Integrity",02.05,"Promises, reliability, and one's word","Make commitments carefully, track them, fulfill them, or renegotiate before failure.","Others can reasonably rely on stated commitments, and broken promises receive prompt repair.",cross_context_core,cross_tradition_core_or_broadly_recurrent,agency; interdependence; stewardship,conceptual_explanation; real_world_application; observer_feedback; longitudinal_review,
02,"Ethics, Virtue, and Integrity",02.06,"Justice, fairness, and equal dignity","Apply comparable standards across self, allies, strangers, opponents, and people with less status or power.","Can identify and correct favoritism, prejudice, exploitation, or a double standard.",cross_context_core,cross_tradition_core_or_broadly_recurrent,agency; interdependence; stewardship,conceptual_explanation; real_world_application; observer_feedback; longitudinal_review,
02,"Ethics, Virtue, and Integrity",02.07,Moral courage,"Defend what is right when doing so involves fear, inconvenience, uncertainty, or social cost.",Has taken a proportionate stand in a real situation and reviewed whether it was wise and effective.,cross_context_core,cross_tradition_core_or_broadly_recurrent,agency; interdependence; stewardship,conceptual_explanation; real_world_application; observer_feedback; longitudinal_review,
02,"Ethics, Virtue, and Integrity",02.08,Temperance and moderation,"Use pleasure, consumption, sex, food, money, entertainment, comfort, and status without becoming ruled by them.","Can enjoy a good without compulsive excess, shame, or rigid purity.",cross_context_core,cross_tradition_core_or_broadly_recurrent,agency; interdependence; stewardship,conceptual_explanation; real_world_application; observer_feedback; longitudinal_review,
02,"Ethics, Virtue, and Integrity",02.09,"Compassion, mercy, and forgiveness","Respond to suffering and wrongdoing with humanity while preserving truth, boundaries, justice, and accountability.",Can release vengeance or contempt without automatically restoring trust or access.,cross_context_core,cross_tradition_core_or_broadly_recurrent,agency; interdependence; stewardship,conceptual_explanation; real_world_application; observer_feedback; longitudinal_review,
02,"Ethics, Virtue, and Integrity",02.10,Loyalty and principled dissent,Honor legitimate obligations to people and institutions without becoming complicit in wrongdoing.,Can explain where loyalty ends and has voiced dissent or withdrawn when principle required it.,cross_context_core,cross_tradition_core_or_broadly_recurrent,agency; interdependence; stewardship,conceptual_explanation; real_world_application; observer_feedback; longitudinal_review,
02,"Ethics, Virtue, and Integrity",02.11,"Responsibility, apology, and restitution","Own intention, action, impact, negligence, and foreseeable consequences; repair harm where possible.",Offers specific apology and restitution rather than image management or blame shifting.,cross_context_core,cross_tradition_core_or_broadly_recurrent,agency; interdependence; stewardship,conceptual_explanation; real_world_application; observer_feedback; longitudinal_review,
02,"Ethics, Virtue, and Integrity",02.12,Integrity across contexts,"Align private behavior, public claims, means, ends, incentives, and identity.","Conduct remains recognizably principled when unobserved, pressured, rewarded, or tempted.",cross_context_core,cross_tradition_core_or_broadly_recurrent,agency; interdependence; stewardship,conceptual_explanation; real_world_application; observer_feedback; longitudinal_review,
02,"Ethics, Virtue, and Integrity",02.13,"Moral luck, complicity, and dirty hands","Examine responsibility when outcomes depend partly on chance, systems implicate everyone, or every available option causes harm.","Can distinguish direct action, negligence, benefit, complicity, constraint, and residual responsibility in a hard case.",cross_context_core,cross_tradition_core_or_broadly_recurrent,agency; interdependence; stewardship,conceptual_explanation; real_world_application; observer_feedback; longitudinal_review,
02,"Ethics, Virtue, and Integrity",02.14,"Conscience, conscientious objection, and civil disobedience","Understand when law, authority, employment, or group loyalty may be resisted for principled reasons and what responsibilities accompany resistance.","Can justify a refusal or act of disobedience using public reasons, proportionality, nonviolence where possible, and willingness to accept accountability.",cross_context_core,cross_tradition_core_or_broadly_recurrent,agency; interdependence; stewardship,conceptual_explanation; real_world_application; observer_feedback; longitudinal_review,
02,"Ethics, Virtue, and Integrity",02.15,Ethics of care and dependency,"Recognize moral obligations created by vulnerability, relationship, dependence, and unequal capacity, not only contracts or autonomous choice.","Can identify who bears care burdens, whose needs are invisible, and how responsibility can be shared fairly.",cross_context_core,cross_tradition_core_or_broadly_recurrent,agency; interdependence; stewardship,conceptual_explanation; real_world_application; observer_feedback; longitudinal_review,
03,"Spirituality, Religion, Ritual, and Transcendence",03.01,Metaphysical and spiritual inquiry,"Examine religious, spiritual, philosophical, and naturalistic accounts of God, consciousness, soul, freedom, providence, and transcendence.",Can state a position or principled uncertainty without pretending proof or dismissing alternatives.,pathway_dependent,multiple_legitimate_pathways,receptivity; interdependence; transcendence,conceptual_explanation; behavioral_adherence; community_feedback; longitudinal_review,
03,"Spirituality, Religion, Ritual, and Transcendence",03.02,Serious study of a wisdom tradition,"Engage primary texts, history, practices, exemplars, internal disputes, and lived communities rather than slogans.",Can explain at least one tradition from the inside and distinguish it from popular caricature.,pathway_dependent,multiple_legitimate_pathways,receptivity; interdependence; transcendence,conceptual_explanation; behavioral_adherence; community_feedback; longitudinal_review,
03,"Spirituality, Religion, Ritual, and Transcendence",03.03,"Contemplation, prayer, and silence","Develop a practice of prayer, meditation, examen, sacred reading, silence, chanting, or attentive presence.","The practice reliably increases honesty, attention, gratitude, moral resolve, or peace.",pathway_dependent,multiple_legitimate_pathways,receptivity; interdependence; transcendence,conceptual_explanation; behavioral_adherence; community_feedback; longitudinal_review,
03,"Spirituality, Religion, Ritual, and Transcendence",03.04,Reverence and the sacred,"Cultivate appropriate awe toward life, nature, persons, ritual, truth, beauty, and what is held holy.","Can participate sincerely without abandoning conscience, evidence, or respect for outsiders.",pathway_dependent,multiple_legitimate_pathways,receptivity; interdependence; transcendence,conceptual_explanation; behavioral_adherence; community_feedback; longitudinal_review,
03,"Spirituality, Religion, Ritual, and Transcendence",03.05,Gratitude and received life,"Recognize dependence, gifts, contingency, sacrifice, inheritance, and goods not personally earned.","Gratitude changes conduct through care, generosity, restraint, remembrance, or service.",pathway_dependent,multiple_legitimate_pathways,receptivity; interdependence; transcendence,conceptual_explanation; behavioral_adherence; community_feedback; longitudinal_review,
03,"Spirituality, Religion, Ritual, and Transcendence",03.06,Surrender and limits of control,"Accept finitude, uncertainty, uncontrollable events, and dependence without collapsing into passivity.",Can release what cannot be controlled while acting firmly on what remains possible.,pathway_dependent,multiple_legitimate_pathways,receptivity; interdependence; transcendence,conceptual_explanation; behavioral_adherence; community_feedback; longitudinal_review,
03,"Spirituality, Religion, Ritual, and Transcendence",03.07,Religious and spiritual community,"Participate in shared practices, service, accountability, celebration, and care while recognizing risks of coercion and abuse.",Contributes to a community and maintains boundaries that protect conscience and dignity.,pathway_dependent,multiple_legitimate_pathways,receptivity; interdependence; transcendence,conceptual_explanation; behavioral_adherence; community_feedback; longitudinal_review,
03,"Spirituality, Religion, Ritual, and Transcendence",03.08,Vocation and service beyond self,"Commit to a truth, God, community, craft, cause, future generation, or common good that places real demands on the self.","The commitment alters allocation of time, comfort, money, or status.",pathway_dependent,multiple_legitimate_pathways,receptivity; interdependence; transcendence,conceptual_explanation; behavioral_adherence; community_feedback; longitudinal_review,
03,"Spirituality, Religion, Ritual, and Transcendence",03.09,"Ritual, remembrance, and sacred time","Use rituals for beginnings, endings, grief, gratitude, rest, commitment, repentance, celebration, and belonging.","A ritual strengthens memory, identity, and action rather than functioning as empty performance.",pathway_dependent,multiple_legitimate_pathways,receptivity; interdependence; transcendence,conceptual_explanation; behavioral_adherence; community_feedback; longitudinal_review,
03,"Spirituality, Religion, Ritual, and Transcendence",03.10,"Communal worship, liturgy, and shared sacred practice","Participate in forms of worship, recitation, sacrament, ritual, pilgrimage, or communal remembrance that locate the self inside a tradition and community.","Can participate with understanding and sincerity while respecting conscience, safety, and the freedom of others.",pathway_dependent,multiple_legitimate_pathways,receptivity; interdependence; transcendence,conceptual_explanation; behavioral_adherence; community_feedback; longitudinal_review,
03,"Spirituality, Religion, Ritual, and Transcendence",03.11,"Authority, tradition, conscience, and reform","Discern how sacred texts, teachers, institutions, inherited practices, personal experience, and moral conscience should relate.","Can identify legitimate authority, possible abuse, and a principled process for obedience, dissent, or reform.",pathway_dependent,multiple_legitimate_pathways,receptivity; interdependence; transcendence,conceptual_explanation; behavioral_adherence; community_feedback; longitudinal_review,
03,"Spirituality, Religion, Ritual, and Transcendence",03.12,Religious pluralism and interfaith humility,Engage competing truth claims without reducing every tradition to sameness or treating disagreement as license for contempt.,"Can describe another tradition accurately, state real disagreement, and cooperate without deceptive consensus.",pathway_dependent,multiple_legitimate_pathways,receptivity; interdependence; transcendence,conceptual_explanation; behavioral_adherence; community_feedback; longitudinal_review,
03,"Spirituality, Religion, Ritual, and Transcendence",03.13,"Mystical, ecstatic, and peak experience","Understand altered states of awe, unity, devotion, revelation, or transcendence and the risks of overinterpreting them.","Can integrate an intense experience through community, reason, conduct, and time rather than treating intensity as automatic truth.",pathway_dependent,multiple_legitimate_pathways,receptivity; interdependence; transcendence,conceptual_explanation; behavioral_adherence; community_feedback; longitudinal_review,
04,"Mortality, Suffering, Tragedy, and Hope",04.01,"Suffering, evil, and lament","Develop an honest response to pain, injustice, tragedy, apparent meaninglessness, and unanswered prayer.",Can lament without denial and continue acting without requiring a simplistic explanation.,cross_context_core,cross_tradition_core_or_broadly_recurrent,receptivity; interdependence; transcendence,reflective_artifact; real_world_application; observer_feedback; longitudinal_review,
04,"Mortality, Suffering, Tragedy, and Hope",04.02,Mortality and impermanence,"Contemplate death, aging, loss, and the temporary nature of possessions, achievements, bodies, and relationships.",A concrete priority or reconciliation changes because time is understood as finite.,cross_context_core,cross_tradition_core_or_broadly_recurrent,receptivity; interdependence; transcendence,reflective_artifact; real_world_application; observer_feedback; longitudinal_review,
04,"Mortality, Suffering, Tragedy, and Hope",04.03,Tragic knowledge and the limits of control,"Understand that good people can suffer, worthy efforts can fail, and some conflicts cannot be resolved without loss.","Can face an irreversible or no-win reality without denial, magical thinking, or automatic nihilism.",cross_context_core,cross_tradition_core_or_broadly_recurrent,receptivity; interdependence; transcendence,reflective_artifact; real_world_application; observer_feedback; longitudinal_review,
04,"Mortality, Suffering, Tragedy, and Hope",04.04,Meaning after catastrophic loss,"Rebuild orientation after bereavement, betrayal, disaster, illness, displacement, or collapse of a central identity.","Can identify what has ended, what remains, what support is needed, and one life-giving commitment that is still possible.",cross_context_core,cross_tradition_core_or_broadly_recurrent,receptivity; interdependence; transcendence,reflective_artifact; real_world_application; observer_feedback; longitudinal_review,
04,"Mortality, Suffering, Tragedy, and Hope",04.05,"Absurdity, existential anxiety, and meaninglessness","Examine experiences in which life feels arbitrary, empty, repetitive, or unsupported by certainty.",Can act from chosen responsibility or faith without pretending the existential question has been conclusively solved.,cross_context_core,cross_tradition_core_or_broadly_recurrent,receptivity; interdependence; transcendence,reflective_artifact; real_world_application; observer_feedback; longitudinal_review,
04,"Mortality, Suffering, Tragedy, and Hope",04.06,Endurance without self-optimization,"Learn forms of patience, lament, companionship, rest, and faithfulness appropriate when improvement is slow or impossible.",Can remain present and humane during a season that cannot be converted into a productivity project.,cross_context_core,cross_tradition_core_or_broadly_recurrent,receptivity; interdependence; transcendence,reflective_artifact; real_world_application; observer_feedback; longitudinal_review,
04,"Mortality, Suffering, Tragedy, and Hope",04.07,Moral injury and compromised action,"Recognize distress caused by perpetrating, witnessing, failing to prevent, or being betrayed around morally serious events.","Can distinguish guilt, shame, trauma, responsibility, repair, and the need for qualified support.",cross_context_core,cross_tradition_core_or_broadly_recurrent,receptivity; interdependence; transcendence,reflective_artifact; real_world_application; observer_feedback; longitudinal_review,
04,"Mortality, Suffering, Tragedy, and Hope",04.08,"Dying, end-of-life choices, and accompaniment","Understand advance care, palliative care, grief, presence, unfinished relationships, and the dignity of dying persons.",Can prepare basic preferences and accompany serious illness without imposing false reassurance.,cross_context_core,cross_tradition_core_or_broadly_recurrent,receptivity; interdependence; transcendence,reflective_artifact; real_world_application; observer_feedback; longitudinal_review,
04,"Mortality, Suffering, Tragedy, and Hope",04.09,Hope without denial,"Cultivate realistic hope grounded in relationship, possibility, faith, meaning, or action while acknowledging adverse probabilities.",Can name reasons for hope and reasons for grief in the same situation.,cross_context_core,cross_tradition_core_or_broadly_recurrent,receptivity; interdependence; transcendence,reflective_artifact; real_world_application; observer_feedback; longitudinal_review,
04,"Mortality, Suffering, Tragedy, and Hope",04.10,"Irreversibility, remorse, and living after the unfixable","Learn how to continue when restitution is incomplete, opportunities are gone, or consequences cannot be undone.","Can accept permanent consequence while continuing responsibility, service, and moral growth.",cross_context_core,cross_tradition_core_or_broadly_recurrent,receptivity; interdependence; transcendence,reflective_artifact; real_world_application; observer_feedback; longitudinal_review,
05,"Self-Knowledge, Identity, and Humility",05.01,An honest personal inventory,"Document strengths, weaknesses, fears, wounds, privileges, habits, obligations, dependencies, and recurring outcomes.",The inventory includes concrete evidence and truths that are neither flattering nor catastrophizing.,cross_context_core,cross_tradition_core_or_broadly_recurrent,agency; receptivity; interdependence,self_report; observer_feedback; artifact; longitudinal_review,
05,"Self-Knowledge, Identity, and Humility",05.02,Narrative identity,"Construct a life story that includes agency, circumstance, help, harm, contingency, failure, and change.","Can tell the story without casting the self solely as hero, victim, failure, or exceptional case.",cross_context_core,cross_tradition_core_or_broadly_recurrent,agency; receptivity; interdependence,self_report; observer_feedback; artifact; longitudinal_review,
05,"Self-Knowledge, Identity, and Humility",05.03,"Strengths, limitations, and fit","Identify capabilities, energy patterns, constraints, environments, and roles that improve or impair performance.",Uses strengths deliberately while designing around limits and developing neglected capacities.,cross_context_core,cross_tradition_core_or_broadly_recurrent,agency; receptivity; interdependence,self_report; observer_feedback; artifact; longitudinal_review,
05,"Self-Knowledge, Identity, and Humility",05.04,Personality as hypothesis,"Use temperament, attachment, MBTI, Enneagram, Big Five, or other models as provisional lenses rather than fixed identity.","Can name useful predictions, failures of the model, and one opposite capacity to practice.",cross_context_core,cross_tradition_core_or_broadly_recurrent,agency; receptivity; interdependence,self_report; observer_feedback; artifact; longitudinal_review,
05,"Self-Knowledge, Identity, and Humility",05.05,Defenses and self-deception,"Recognize avoidance, rationalization, blame, perfectionism, control, withdrawal, intellectualization, and performative humility.",Catches one defense in real time and chooses a more honest response.,cross_context_core,cross_tradition_core_or_broadly_recurrent,agency; receptivity; interdependence,self_report; observer_feedback; artifact; longitudinal_review,
05,"Self-Knowledge, Identity, and Humility",05.06,Triggers and repeated patterns,"Map situations that predict shame, anger, fear, envy, impulsivity, people-pleasing, numbness, or withdrawal.",Has an early-warning map and a tested alternative response.,cross_context_core,cross_tradition_core_or_broadly_recurrent,agency; receptivity; interdependence,self_report; observer_feedback; artifact; longitudinal_review,
05,"Self-Knowledge, Identity, and Humility",05.07,Feedback and disconfirmation,"Invite observations about the gap between intention and impact, especially from people who are safe but not deferential.",Can summarize feedback accurately and test a change without immediate rebuttal.,cross_context_core,cross_tradition_core_or_broadly_recurrent,agency; receptivity; interdependence,self_report; observer_feedback; artifact; longitudinal_review,
05,"Self-Knowledge, Identity, and Humility",05.08,Self-worth beyond performance,"Separate dignity from productivity, intelligence, attractiveness, success, status, approval, and failure.",Can experience success or failure without converting it into a total judgment of worth.,cross_context_core,cross_tradition_core_or_broadly_recurrent,agency; receptivity; interdependence,self_report; observer_feedback; artifact; longitudinal_review,
05,"Self-Knowledge, Identity, and Humility",05.09,Integration of conflicting parts,"Work with tensions such as ambition and contentment, reason and emotion, independence and belonging, strength and vulnerability.",Creates a practice that honors the legitimate need on both sides rather than suppressing one.,cross_context_core,cross_tradition_core_or_broadly_recurrent,agency; receptivity; interdependence,self_report; observer_feedback; artifact; longitudinal_review,
05,"Self-Knowledge, Identity, and Humility",05.10,Humility and proportionate self-regard,"See oneself neither as the center of reality nor as worthless; recognize dependence, limits, gifts, and responsibility.","Can accept correction, help, praise, and obscurity without grandiosity or self-erasure.",cross_context_core,cross_tradition_core_or_broadly_recurrent,agency; receptivity; interdependence,self_report; observer_feedback; artifact; longitudinal_review,
05,"Self-Knowledge, Identity, and Humility",05.11,Embodied and socially situated identity,"Understand how body, age, sex, race, class, culture, disability, language, geography, and institutions affect experience without reducing identity to any single category.",Can describe both personal agency and structural context without erasing either.,cross_context_core,cross_tradition_core_or_broadly_recurrent,agency; receptivity; interdependence,self_report; observer_feedback; artifact; longitudinal_review,
05,"Self-Knowledge, Identity, and Humility",05.12,Cultural self-location and inherited assumptions,"Identify norms about family, authority, emotion, work, gender, religion, privacy, and success that feel natural because they are familiar.","Can compare those assumptions with another culture and choose what to retain, revise, or hold provisionally.",cross_context_core,cross_tradition_core_or_broadly_recurrent,agency; receptivity; interdependence,self_report; observer_feedback; artifact; longitudinal_review,
06,"Vulnerability, Trauma, Disability, Neurodiversity, and Dependency",06.01,Vulnerability as a human condition,"Recognize bodily fragility, emotional exposure, dependence, uncertainty, and the impossibility of total self-sufficiency.","Can receive help, admit need, and remain dignified without equating dependence with failure.",context_contingent,universally_relevant_as_literacy_but_conditionally_practiced,receptivity; interdependence; adaptation,self_report; qualified_assessment; artifact; observer_feedback; longitudinal_review,"Educational and developmental only; trauma, suicidality, abuse, psychosis, addiction, severe functional decline, and medical concerns require qualified professional or emergency support."
06,"Vulnerability, Trauma, Disability, Neurodiversity, and Dependency",06.02,Trauma and post-traumatic stress literacy,"Understand trauma responses involving threat, avoidance, intrusion, dissociation, shame, hyperarousal, memory, and attachment.",Can recognize possible trauma effects and seek trauma-informed professional support rather than forcing self-exposure.,context_contingent,universally_relevant_as_literacy_but_conditionally_practiced,receptivity; interdependence; adaptation,self_report; qualified_assessment; artifact; observer_feedback; longitudinal_review,"Educational and developmental only; trauma, suicidality, abuse, psychosis, addiction, severe functional decline, and medical concerns require qualified professional or emergency support."
06,"Vulnerability, Trauma, Disability, Neurodiversity, and Dependency",06.03,Recovery after violation and betrayal,"Rebuild safety, agency, trust, bodily ownership, boundaries, and meaning after abuse, assault, coercion, or severe betrayal.",Can identify protective supports and choose recovery steps without assigning blame to the harmed person.,context_contingent,universally_relevant_as_literacy_but_conditionally_practiced,receptivity; interdependence; adaptation,self_report; qualified_assessment; artifact; observer_feedback; longitudinal_review,"Educational and developmental only; trauma, suicidality, abuse, psychosis, addiction, severe functional decline, and medical concerns require qualified professional or emergency support."
06,"Vulnerability, Trauma, Disability, Neurodiversity, and Dependency",06.04,Chronic illness adaptation,"Build a meaningful life around fluctuating symptoms, treatment, uncertainty, fatigue, and changed capacity.","Can plan with variable energy, communicate limits, and preserve identity beyond illness.",context_contingent,universally_relevant_as_literacy_but_conditionally_practiced,receptivity; interdependence; adaptation,self_report; qualified_assessment; artifact; observer_feedback; longitudinal_review,"Educational and developmental only; trauma, suicidality, abuse, psychosis, addiction, severe functional decline, and medical concerns require qualified professional or emergency support."
06,"Vulnerability, Trauma, Disability, Neurodiversity, and Dependency",06.05,Chronic pain and pain-related functioning,"Understand pain, pacing, fear avoidance, medical uncertainty, and the difference between cure, management, and adaptation.",Uses qualified care and a sustainable activity plan without interpreting pain as moral weakness.,context_contingent,universally_relevant_as_literacy_but_conditionally_practiced,receptivity; interdependence; adaptation,self_report; qualified_assessment; artifact; observer_feedback; longitudinal_review,"Educational and developmental only; trauma, suicidality, abuse, psychosis, addiction, severe functional decline, and medical concerns require qualified professional or emergency support."
06,"Vulnerability, Trauma, Disability, Neurodiversity, and Dependency",06.06,"Disability identity, access, and adaptive excellence","Understand disability through medical, social, and identity lenses; use accommodation without shame.","Can identify barriers, request access, and define excellence relative to real function and chosen values.",context_contingent,universally_relevant_as_literacy_but_conditionally_practiced,receptivity; interdependence; adaptation,self_report; qualified_assessment; artifact; observer_feedback; longitudinal_review,"Educational and developmental only; trauma, suicidality, abuse, psychosis, addiction, severe functional decline, and medical concerns require qualified professional or emergency support."
06,"Vulnerability, Trauma, Disability, Neurodiversity, and Dependency",06.07,Neurodiversity and cognitive variation,"Understand differences in attention, sensory processing, social communication, executive function, learning, and regulation.",Can design supports around a cognitive profile without romanticizing impairment or pathologizing all difference.,context_contingent,universally_relevant_as_literacy_but_conditionally_practiced,receptivity; interdependence; adaptation,self_report; qualified_assessment; artifact; observer_feedback; longitudinal_review,"Educational and developmental only; trauma, suicidality, abuse, psychosis, addiction, severe functional decline, and medical concerns require qualified professional or emergency support."
06,"Vulnerability, Trauma, Disability, Neurodiversity, and Dependency",06.08,Receiving care and seasons of reduced agency,"Practice being cared for during illness, injury, grief, unemployment, aging, or crisis while maintaining communication and consent.",Can accept appropriate dependence and participate in decisions to the extent possible.,context_contingent,universally_relevant_as_literacy_but_conditionally_practiced,receptivity; interdependence; adaptation,self_report; qualified_assessment; artifact; observer_feedback; longitudinal_review,"Educational and developmental only; trauma, suicidality, abuse, psychosis, addiction, severe functional decline, and medical concerns require qualified professional or emergency support."
06,"Vulnerability, Trauma, Disability, Neurodiversity, and Dependency",06.09,"Accommodation, assistive technology, and universal design","Use tools, environmental changes, communication supports, and accessible design to expand participation.",A concrete barrier is reduced through an accommodation or design change.,context_contingent,universally_relevant_as_literacy_but_conditionally_practiced,receptivity; interdependence; adaptation,self_report; qualified_assessment; artifact; observer_feedback; longitudinal_review,"Educational and developmental only; trauma, suicidality, abuse, psychosis, addiction, severe functional decline, and medical concerns require qualified professional or emergency support."
06,"Vulnerability, Trauma, Disability, Neurodiversity, and Dependency",06.10,Dignity under limitation and loss of role,"Separate human worth from independence, productivity, cognition, appearance, or social usefulness.",Can sustain self-respect and relationship when a valued ability or role is reduced.,context_contingent,universally_relevant_as_literacy_but_conditionally_practiced,receptivity; interdependence; adaptation,self_report; qualified_assessment; artifact; observer_feedback; longitudinal_review,"Educational and developmental only; trauma, suicidality, abuse, psychosis, addiction, severe functional decline, and medical concerns require qualified professional or emergency support."
06,"Vulnerability, Trauma, Disability, Neurodiversity, and Dependency",06.11,"Relapse, recurrence, and nonlinear recovery",Expect setbacks and fluctuating capacity without treating them as proof that all progress was false.,"Maintains a relapse or recurrence plan that includes support, reduced demands, and re-entry.",context_contingent,universally_relevant_as_literacy_but_conditionally_practiced,receptivity; interdependence; adaptation,self_report; qualified_assessment; artifact; observer_feedback; longitudinal_review,"Educational and developmental only; trauma, suicidality, abuse, psychosis, addiction, severe functional decline, and medical concerns require qualified professional or emergency support."
06,"Vulnerability, Trauma, Disability, Neurodiversity, and Dependency",06.12,Care-recipient agency and safeguarding,"Protect consent, privacy, voice, choice, and freedom from neglect or abuse when another person depends on care.","A care plan contains mechanisms for the dependent person's preferences, complaints, and protection.",context_contingent,universally_relevant_as_literacy_but_conditionally_practiced,receptivity; interdependence; adaptation,self_report; qualified_assessment; artifact; observer_feedback; longitudinal_review,"Educational and developmental only; trauma, suicidality, abuse, psychosis, addiction, severe functional decline, and medical concerns require qualified professional or emergency support."
06,"Vulnerability, Trauma, Disability, Neurodiversity, and Dependency",06.13,"Ableism, stigma, and inclusive participation","Recognize stereotypes, exclusion, inspiration narratives, inaccessible defaults, and discrimination.","Changes language, environment, policy, or behavior to increase equitable participation.",context_contingent,universally_relevant_as_literacy_but_conditionally_practiced,receptivity; interdependence; adaptation,self_report; qualified_assessment; artifact; observer_feedback; longitudinal_review,"Educational and developmental only; trauma, suicidality, abuse, psychosis, addiction, severe functional decline, and medical concerns require qualified professional or emergency support."
06,"Vulnerability, Trauma, Disability, Neurodiversity, and Dependency",06.14,Professional and emergency boundaries,"Know when trauma, suicidality, abuse, psychosis, addiction, severe functional decline, or medical symptoms exceed peer or self-help competence.",Uses qualified clinical or emergency resources promptly and does not substitute the curriculum for treatment.,context_contingent,universally_relevant_as_literacy_but_conditionally_practiced,receptivity; interdependence; adaptation,self_report; qualified_assessment; artifact; observer_feedback; longitudinal_review,"Educational and developmental only; trauma, suicidality, abuse, psychosis, addiction, severe functional decline, and medical concerns require qualified professional or emergency support."
07,"Emotional Maturity, Resilience, and Mental Well-Being",07.01,Emotional vocabulary and differentiation,"Name emotions, intensity, bodily sensations, triggers, meanings, and action urges with precision.","Can distinguish similar states such as anger, hurt, shame, fear, envy, grief, and exhaustion.",cross_context_core,cross_tradition_core_or_broadly_recurrent,agency; receptivity; interdependence,self_report; behavioral_adherence; observer_feedback; longitudinal_review,Not therapy or diagnosis; severe or persistent symptoms require qualified mental-health or medical care.
07,"Emotional Maturity, Resilience, and Mental Well-Being",07.02,Body-based emotional awareness,"Notice breathing, tension, temperature, energy, posture, pain, and activation before emotion becomes behavior.",Identifies early physiological signals and uses them to intervene sooner.,cross_context_core,cross_tradition_core_or_broadly_recurrent,agency; receptivity; interdependence,self_report; behavioral_adherence; observer_feedback; longitudinal_review,Not therapy or diagnosis; severe or persistent symptoms require qualified mental-health or medical care.
07,"Emotional Maturity, Resilience, and Mental Well-Being",07.03,The pause between feeling and action,"Use breath, grounding, movement, delay, prayer, writing, or consultation before consequential reactions.",Prevents a regrettable response without denying the underlying feeling or issue.,cross_context_core,cross_tradition_core_or_broadly_recurrent,agency; receptivity; interdependence,self_report; behavioral_adherence; observer_feedback; longitudinal_review,Not therapy or diagnosis; severe or persistent symptoms require qualified mental-health or medical care.
07,"Emotional Maturity, Resilience, and Mental Well-Being",07.04,Anxiety and courageous exposure,Approach worthwhile feared situations gradually while testing predictions and building tolerance.,Completes repeated exposures and compares feared outcomes with what actually occurred.,cross_context_core,cross_tradition_core_or_broadly_recurrent,agency; receptivity; interdependence,self_report; behavioral_adherence; observer_feedback; longitudinal_review,Not therapy or diagnosis; severe or persistent symptoms require qualified mental-health or medical care.
07,"Emotional Maturity, Resilience, and Mental Well-Being",07.05,Anger and assertive repair,"Distinguish violated values or boundaries from ego threat, reduce escalation, and communicate directly.","Expresses anger proportionately without intimidation, suppression, or passive aggression.",cross_context_core,cross_tradition_core_or_broadly_recurrent,agency; receptivity; interdependence,self_report; behavioral_adherence; observer_feedback; longitudinal_review,Not therapy or diagnosis; severe or persistent symptoms require qualified mental-health or medical care.
07,"Emotional Maturity, Resilience, and Mental Well-Being",07.06,"Sadness, grief, and loss","Allow sorrow, remembrance, ritual, support, changed expectations, and continued living.","Can name what was lost, what remains, and what must now be carried forward.",cross_context_core,cross_tradition_core_or_broadly_recurrent,agency; receptivity; interdependence,self_report; behavioral_adherence; observer_feedback; longitudinal_review,Not therapy or diagnosis; severe or persistent symptoms require qualified mental-health or medical care.
07,"Emotional Maturity, Resilience, and Mental Well-Being",07.07,"Shame, guilt, and remorse",Separate global self-condemnation from responsibility for specific behavior.,Uses guilt to repair conduct while refusing shame's claim that change is impossible.,cross_context_core,cross_tradition_core_or_broadly_recurrent,agency; receptivity; interdependence,self_report; behavioral_adherence; observer_feedback; longitudinal_review,Not therapy or diagnosis; severe or persistent symptoms require qualified mental-health or medical care.
07,"Emotional Maturity, Resilience, and Mental Well-Being",07.08,"Envy, jealousy, and comparison","Identify threatened needs, insecurity, admiration, scarcity beliefs, and possessiveness beneath comparison.","Converts comparison into gratitude, boundary setting, learning, or a chosen goal.",cross_context_core,cross_tradition_core_or_broadly_recurrent,agency; receptivity; interdependence,self_report; behavioral_adherence; observer_feedback; longitudinal_review,Not therapy or diagnosis; severe or persistent symptoms require qualified mental-health or medical care.
07,"Emotional Maturity, Resilience, and Mental Well-Being",07.09,Healthy emotional expression,"Communicate feelings and needs appropriately rather than leaking them through withdrawal, hostility, performance, or control.",Can disclose a difficult emotional truth to a trustworthy person with clarity and proportion.,cross_context_core,cross_tradition_core_or_broadly_recurrent,agency; receptivity; interdependence,self_report; behavioral_adherence; observer_feedback; longitudinal_review,Not therapy or diagnosis; severe or persistent symptoms require qualified mental-health or medical care.
07,"Emotional Maturity, Resilience, and Mental Well-Being",07.10,Self-compassion with standards,"Respond to suffering and failure with care while preserving accountability, effort, and consequences.",The internal response supports repair and renewed action rather than indulgence or punishment.,cross_context_core,cross_tradition_core_or_broadly_recurrent,agency; receptivity; interdependence,self_report; behavioral_adherence; observer_feedback; longitudinal_review,Not therapy or diagnosis; severe or persistent symptoms require qualified mental-health or medical care.
07,"Emotional Maturity, Resilience, and Mental Well-Being",07.11,"Hope, optimism, joy, and contentment","Cultivate realistic hope, receptivity to joy, appreciation, and enoughness without denying hardship or ambition.",Can identify present goods and future possibilities while facing unpleasant facts.,cross_context_core,cross_tradition_core_or_broadly_recurrent,agency; receptivity; interdependence,self_report; behavioral_adherence; observer_feedback; longitudinal_review,Not therapy or diagnosis; severe or persistent symptoms require qualified mental-health or medical care.
07,"Emotional Maturity, Resilience, and Mental Well-Being",07.12,Resilience and post-setback adaptation,"Separate facts, responsibility, lessons, support, recovery, and the next experiment after failure or disruption.",A setback produces a concrete adjustment and renewed attempt.,cross_context_core,cross_tradition_core_or_broadly_recurrent,agency; receptivity; interdependence,self_report; behavioral_adherence; observer_feedback; longitudinal_review,Not therapy or diagnosis; severe or persistent symptoms require qualified mental-health or medical care.
07,"Emotional Maturity, Resilience, and Mental Well-Being",07.13,Mental-health literacy and help-seeking,"Recognize the limits of self-help and signs requiring medical, psychological, spiritual, legal, or emergency support.",Maintains a practical support plan and uses qualified help when functioning or safety is impaired.,cross_context_core,cross_tradition_core_or_broadly_recurrent,agency; receptivity; interdependence,self_report; behavioral_adherence; observer_feedback; longitudinal_review,Not therapy or diagnosis; severe or persistent symptoms require qualified mental-health or medical care.
07,"Emotional Maturity, Resilience, and Mental Well-Being",07.14,Chronic dysregulation and skill generalization,"Practice regulation skills across different triggers, relationships, stress levels, and environments rather than only under ideal conditions.",Can use more than one strategy in real situations and identify when a strategy stops working.,cross_context_core,cross_tradition_core_or_broadly_recurrent,agency; receptivity; interdependence,self_report; behavioral_adherence; observer_feedback; longitudinal_review,Not therapy or diagnosis; severe or persistent symptoms require qualified mental-health or medical care.
08,"Attention, Desire, Temperance, and Discipline",08.01,Attention audit,"Track where attention goes across devices, entertainment, work, relationships, rumination, and deliberate practice.",Can identify major attention leaks and redesign at least one recurring environment.,cross_context_core,cross_tradition_core_or_broadly_recurrent,agency; receptivity,behavioral_adherence; artifact; objective_indicator; longitudinal_review,
08,"Attention, Desire, Temperance, and Discipline",08.02,Mindfulness and present attention,"Attend to the current task, body, person, or environment without constant drift into past, future, or stimulation.",Completes regular periods of sustained presence and catches distraction earlier.,cross_context_core,cross_tradition_core_or_broadly_recurrent,agency; receptivity,behavioral_adherence; artifact; objective_indicator; longitudinal_review,
08,"Attention, Desire, Temperance, and Discipline",08.03,Impulse control,"Delay speech, spending, eating, sex, anger, quitting, and novelty seeking long enough to choose deliberately.",Can resist or redirect a strong impulse for a reason consciously endorsed.,cross_context_core,cross_tradition_core_or_broadly_recurrent,agency; receptivity,behavioral_adherence; artifact; objective_indicator; longitudinal_review,
08,"Attention, Desire, Temperance, and Discipline",08.04,"Desire, craving, and lust","Observe how desire narrows attention, distorts judgment, and treats persons or goods as instruments.",Can experience desire without compulsory action or dehumanization.,cross_context_core,cross_tradition_core_or_broadly_recurrent,agency; receptivity,behavioral_adherence; artifact; objective_indicator; longitudinal_review,
08,"Attention, Desire, Temperance, and Discipline",08.05,Tolerance of discomfort,"Remain present with boredom, uncertainty, frustration, embarrassment, fatigue, craving, and temporary pain.",Completes worthwhile action while discomfort is present and reviews what was learned.,cross_context_core,cross_tradition_core_or_broadly_recurrent,agency; receptivity,behavioral_adherence; artifact; objective_indicator; longitudinal_review,
08,"Attention, Desire, Temperance, and Discipline",08.06,Action independent of motivation,"Begin necessary work at a chosen time without waiting to feel inspired, confident, or energetic.",Demonstrates repeated starts under low motivation.,cross_context_core,cross_tradition_core_or_broadly_recurrent,agency; receptivity,behavioral_adherence; artifact; objective_indicator; longitudinal_review,
08,"Attention, Desire, Temperance, and Discipline",08.07,Habit and environment design,"Use cues, defaults, friction, accountability, checklists, and physical layout to support chosen behavior.",A recurring behavior becomes more reliable because the environment now carries part of the burden.,cross_context_core,cross_tradition_core_or_broadly_recurrent,agency; receptivity,behavioral_adherence; artifact; objective_indicator; longitudinal_review,
08,"Attention, Desire, Temperance, and Discipline",08.08,Consistency and minimum standards,Define a viable minimum for difficult days while preserving a higher standard for normal conditions.,Maintains continuity without pretending minimal effort equals full performance.,cross_context_core,cross_tradition_core_or_broadly_recurrent,agency; receptivity,behavioral_adherence; artifact; objective_indicator; longitudinal_review,
08,"Attention, Desire, Temperance, and Discipline",08.09,Voluntary restraint and hardship,"Use safe fasting, simplicity, silence, difficult training, abstinence, or reduced comfort to strengthen freedom and gratitude.","The practice produces greater choice and humility rather than injury, pride, or obsession.",cross_context_core,cross_tradition_core_or_broadly_recurrent,agency; receptivity,behavioral_adherence; artifact; objective_indicator; longitudinal_review,
08,"Attention, Desire, Temperance, and Discipline",08.10,Completion and perseverance,"Limit simultaneous commitments, define done, work through plateaus, and close or consciously terminate open loops.","Finishes a meaningful commitment despite boredom or difficulty, or ends it for a reasoned cause.",cross_context_core,cross_tradition_core_or_broadly_recurrent,agency; receptivity,behavioral_adherence; artifact; objective_indicator; longitudinal_review,
08,"Attention, Desire, Temperance, and Discipline",08.11,Discipline without domination or purity,"Use structure and restraint as tools for freedom while avoiding self-hatred, compulsive control, and moral superiority.","Can relax or revise a discipline when it no longer serves health, duty, or meaning.",cross_context_core,cross_tradition_core_or_broadly_recurrent,agency; receptivity,behavioral_adherence; artifact; objective_indicator; longitudinal_review,
09,"Reasoning, Science, Truth, and Decision-Making",09.01,Observation versus interpretation,"Separate events and evidence from assumptions, stories, emotions, motives, predictions, and conclusions.","Can rewrite a disputed situation into facts, interpretations, and unknowns.",cross_context_core,cross_tradition_core_or_broadly_recurrent,agency; stewardship,conceptual_explanation; artifact; performance_task; longitudinal_review,
09,"Reasoning, Science, Truth, and Decision-Making",09.02,Logic and argument structure,"Understand premises, conclusions, validity, soundness, contradiction, inference, fallacy, and burden of proof.",Can reconstruct and evaluate an argument rather than reacting only to its conclusion.,cross_context_core,cross_tradition_core_or_broadly_recurrent,agency; stewardship,conceptual_explanation; artifact; performance_task; longitudinal_review,
09,"Reasoning, Science, Truth, and Decision-Making",09.03,Cognitive and motivational bias,"Recognize confirmation, availability, anchoring, sunk cost, overconfidence, tribal reasoning, and self-serving bias.",Identifies a bias in a real choice and changes the decision process accordingly.,cross_context_core,cross_tradition_core_or_broadly_recurrent,agency; stewardship,conceptual_explanation; artifact; performance_task; longitudinal_review,
09,"Reasoning, Science, Truth, and Decision-Making",09.04,Source and evidence evaluation,"Assess expertise, incentives, methodology, sample quality, replication, uncertainty, and competing explanations.",Produces a calibrated confidence judgment rather than reflexive acceptance or dismissal.,cross_context_core,cross_tradition_core_or_broadly_recurrent,agency; stewardship,conceptual_explanation; artifact; performance_task; longitudinal_review,
09,"Reasoning, Science, Truth, and Decision-Making",09.05,Epistemic humility,"State confidence levels, assumptions, unknowns, limitations, and what would change a belief.","Updates a meaningful belief without humiliation, evasion, or pretending the prior view was never held.",cross_context_core,cross_tradition_core_or_broadly_recurrent,agency; stewardship,conceptual_explanation; artifact; performance_task; longitudinal_review,
09,"Reasoning, Science, Truth, and Decision-Making",09.06,Probabilistic and scenario thinking,"Use ranges, likelihoods, base rates, scenarios, sensitivity, and expected value instead of binary predictions.","Makes forecasts, records them, and later evaluates calibration.",cross_context_core,cross_tradition_core_or_broadly_recurrent,agency; stewardship,conceptual_explanation; artifact; performance_task; longitudinal_review,
09,"Reasoning, Science, Truth, and Decision-Making",09.07,Systems and causal reasoning,"Map components, interfaces, feedback loops, delays, incentives, unintended effects, and second-order consequences.",Explains why a system behaves as it does and identifies leverage points or failure modes.,cross_context_core,cross_tradition_core_or_broadly_recurrent,agency; stewardship,conceptual_explanation; artifact; performance_task; longitudinal_review,
09,"Reasoning, Science, Truth, and Decision-Making",09.08,Root-cause problem solving,"Define the problem, distinguish symptoms from causes, gather evidence, test hypotheses, and verify improvement.",A recurring problem improves through a documented causal process.,cross_context_core,cross_tradition_core_or_broadly_recurrent,agency; stewardship,conceptual_explanation; artifact; performance_task; longitudinal_review,
09,"Reasoning, Science, Truth, and Decision-Making",09.09,Tradeoffs and opportunity cost,"Compare alternatives across benefits, costs, reversibility, time, risk, affected parties, and foregone options.",Can justify a choice while naming what was sacrificed.,cross_context_core,cross_tradition_core_or_broadly_recurrent,agency; stewardship,conceptual_explanation; artifact; performance_task; longitudinal_review,
09,"Reasoning, Science, Truth, and Decision-Making",09.10,Risk assessment and precaution,"Estimate severity, likelihood, exposure, detectability, controllability, and mitigation without demanding zero risk.",Uses proportionate safeguards and avoids both recklessness and paralysis.,cross_context_core,cross_tradition_core_or_broadly_recurrent,agency; stewardship,conceptual_explanation; artifact; performance_task; longitudinal_review,
09,"Reasoning, Science, Truth, and Decision-Making",09.11,Practical wisdom and context,"Apply principles with sensitivity to timing, role, relationship, capability, culture, and exceptional circumstances.",Can explain why similar rules may require different actions in materially different cases.,cross_context_core,cross_tradition_core_or_broadly_recurrent,agency; stewardship,conceptual_explanation; artifact; performance_task; longitudinal_review,
09,"Reasoning, Science, Truth, and Decision-Making",09.12,Decision records and updating,"Document important choices, predictions, assumptions, dissent, review dates, and outcomes.",Uses past decisions to improve judgment rather than rewrite memory around results.,cross_context_core,cross_tradition_core_or_broadly_recurrent,agency; stewardship,conceptual_explanation; artifact; performance_task; longitudinal_review,
09,"Reasoning, Science, Truth, and Decision-Making",09.13,Statistical literacy,"Understand distributions, sampling, uncertainty, correlation, effect size, regression, base rates, and misleading presentation.",Can interpret a common statistical claim and identify what the data do and do not establish.,cross_context_core,cross_tradition_core_or_broadly_recurrent,agency; stewardship,conceptual_explanation; artifact; performance_task; longitudinal_review,
09,"Reasoning, Science, Truth, and Decision-Making",09.14,Scientific reasoning and research design,"Understand hypotheses, measurement, controls, confounding, replication, peer review, and limits of inference.",Can critique a study design and propose a better test of the claim.,cross_context_core,cross_tradition_core_or_broadly_recurrent,agency; stewardship,conceptual_explanation; artifact; performance_task; longitudinal_review,
09,"Reasoning, Science, Truth, and Decision-Making",09.15,Causal inference and intervention logic,"Distinguish association from cause and examine mechanisms, counterfactuals, selection effects, and unintended consequences.",Can explain why an observed relationship may or may not support an intervention.,cross_context_core,cross_tradition_core_or_broadly_recurrent,agency; stewardship,conceptual_explanation; artifact; performance_task; longitudinal_review,
09,"Reasoning, Science, Truth, and Decision-Making",09.16,"Models, simulations, and abstraction limits","Use models as purposeful simplifications while tracking assumptions, sensitivity, validation, and domains of failure.",Can state what a model omits and identify evidence that would make it unreliable.,cross_context_core,cross_tradition_core_or_broadly_recurrent,agency; stewardship,conceptual_explanation; artifact; performance_task; longitudinal_review,
09,"Reasoning, Science, Truth, and Decision-Making",09.17,Adversarial reasoning and information operations,"Recognize propaganda, deception, selective evidence, narrative warfare, coordinated manipulation, and strategic ambiguity.",Can analyze likely incentives and verify a consequential claim through independent channels.,cross_context_core,cross_tradition_core_or_broadly_recurrent,agency; stewardship,conceptual_explanation; artifact; performance_task; longitudinal_review,
10,"Learning, Memory, Curiosity, Apprenticeship, and Teaching",10.01,The science of learning,"Use retrieval, spacing, interleaving, elaboration, examples, sleep, and feedback rather than passive exposure alone.",Demonstrates retention and transfer after delay.,cross_context_core,cross_tradition_core_or_broadly_recurrent,agency; interdependence; stewardship,performance_task; artifact; observer_feedback; longitudinal_review,
10,"Learning, Memory, Curiosity, Apprenticeship, and Teaching",10.02,Deliberate practice,"Isolate weak components, work at the edge of competence, obtain feedback, repeat, and increase difficulty.",A measurable skill improves through structured practice rather than mere time spent.,cross_context_core,cross_tradition_core_or_broadly_recurrent,agency; interdependence; stewardship,performance_task; artifact; observer_feedback; longitudinal_review,
10,"Learning, Memory, Curiosity, Apprenticeship, and Teaching",10.03,Curiosity and question formation,"Turn confusion, observation, and contradiction into precise questions worth investigating.",Maintains a question backlog and resolves or refines questions through inquiry.,cross_context_core,cross_tradition_core_or_broadly_recurrent,agency; interdependence; stewardship,performance_task; artifact; observer_feedback; longitudinal_review,
10,"Learning, Memory, Curiosity, Apprenticeship, and Teaching",10.04,Research and information gathering,"Search broadly, locate primary and expert sources, compare perspectives, and document provenance.",Produces a research summary whose claims can be traced and checked.,cross_context_core,cross_tradition_core_or_broadly_recurrent,agency; interdependence; stewardship,performance_task; artifact; observer_feedback; longitudinal_review,
10,"Learning, Memory, Curiosity, Apprenticeship, and Teaching",10.05,Knowledge organization and notes,"Capture, compress, connect, retrieve, and revise information in a sustainable system.",Can find and reuse prior knowledge when solving a new problem.,cross_context_core,cross_tradition_core_or_broadly_recurrent,agency; interdependence; stewardship,performance_task; artifact; observer_feedback; longitudinal_review,
10,"Learning, Memory, Curiosity, Apprenticeship, and Teaching",10.06,Memory and recall,"Train working memory appropriately and use mnemonics, retrieval cues, stories, and spaced review for long-term memory.",Recalls relevant knowledge without depending entirely on recognition or external lookup.,cross_context_core,cross_tradition_core_or_broadly_recurrent,agency; interdependence; stewardship,performance_task; artifact; observer_feedback; longitudinal_review,
10,"Learning, Memory, Curiosity, Apprenticeship, and Teaching",10.07,Skill decomposition and progression,"Break complex abilities into prerequisites, components, milestones, exercises, and integration challenges.",Can design a learning path that exposes dependencies and measurable progression.,cross_context_core,cross_tradition_core_or_broadly_recurrent,agency; interdependence; stewardship,performance_task; artifact; observer_feedback; longitudinal_review,
10,"Learning, Memory, Curiosity, Apprenticeship, and Teaching",10.08,Feedback and error correction,"Make errors visible early through testing, critique, rehearsal, instrumentation, and comparison to standards.",A learning process changes because feedback revealed a specific weakness.,cross_context_core,cross_tradition_core_or_broadly_recurrent,agency; interdependence; stewardship,performance_task; artifact; observer_feedback; longitudinal_review,
10,"Learning, Memory, Curiosity, Apprenticeship, and Teaching",10.09,Independent learning and resourcefulness,"Learn without needing continuous instruction while still using experts, records, and communities intelligently.","Can enter an unfamiliar subject, build a plan, and produce competent initial work.",cross_context_core,cross_tradition_core_or_broadly_recurrent,agency; interdependence; stewardship,performance_task; artifact; observer_feedback; longitudinal_review,
10,"Learning, Memory, Curiosity, Apprenticeship, and Teaching",10.10,Teaching and explanation,"Adapt examples, sequence, language, practice, and feedback to another person's knowledge and needs.","Another person can apply what was taught, and confusion leads to a revised explanation.",cross_context_core,cross_tradition_core_or_broadly_recurrent,agency; interdependence; stewardship,performance_task; artifact; observer_feedback; longitudinal_review,
10,"Learning, Memory, Curiosity, Apprenticeship, and Teaching",10.11,Breadth and interdisciplinary literacy,"Build foundational literacy in science, history, technology, economics, humanities, arts, and society.",Can connect ideas across fields without pretending superficial exposure is expertise.,cross_context_core,cross_tradition_core_or_broadly_recurrent,agency; interdependence; stewardship,performance_task; artifact; observer_feedback; longitudinal_review,
10,"Learning, Memory, Curiosity, Apprenticeship, and Teaching",10.12,Apprenticeship and tacit knowledge,"Learn through observation, imitation, guided participation, correction, and immersion in a community of practice.",Can perform a skill whose crucial judgment could not be learned from written instructions alone.,cross_context_core,cross_tradition_core_or_broadly_recurrent,agency; interdependence; stewardship,performance_task; artifact; observer_feedback; longitudinal_review,
10,"Learning, Memory, Curiosity, Apprenticeship, and Teaching",10.13,Communal and intergenerational knowledge transmission,"Preserve stories, practices, craft, local knowledge, and institutional memory through relationships and participation.",Documents or teaches knowledge that would otherwise be lost and verifies it with experienced holders.,cross_context_core,cross_tradition_core_or_broadly_recurrent,agency; interdependence; stewardship,performance_task; artifact; observer_feedback; longitudinal_review,
10,"Learning, Memory, Curiosity, Apprenticeship, and Teaching",10.14,Accessible and differentiated learning,"Adapt pace, medium, environment, instruction, and assessment for different abilities, languages, and cognitive profiles.",A learner improves because barriers were reduced without abandoning the real standard.,cross_context_core,cross_tradition_core_or_broadly_recurrent,agency; interdependence; stewardship,performance_task; artifact; observer_feedback; longitudinal_review,
11,"Time, Priorities, Goals, and Execution",11.01,Time and energy audit,Measure how time and usable energy are actually spent rather than relying on impression.,Can identify mismatches between stated priorities and lived allocation.,cross_context_core,cross_tradition_core_or_broadly_recurrent,agency; stewardship,artifact; behavioral_adherence; objective_indicator; longitudinal_review,
11,"Time, Priorities, Goals, and Execution",11.02,Priority hierarchy,"Rank obligations, relationships, projects, maintenance, growth, and leisure using explicit criteria.",Can decide what receives attention first and what will intentionally wait.,cross_context_core,cross_tradition_core_or_broadly_recurrent,agency; stewardship,artifact; behavioral_adherence; objective_indicator; longitudinal_review,
11,"Time, Priorities, Goals, and Execution",11.03,Goal definition and success criteria,"Translate aspirations into specific outcomes, constraints, measures, and reasons.",A goal is clear enough to know whether it was achieved and whether it remains worth pursuing.,cross_context_core,cross_tradition_core_or_broadly_recurrent,agency; stewardship,artifact; behavioral_adherence; objective_indicator; longitudinal_review,
11,"Time, Priorities, Goals, and Execution",11.04,Milestones and task decomposition,"Break outcomes into dependencies, stages, next actions, and checkpoints.",A complex goal can be started immediately and its progress can be inspected.,cross_context_core,cross_tradition_core_or_broadly_recurrent,agency; stewardship,artifact; behavioral_adherence; objective_indicator; longitudinal_review,
11,"Time, Priorities, Goals, and Execution",11.05,Scheduling and realistic capacity,"Allocate time using duration, energy, buffers, recovery, and competing responsibilities.",Plans survive normal interruption because they reflect actual capacity.,cross_context_core,cross_tradition_core_or_broadly_recurrent,agency; stewardship,artifact; behavioral_adherence; objective_indicator; longitudinal_review,
11,"Time, Priorities, Goals, and Execution",11.06,Project and workflow management,"Track scope, ownership, dependencies, risk, decisions, status, and definition of done.",A multi-step project reaches completion with fewer hidden surprises and abandoned threads.,cross_context_core,cross_tradition_core_or_broadly_recurrent,agency; stewardship,artifact; behavioral_adherence; objective_indicator; longitudinal_review,
11,"Time, Priorities, Goals, and Execution",11.07,Pacing and sustainable intensity,"Match effort to urgency, duration, health, quality, and the importance of the outcome.","Can sprint, maintain, or recover deliberately rather than using one pace for everything.",cross_context_core,cross_tradition_core_or_broadly_recurrent,agency; stewardship,artifact; behavioral_adherence; objective_indicator; longitudinal_review,
11,"Time, Priorities, Goals, and Execution",11.08,Follow-through and accountability,"Review commitments, communicate risk early, and complete or renegotiate what was promised.",Others and future self can reliably plan around commitments.,cross_context_core,cross_tradition_core_or_broadly_recurrent,agency; stewardship,artifact; behavioral_adherence; objective_indicator; longitudinal_review,
11,"Time, Priorities, Goals, and Execution",11.09,"Review, measurement, and adaptation","Compare outcomes with plans, identify causes, and revise methods rather than merely judging success or failure.",Regular reviews produce decisions and changed behavior.,cross_context_core,cross_tradition_core_or_broadly_recurrent,agency; stewardship,artifact; behavioral_adherence; objective_indicator; longitudinal_review,
11,"Time, Priorities, Goals, and Execution",11.10,Saying no and ending responsibly,"Decline low-value demands, release obsolete goals, and close projects or relationships cleanly.","Attention is reclaimed without leaving unnecessary confusion, guilt, or neglected obligations.",cross_context_core,cross_tradition_core_or_broadly_recurrent,agency; stewardship,artifact; behavioral_adherence; objective_indicator; longitudinal_review,
12,"Physical Health, Fitness, and Embodiment",12.01,Health literacy and preventive care,"Understand screening, symptoms, medications, vaccination, dental care, sexual health, and how to work with clinicians.",Maintains appropriate preventive care and seeks qualified evaluation when warranted.,cross_context_core,cross_tradition_core_or_broadly_recurrent,agency; adaptation; stewardship,objective_indicator; behavioral_adherence; qualified_assessment; longitudinal_review,Health and exercise content must be adapted to the person and does not replace licensed medical care.
12,"Physical Health, Fitness, and Embodiment",12.02,Sleep and circadian health,"Manage schedule, light, caffeine, environment, stress, and recovery to support sufficient sleep.","Sleep is regular enough to support cognition, mood, and physical function.",cross_context_core,cross_tradition_core_or_broadly_recurrent,agency; adaptation; stewardship,objective_indicator; behavioral_adherence; qualified_assessment; longitudinal_review,Health and exercise content must be adapted to the person and does not replace licensed medical care.
12,"Physical Health, Fitness, and Embodiment",12.03,Nutrition fundamentals,"Understand energy balance, protein, fiber, micronutrients, hydration, food quality, allergies, and individual constraints.",Maintains a practical eating pattern without fad dependence or obsessive control.,cross_context_core,cross_tradition_core_or_broadly_recurrent,agency; adaptation; stewardship,objective_indicator; behavioral_adherence; qualified_assessment; longitudinal_review,Health and exercise content must be adapted to the person and does not replace licensed medical care.
12,"Physical Health, Fitness, and Embodiment",12.04,Food relationship and body image,"Separate nourishment and health from shame, comparison, compulsive control, or status.",Can pursue health and appearance goals without degrading dignity or creating harmful behavior.,cross_context_core,cross_tradition_core_or_broadly_recurrent,agency; adaptation; stewardship,objective_indicator; behavioral_adherence; qualified_assessment; longitudinal_review,Health and exercise content must be adapted to the person and does not replace licensed medical care.
12,"Physical Health, Fitness, and Embodiment",12.05,Strength and muscular capability,Train major movement patterns progressively with sound technique and recovery.,Demonstrates measurable strength improvement without avoidable injury.,cross_context_core,cross_tradition_core_or_broadly_recurrent,agency; adaptation; stewardship,objective_indicator; behavioral_adherence; qualified_assessment; longitudinal_review,Health and exercise content must be adapted to the person and does not replace licensed medical care.
12,"Physical Health, Fitness, and Embodiment",12.06,Cardiovascular endurance,"Develop aerobic base, higher-intensity capacity, and recovery appropriate to health and goals.",Can sustain and recover from meaningful cardiovascular effort.,cross_context_core,cross_tradition_core_or_broadly_recurrent,agency; adaptation; stewardship,objective_indicator; behavioral_adherence; qualified_assessment; longitudinal_review,Health and exercise content must be adapted to the person and does not replace licensed medical care.
12,"Physical Health, Fitness, and Embodiment",12.07,"Mobility, flexibility, and joint capacity","Maintain usable range of motion, tissue tolerance, balance, and stability.",Moves through required daily and recreational ranges with control and minimal limitation.,cross_context_core,cross_tradition_core_or_broadly_recurrent,agency; adaptation; stewardship,objective_indicator; behavioral_adherence; qualified_assessment; longitudinal_review,Health and exercise content must be adapted to the person and does not replace licensed medical care.
12,"Physical Health, Fitness, and Embodiment",12.08,"Power, speed, coordination, and agility","Train rapid force, reaction, movement skill, and coordination where appropriate.",Performs chosen athletic or practical movements with improving control and efficiency.,cross_context_core,cross_tradition_core_or_broadly_recurrent,agency; adaptation; stewardship,objective_indicator; behavioral_adherence; qualified_assessment; longitudinal_review,Health and exercise content must be adapted to the person and does not replace licensed medical care.
12,"Physical Health, Fitness, and Embodiment",12.09,Body composition and metabolic health,"Understand weight change, muscle, fat, waist, blood markers, and sustainable methods.",Uses health and performance evidence rather than appearance alone to guide change.,cross_context_core,cross_tradition_core_or_broadly_recurrent,agency; adaptation; stewardship,objective_indicator; behavioral_adherence; qualified_assessment; longitudinal_review,Health and exercise content must be adapted to the person and does not replace licensed medical care.
12,"Physical Health, Fitness, and Embodiment",12.10,"Recovery, fatigue, and injury prevention","Distinguish productive stress from overtraining, pain, illness, and structural injury.","Adjusts load, sleep, nutrition, and care before temporary strain becomes lasting damage.",cross_context_core,cross_tradition_core_or_broadly_recurrent,agency; adaptation; stewardship,objective_indicator; behavioral_adherence; qualified_assessment; longitudinal_review,Health and exercise content must be adapted to the person and does not replace licensed medical care.
12,"Physical Health, Fitness, and Embodiment",12.11,Substances and altered states,"Understand alcohol, nicotine, recreational drugs, performance drugs, and medication risks without moral panic or naïveté.",Makes informed choices and seeks help if use becomes unsafe or compulsive.,cross_context_core,cross_tradition_core_or_broadly_recurrent,agency; adaptation; stewardship,objective_indicator; behavioral_adherence; qualified_assessment; longitudinal_review,Health and exercise content must be adapted to the person and does not replace licensed medical care.
12,"Physical Health, Fitness, and Embodiment",12.12,Bodily autonomy and personal boundaries,"Protect consent, privacy, touch, medical choice, and freedom from coercion or exploitation.",Can state and enforce bodily boundaries while respecting the same rights in others.,cross_context_core,cross_tradition_core_or_broadly_recurrent,agency; adaptation; stewardship,objective_indicator; behavioral_adherence; qualified_assessment; longitudinal_review,Health and exercise content must be adapted to the person and does not replace licensed medical care.
12,"Physical Health, Fitness, and Embodiment",12.13,"Grooming, dress, and presentation","Maintain hygiene, clothing, posture, and appearance appropriate to health, context, identity, and respect.",Presentation supports dignity and purpose without becoming the basis of worth.,cross_context_core,cross_tradition_core_or_broadly_recurrent,agency; adaptation; stewardship,objective_indicator; behavioral_adherence; qualified_assessment; longitudinal_review,Health and exercise content must be adapted to the person and does not replace licensed medical care.
12,"Physical Health, Fitness, and Embodiment",12.14,Functional aging and lifelong movement,"Train for independence, bone health, balance, carrying, getting up, mobility, and continued participation over decades.","Current habits explicitly protect future function, not only short-term performance.",cross_context_core,cross_tradition_core_or_broadly_recurrent,agency; adaptation; stewardship,objective_indicator; behavioral_adherence; qualified_assessment; longitudinal_review,Health and exercise content must be adapted to the person and does not replace licensed medical care.
12,"Physical Health, Fitness, and Embodiment",12.15,Adaptive movement and fitness,"Modify physical activity for disability, chronic illness, pregnancy, aging, injury, environment, and changing capacity.","Maintains safe, meaningful movement using qualified guidance and individualized progression.",cross_context_core,cross_tradition_core_or_broadly_recurrent,agency; adaptation; stewardship,objective_indicator; behavioral_adherence; qualified_assessment; longitudinal_review,Health and exercise content must be adapted to the person and does not replace licensed medical care.
12,"Physical Health, Fitness, and Embodiment",12.16,Pain literacy and safe response,"Distinguish soreness, acute injury, chronic pain, referred symptoms, red flags, and fear-driven avoidance.",Uses appropriate load modification and professional evaluation rather than reckless persistence or total withdrawal.,cross_context_core,cross_tradition_core_or_broadly_recurrent,agency; adaptation; stewardship,objective_indicator; behavioral_adherence; qualified_assessment; longitudinal_review,Health and exercise content must be adapted to the person and does not replace licensed medical care.
13,"Domestic Competence, Infrastructure, and Material Life",13.01,Independent-living administration,"Manage appointments, records, mail, identification, subscriptions, deadlines, forms, and recurring obligations.","Essential life administration is current, searchable, and not dependent on crisis.",context_sensitive,cross_tradition_core_or_broadly_recurrent,agency; stewardship; adaptation,performance_task; artifact; objective_indicator; observer_feedback,
13,"Domestic Competence, Infrastructure, and Material Life",13.02,Home organization and maintenance systems,"Track the condition, inventory, routines, and preventive needs of a living space.",The home remains functional because upkeep happens before visible failure.,context_sensitive,cross_tradition_core_or_broadly_recurrent,agency; stewardship; adaptation,performance_task; artifact; objective_indicator; observer_feedback,
13,"Domestic Competence, Infrastructure, and Material Life",13.03,"Cleaning, sanitation, and waste","Understand soils, surfaces, products, contamination, ventilation, disposal, and safe cleaning methods.","Can maintain a hygienic home without damaging people, materials, or the environment.",context_sensitive,cross_tradition_core_or_broadly_recurrent,agency; stewardship; adaptation,performance_task; artifact; objective_indicator; observer_feedback,
13,"Domestic Competence, Infrastructure, and Material Life",13.04,Laundry and clothing care,"Wash, dry, store, mend, alter, and preserve clothing and textiles.","Clothing remains clean, serviceable, and appropriately repaired.",context_sensitive,cross_tradition_core_or_broadly_recurrent,agency; stewardship; adaptation,performance_task; artifact; objective_indicator; observer_feedback,
13,"Domestic Competence, Infrastructure, and Material Life",13.05,Cooking fundamentals,"Use knives, heat, seasoning, timing, mise en place, and core cooking methods safely.","Can prepare varied, nourishing meals without total dependence on recipes or prepared food.",context_sensitive,cross_tradition_core_or_broadly_recurrent,agency; stewardship; adaptation,performance_task; artifact; objective_indicator; observer_feedback,
13,"Domestic Competence, Infrastructure, and Material Life",13.06,Baking and food chemistry,"Understand ratios, gluten, leavening, temperature, emulsions, and measurement.",Can execute and troubleshoot foundational baked goods.,context_sensitive,cross_tradition_core_or_broadly_recurrent,agency; stewardship; adaptation,performance_task; artifact; objective_indicator; observer_feedback,
13,"Domestic Competence, Infrastructure, and Material Life",13.07,"Meal planning, shopping, and food storage","Plan around nutrition, budget, time, waste, shelf life, and household preferences.",Maintains an efficient food system with minimal avoidable waste.,context_sensitive,cross_tradition_core_or_broadly_recurrent,agency; stewardship; adaptation,performance_task; artifact; objective_indicator; observer_feedback,
13,"Domestic Competence, Infrastructure, and Material Life",13.08,Basic tools and household repair,"Use hand and power tools, fasteners, measurement, patching, assembly, and safe troubleshooting.",Can complete minor repairs and recognize when licensed expertise is required.,context_sensitive,cross_tradition_core_or_broadly_recurrent,agency; stewardship; adaptation,performance_task; artifact; objective_indicator; observer_feedback,
13,"Domestic Competence, Infrastructure, and Material Life",13.09,Mechanical and vehicle literacy,"Understand basic machines, vehicle systems, inspections, routine service, and warning signs.",Can maintain essential equipment and communicate intelligently with a technician.,context_sensitive,cross_tradition_core_or_broadly_recurrent,agency; stewardship; adaptation,performance_task; artifact; objective_indicator; observer_feedback,
13,"Domestic Competence, Infrastructure, and Material Life",13.10,Utilities and household systems,"Understand electrical, plumbing, HVAC, water, internet, and appliance basics.","Can isolate common problems, shut systems down safely, and obtain appropriate help.",context_sensitive,cross_tradition_core_or_broadly_recurrent,agency; stewardship; adaptation,performance_task; artifact; objective_indicator; observer_feedback,
13,"Domestic Competence, Infrastructure, and Material Life",13.11,Gardening and plant care,"Understand soil, light, water, nutrients, pests, seasons, and plant selection.",Can sustain plants or a small growing system through a full cycle.,context_sensitive,cross_tradition_core_or_broadly_recurrent,agency; stewardship; adaptation,performance_task; artifact; objective_indicator; observer_feedback,
13,"Domestic Competence, Infrastructure, and Material Life",13.12,Resource maintenance and repair culture,"Choose durable goods, maintain them, repair when sensible, and understand lifecycle cost.",Possessions last longer and serve their purpose with less waste and replacement.,context_sensitive,cross_tradition_core_or_broadly_recurrent,agency; stewardship; adaptation,performance_task; artifact; objective_indicator; observer_feedback,
13,"Domestic Competence, Infrastructure, and Material Life",13.13,Hospitality and a functional living environment,"Create a home that supports rest, work, health, welcome, privacy, and care.",The environment reliably serves household needs and can receive others with dignity.,context_sensitive,cross_tradition_core_or_broadly_recurrent,agency; stewardship; adaptation,performance_task; artifact; objective_indicator; observer_feedback,
13,"Domestic Competence, Infrastructure, and Material Life",13.14,"Housing, tenancy, and basic property literacy","Understand leases, mortgages, inspections, deposits, utilities, maintenance responsibility, habitability, and local assistance.","Can identify rights, obligations, costs, and escalation paths in a housing problem.",context_sensitive,cross_tradition_core_or_broadly_recurrent,agency; stewardship; adaptation,performance_task; artifact; objective_indicator; observer_feedback,
13,"Domestic Competence, Infrastructure, and Material Life",13.15,Domestic life under scarcity or instability,"Prioritize hygiene, food, safety, storage, transportation, and documents when money, housing, time, or utilities are insecure.",Can create a realistic minimum-function plan that uses available community and public supports.,context_sensitive,cross_tradition_core_or_broadly_recurrent,agency; stewardship; adaptation,performance_task; artifact; objective_indicator; observer_feedback,
13,"Domestic Competence, Infrastructure, and Material Life",13.16,Accessibility and adaptable home design,"Arrange spaces, tools, lighting, storage, and routines to support different bodies, senses, cognition, and ages.",A real household barrier is reduced through redesign or assistive equipment.,context_sensitive,cross_tradition_core_or_broadly_recurrent,agency; stewardship; adaptation,performance_task; artifact; objective_indicator; observer_feedback,
14,"Digital Life, Media, AI, and Information Security",14.01,Digital and media self-governance,"Control notifications, feeds, pornography, gaming, outrage, and compulsive checking through boundaries and friction.",Media use reflects explicit purposes and limits rather than default consumption.,cross_context_core,cross_tradition_core_or_broadly_recurrent,agency; stewardship; interdependence,performance_task; artifact; behavioral_adherence; longitudinal_review,
14,"Digital Life, Media, AI, and Information Security",14.02,Digital competence and data hygiene,"Manage devices, backups, accounts, passwords, files, privacy, updates, and common troubleshooting.","Personal data and essential services remain organized, recoverable, and reasonably secure.",cross_context_core,cross_tradition_core_or_broadly_recurrent,agency; stewardship; interdependence,performance_task; artifact; behavioral_adherence; longitudinal_review,
14,"Digital Life, Media, AI, and Information Security",14.03,"Digital identity, privacy, and data rights","Understand data collection, tracking, identity linkage, consent, platform policies, and the persistence of online records.","Can audit major accounts and change settings, sharing, or services to match stated privacy priorities.",cross_context_core,cross_tradition_core_or_broadly_recurrent,agency; stewardship; interdependence,performance_task; artifact; behavioral_adherence; longitudinal_review,
14,"Digital Life, Media, AI, and Information Security",14.04,Cybersecurity and account resilience,"Use strong authentication, updates, backups, encryption, recovery plans, and safe device practices.",Can recover access or data and demonstrates reduced exposure to common compromise paths.,cross_context_core,cross_tradition_core_or_broadly_recurrent,agency; stewardship; interdependence,performance_task; artifact; behavioral_adherence; longitudinal_review,
14,"Digital Life, Media, AI, and Information Security",14.05,"Online fraud, scams, and social engineering","Recognize phishing, impersonation, romance scams, investment fraud, extortion, false urgency, and malicious links.",Verifies suspicious requests through an independent channel and knows how to report a suspected incident.,cross_context_core,cross_tradition_core_or_broadly_recurrent,agency; stewardship; interdependence,performance_task; artifact; behavioral_adherence; longitudinal_review,
14,"Digital Life, Media, AI, and Information Security",14.06,Algorithmic feeds and persuasive design,"Understand recommender systems, engagement optimization, personalization, filter bubbles, and variable reward.",Can describe how a feed shapes attention and redesign use around chosen purposes.,cross_context_core,cross_tradition_core_or_broadly_recurrent,agency; stewardship; interdependence,performance_task; artifact; behavioral_adherence; longitudinal_review,
14,"Digital Life, Media, AI, and Information Security",14.07,AI literacy and appropriate use,"Understand generative models, uncertainty, hallucination, bias, privacy, automation, and human oversight.","Uses AI with verification, disclosure where relevant, and clear boundaries around high-stakes decisions.",cross_context_core,cross_tradition_core_or_broadly_recurrent,agency; stewardship; interdependence,performance_task; artifact; behavioral_adherence; longitudinal_review,
14,"Digital Life, Media, AI, and Information Security",14.08,"Synthetic media, deepfakes, and provenance","Recognize that audio, image, video, and documents can be generated or altered convincingly.",Checks provenance and corroboration before acting on consequential synthetic or uncertain media.,cross_context_core,cross_tradition_core_or_broadly_recurrent,agency; stewardship; interdependence,performance_task; artifact; behavioral_adherence; longitudinal_review,
14,"Digital Life, Media, AI, and Information Security",14.09,Digital information verification,"Use lateral reading, source tracing, timestamps, reverse search, primary records, and cross-source comparison.",Can verify or appropriately suspend judgment on a viral claim.,cross_context_core,cross_tradition_core_or_broadly_recurrent,agency; stewardship; interdependence,performance_task; artifact; behavioral_adherence; longitudinal_review,
14,"Digital Life, Media, AI, and Information Security",14.10,Online communication and community conduct,"Apply consent, privacy, context, permanence, moderation, and de-escalation in online spaces.","Participates without harassment, pile-ons, deceptive identity use, or careless disclosure.",cross_context_core,cross_tradition_core_or_broadly_recurrent,agency; stewardship; interdependence,performance_task; artifact; behavioral_adherence; longitudinal_review,
14,"Digital Life, Media, AI, and Information Security",14.11,"Digital creation, ownership, and attribution","Understand copyright, licensing, plagiarism, open-source norms, data ownership, and creator compensation.","Publishes or reuses digital work with appropriate permission, attribution, and records.",cross_context_core,cross_tradition_core_or_broadly_recurrent,agency; stewardship; interdependence,performance_task; artifact; behavioral_adherence; longitudinal_review,
14,"Digital Life, Media, AI, and Information Security",14.12,Automation dependence and operational resilience,"Identify critical activities that depend on cloud services, algorithms, AI, or connected devices.","Maintains manual fallback, export, backup, or alternative access for an important dependency.",cross_context_core,cross_tradition_core_or_broadly_recurrent,agency; stewardship; interdependence,performance_task; artifact; behavioral_adherence; longitudinal_review,
14,"Digital Life, Media, AI, and Information Security",14.13,Digital citizenship and platform governance,"Understand moderation, platform incentives, digital rights, surveillance, accessibility, and public-policy tradeoffs.","Can evaluate a platform policy through user safety, free expression, privacy, competition, and due process.",cross_context_core,cross_tradition_core_or_broadly_recurrent,agency; stewardship; interdependence,performance_task; artifact; behavioral_adherence; longitudinal_review,
15,"Safety, Preparedness, Risk, and Mutual Aid",15.01,"First aid, CPR, and emergency response","Learn bleeding control, CPR/AED, choking, shock, burns, poisoning, and emergency communication.",Completes recognized training or demonstrates procedures accurately.,context_contingent,universally_relevant_as_literacy_but_conditionally_practiced,agency; interdependence; stewardship,certification; performance_task; artifact; observer_feedback,"Hands-on safety, medical, aquatic, survival, and defensive skills require qualified instruction and compliance with local law."
15,"Safety, Preparedness, Risk, and Mutual Aid",15.02,Household emergency planning,"Prepare for fire, power loss, evacuation, severe weather, medical emergencies, and unavailable services.","Maintains supplies, contacts, documents, roles, and practiced response plans.",context_contingent,universally_relevant_as_literacy_but_conditionally_practiced,agency; interdependence; stewardship,certification; performance_task; artifact; observer_feedback,"Hands-on safety, medical, aquatic, survival, and defensive skills require qualified instruction and compliance with local law."
15,"Safety, Preparedness, Risk, and Mutual Aid",15.03,Situational awareness,"Observe environment, exits, people, hazards, anomalies, and changes without living in paranoia.",Notices relevant risk early while remaining socially and emotionally functional.,context_contingent,universally_relevant_as_literacy_but_conditionally_practiced,agency; interdependence; stewardship,certification; performance_task; artifact; observer_feedback,"Hands-on safety, medical, aquatic, survival, and defensive skills require qualified instruction and compliance with local law."
15,"Safety, Preparedness, Risk, and Mutual Aid",15.04,Personal safety and de-escalation,"Use boundaries, distance, voice, escape, bystander support, and conflict reduction before force.",Can identify escalation and choose proportionate options that prioritize safety.,context_contingent,universally_relevant_as_literacy_but_conditionally_practiced,agency; interdependence; stewardship,certification; performance_task; artifact; observer_feedback,"Hands-on safety, medical, aquatic, survival, and defensive skills require qualified instruction and compliance with local law."
15,"Safety, Preparedness, Risk, and Mutual Aid",15.05,Self-protection and lawful force,"Understand avoidance, physical defense, local law, moral limits, and aftermath.",Has realistic training and a clear threshold for action rather than fantasy or bravado.,context_contingent,universally_relevant_as_literacy_but_conditionally_practiced,agency; interdependence; stewardship,certification; performance_task; artifact; observer_feedback,"Hands-on safety, medical, aquatic, survival, and defensive skills require qualified instruction and compliance with local law."
15,"Safety, Preparedness, Risk, and Mutual Aid",15.06,Outdoor survival fundamentals,"Secure shelter, water, warmth, navigation, signaling, fire, and food priorities.",Can complete a safe supervised exercise and explain survival priorities.,context_contingent,universally_relevant_as_literacy_but_conditionally_practiced,agency; interdependence; stewardship,certification; performance_task; artifact; observer_feedback,"Hands-on safety, medical, aquatic, survival, and defensive skills require qualified instruction and compliance with local law."
15,"Safety, Preparedness, Risk, and Mutual Aid",15.07,Water competence and rescue awareness,"Swim, float, tread water, manage cold or moving water, and avoid unsafe rescue attempts.",Demonstrates basic aquatic competence and recognizes environmental hazards.,context_contingent,universally_relevant_as_literacy_but_conditionally_practiced,agency; interdependence; stewardship,certification; performance_task; artifact; observer_feedback,"Hands-on safety, medical, aquatic, survival, and defensive skills require qualified instruction and compliance with local law."
15,"Safety, Preparedness, Risk, and Mutual Aid",15.08,Travel and unfamiliar-environment safety,"Research local laws, culture, health, transport, scams, communication, documents, and contingency plans.",Can travel with proportionate preparation and recover from common disruptions.,context_contingent,universally_relevant_as_literacy_but_conditionally_practiced,agency; interdependence; stewardship,certification; performance_task; artifact; observer_feedback,"Hands-on safety, medical, aquatic, survival, and defensive skills require qualified instruction and compliance with local law."
15,"Safety, Preparedness, Risk, and Mutual Aid",15.09,"Cybersecurity, fraud, and identity protection","Recognize phishing, social engineering, scams, insecure access, data exposure, and financial fraud.",Uses strong account security and can respond to a suspected compromise.,context_contingent,universally_relevant_as_literacy_but_conditionally_practiced,agency; interdependence; stewardship,certification; performance_task; artifact; observer_feedback,"Hands-on safety, medical, aquatic, survival, and defensive skills require qualified instruction and compliance with local law."
15,"Safety, Preparedness, Risk, and Mutual Aid",15.10,Risk ownership and contingency thinking,"Identify dependencies, single points of failure, failure modes, reserves, and recovery options.","A meaningful plan includes prevention, detection, response, and recovery.",context_contingent,universally_relevant_as_literacy_but_conditionally_practiced,agency; interdependence; stewardship,certification; performance_task; artifact; observer_feedback,"Hands-on safety, medical, aquatic, survival, and defensive skills require qualified instruction and compliance with local law."
15,"Safety, Preparedness, Risk, and Mutual Aid",15.11,Community disaster readiness and mutual aid,"Coordinate neighbors, skills, communication, supplies, transportation, welfare checks, and recovery support.",Participates in a realistic community plan or exercise rather than preparing only as an isolated household.,context_contingent,universally_relevant_as_literacy_but_conditionally_practiced,agency; interdependence; stewardship,certification; performance_task; artifact; observer_feedback,"Hands-on safety, medical, aquatic, survival, and defensive skills require qualified instruction and compliance with local law."
15,"Safety, Preparedness, Risk, and Mutual Aid",15.12,Public-health emergency competence,"Understand infection control, credible health guidance, risk communication, isolation, vaccination, and support for vulnerable people.",Can follow and explain proportionate protective measures during an outbreak or environmental hazard.,context_contingent,universally_relevant_as_literacy_but_conditionally_practiced,agency; interdependence; stewardship,certification; performance_task; artifact; observer_feedback,"Hands-on safety, medical, aquatic, survival, and defensive skills require qualified instruction and compliance with local law."
15,"Safety, Preparedness, Risk, and Mutual Aid",15.13,Bystander intervention and violence prevention,"Recognize harassment, abuse, escalating conflict, and unsafe conditions; use direct, distract, delegate, document, or delay strategies.",Can choose a safe intervention and obtain support without escalating beyond competence.,context_contingent,universally_relevant_as_literacy_but_conditionally_practiced,agency; interdependence; stewardship,certification; performance_task; artifact; observer_feedback,"Hands-on safety, medical, aquatic, survival, and defensive skills require qualified instruction and compliance with local law."
15,"Safety, Preparedness, Risk, and Mutual Aid",15.14,Workplace and activity-specific safety,"Learn hazard analysis, protective equipment, lockout or isolation, ergonomics, reporting, and stop-work responsibility.",Identifies hazards before work and can halt unsafe activity without normalization of deviance.,context_contingent,universally_relevant_as_literacy_but_conditionally_practiced,agency; interdependence; stewardship,certification; performance_task; artifact; observer_feedback,"Hands-on safety, medical, aquatic, survival, and defensive skills require qualified instruction and compliance with local law."
16,"Communication, Rhetoric, and Social Intelligence",16.01,Attentive listening,"Give full attention, reflect meaning, ask clarifying questions, and resist preparing a rebuttal.",The speaker agrees that their position or feeling was understood before response.,cross_context_core,cross_tradition_core_or_broadly_recurrent,agency; interdependence,performance_task; observer_feedback; artifact; longitudinal_review,
16,"Communication, Rhetoric, and Social Intelligence",16.02,Clear and direct expression,"State observations, reasoning, feelings, needs, requests, and boundaries without hints or unnecessary complexity.",A difficult message is understood without requiring others to decode it.,cross_context_core,cross_tradition_core_or_broadly_recurrent,agency; interdependence,performance_task; observer_feedback; artifact; longitudinal_review,
16,"Communication, Rhetoric, and Social Intelligence",16.03,Nonverbal communication,"Read and use posture, facial expression, eye contact, distance, gesture, pace, and tone cautiously and contextually.",Uses nonverbal cues to inform—not replace—direct clarification.,cross_context_core,cross_tradition_core_or_broadly_recurrent,agency; interdependence,performance_task; observer_feedback; artifact; longitudinal_review,
16,"Communication, Rhetoric, and Social Intelligence",16.04,One-to-one and group conversation,"Initiate, sustain, balance, transition, include, and close conversations in different settings.","Conversations feel reciprocal rather than interrogative, dominating, or absent.",cross_context_core,cross_tradition_core_or_broadly_recurrent,agency; interdependence,performance_task; observer_feedback; artifact; longitudinal_review,
16,"Communication, Rhetoric, and Social Intelligence",16.05,Perspective taking and empathic accuracy,Imagine another viewpoint while checking assumptions against what the person actually reports.,Can represent another perspective fairly without pretending to know their inner state.,cross_context_core,cross_tradition_core_or_broadly_recurrent,agency; interdependence,performance_task; observer_feedback; artifact; longitudinal_review,
16,"Communication, Rhetoric, and Social Intelligence",16.06,Audience and context adaptation,"Adjust language, detail, medium, timing, emotion, culture, role, and urgency.",Communicates the same core idea effectively to materially different audiences.,cross_context_core,cross_tradition_core_or_broadly_recurrent,agency; interdependence,performance_task; observer_feedback; artifact; longitudinal_review,
16,"Communication, Rhetoric, and Social Intelligence",16.07,Feedback and developmental conversation,"Give specific, timely, actionable feedback and receive criticism without collapse or automatic defense.","Both parties leave knowing what should continue, change, and be reviewed.",cross_context_core,cross_tradition_core_or_broadly_recurrent,agency; interdependence,performance_task; observer_feedback; artifact; longitudinal_review,
16,"Communication, Rhetoric, and Social Intelligence",16.08,Classical and modern rhetoric,"Understand ethos, pathos, logos, framing, narrative, evidence, repetition, medium, and audience psychology.",Can analyze persuasion and create an argument without concealing material truth.,cross_context_core,cross_tradition_core_or_broadly_recurrent,agency; interdependence,performance_task; observer_feedback; artifact; longitudinal_review,
16,"Communication, Rhetoric, and Social Intelligence",16.09,Public speaking and presentation,"Structure, rehearse, deliver, adapt, and respond to an audience with clarity and composure.",Can deliver a coherent talk and improve it using observed audience response.,cross_context_core,cross_tradition_core_or_broadly_recurrent,agency; interdependence,performance_task; observer_feedback; artifact; longitudinal_review,
16,"Communication, Rhetoric, and Social Intelligence",16.10,Storytelling and explanation,"Use sequence, character, tension, example, analogy, and resolution to make meaning memorable.",A listener can retell the essential message accurately.,cross_context_core,cross_tradition_core_or_broadly_recurrent,agency; interdependence,performance_task; observer_feedback; artifact; longitudinal_review,
16,"Communication, Rhetoric, and Social Intelligence",16.11,Negotiation,"Identify interests, alternatives, leverage, constraints, fairness, trades, and walk-away conditions.",Reaches a better agreement or principled refusal than reactive bargaining would produce.,cross_context_core,cross_tradition_core_or_broadly_recurrent,agency; interdependence,performance_task; observer_feedback; artifact; longitudinal_review,
16,"Communication, Rhetoric, and Social Intelligence",16.12,Conflict and de-escalation,"Recognize escalation, regulate self, clarify issues, own contributions, reduce threat, and define next steps.","A conflict becomes safer and more solvable, or is ended with clear boundaries.",cross_context_core,cross_tradition_core_or_broadly_recurrent,agency; interdependence,performance_task; observer_feedback; artifact; longitudinal_review,
16,"Communication, Rhetoric, and Social Intelligence",16.13,"Humor, warmth, and social ease","Use playfulness, timing, self-awareness, and kindness without humiliation or compulsive performance.",Humor increases connection or relief rather than making another person the cost.,cross_context_core,cross_tradition_core_or_broadly_recurrent,agency; interdependence,performance_task; observer_feedback; artifact; longitudinal_review,
16,"Communication, Rhetoric, and Social Intelligence",16.14,"Etiquette, courtesy, and first impressions","Use greetings, punctuality, dress, manners, attention, and context to communicate respect.",Others experience the interaction as considerate and appropriately composed.,cross_context_core,cross_tradition_core_or_broadly_recurrent,agency; interdependence,performance_task; observer_feedback; artifact; longitudinal_review,
16,"Communication, Rhetoric, and Social Intelligence",16.15,Manipulation and coercion literacy,"Recognize guilt, intimidation, gaslighting, love-bombing, false urgency, triangulation, and exploitative reciprocity.","Responds through clarification, evidence, boundaries, support, or distance.",cross_context_core,cross_tradition_core_or_broadly_recurrent,agency; interdependence,performance_task; observer_feedback; artifact; longitudinal_review,
16,"Communication, Rhetoric, and Social Intelligence",16.16,"High-context, indirect, and face-sensitive communication","Recognize that respect, disagreement, refusal, and emotion may be communicated through implication, timing, silence, hierarchy, or relational context.",Can interpret indirect signals cautiously and adapt without treating one communication style as universally superior.,cross_context_core,cross_tradition_core_or_broadly_recurrent,agency; interdependence,performance_task; observer_feedback; artifact; longitudinal_review,
16,"Communication, Rhetoric, and Social Intelligence",16.17,Intercultural communication and code-switching,"Adapt to different norms of directness, hierarchy, turn-taking, emotion, time, privacy, and formality while preserving integrity.",Can communicate effectively across cultures and explain what was adapted and what boundary remained.,cross_context_core,cross_tradition_core_or_broadly_recurrent,agency; interdependence,performance_task; observer_feedback; artifact; longitudinal_review,
16,"Communication, Rhetoric, and Social Intelligence",16.18,Language access and communication accommodation,"Use interpreters, plain language, captions, augmentative communication, written follow-up, and accessible formats.",Another person can participate meaningfully because a communication barrier was reduced.,cross_context_core,cross_tradition_core_or_broadly_recurrent,agency; interdependence,performance_task; observer_feedback; artifact; longitudinal_review,
17,"Friendship, Belonging, Hospitality, and Social Networks",17.01,Initiating connection,"Approach strangers, acquaintances, coworkers, neighbors, and peers with curiosity and appropriate openness.",Can begin contact without treating every interaction as transaction or performance.,cross_context_core,cross_tradition_core_or_broadly_recurrent,interdependence; receptivity; stewardship,behavioral_adherence; observer_feedback; longitudinal_review; artifact,
17,"Friendship, Belonging, Hospitality, and Social Networks",17.02,Friendship formation and selection,"Assess reciprocity, trust, character, compatibility, influence, and shared activity over time.","Can explain why a friendship should deepen, remain limited, be repaired, or end.",cross_context_core,cross_tradition_core_or_broadly_recurrent,interdependence; receptivity; stewardship,behavioral_adherence; observer_feedback; longitudinal_review; artifact,
17,"Friendship, Belonging, Hospitality, and Social Networks",17.03,Maintaining friendship,"Remember, contact, invite, celebrate, assist, and remain present through ordinary time—not only crisis.",Important friendships receive consistent reciprocal investment.,cross_context_core,cross_tradition_core_or_broadly_recurrent,interdependence; receptivity; stewardship,behavioral_adherence; observer_feedback; longitudinal_review; artifact,
17,"Friendship, Belonging, Hospitality, and Social Networks",17.04,Reliable support,"Identify whether someone needs listening, practical help, encouragement, information, advocacy, or space.","Provides useful support without assuming, rescuing, controlling, or disappearing.",cross_context_core,cross_tradition_core_or_broadly_recurrent,interdependence; receptivity; stewardship,behavioral_adherence; observer_feedback; longitudinal_review; artifact,
17,"Friendship, Belonging, Hospitality, and Social Networks",17.05,Reciprocity and healthy dependence,"Give and receive help, ask directly, share burdens, and avoid both exploitation and prideful self-sufficiency.",Relationships contain mutual contribution without exact scorekeeping.,cross_context_core,cross_tradition_core_or_broadly_recurrent,interdependence; receptivity; stewardship,behavioral_adherence; observer_feedback; longitudinal_review; artifact,
17,"Friendship, Belonging, Hospitality, and Social Networks",17.06,Boundaries and harmful relationships,"Recognize abuse, chronic contempt, manipulation, incompatibility, and repeated non-repair.",Reduces access or exits when necessary without dehumanization or endless tolerance.,cross_context_core,cross_tradition_core_or_broadly_recurrent,interdependence; receptivity; stewardship,behavioral_adherence; observer_feedback; longitudinal_review; artifact,
17,"Friendship, Belonging, Hospitality, and Social Networks",17.07,Hospitality and inclusion,"Welcome people, notice outsiders, create comfort, share resources, and facilitate participation.",A gathering or group becomes more accessible because of deliberate action.,cross_context_core,cross_tradition_core_or_broadly_recurrent,interdependence; receptivity; stewardship,behavioral_adherence; observer_feedback; longitudinal_review; artifact,
17,"Friendship, Belonging, Hospitality, and Social Networks",17.08,Collaboration and complementary strengths,"Identify capabilities, coordinate roles, share credit, and use difference as an asset.",A joint effort produces more value than isolated work while preserving dignity.,cross_context_core,cross_tradition_core_or_broadly_recurrent,interdependence; receptivity; stewardship,behavioral_adherence; observer_feedback; longitudinal_review; artifact,
17,"Friendship, Belonging, Hospitality, and Social Networks",17.09,"Belonging, loneliness, and social ecology","Build multiple forms of connection—intimate, communal, professional, intergenerational, and local.",Social well-being is not dependent on a single person or setting.,cross_context_core,cross_tradition_core_or_broadly_recurrent,interdependence; receptivity; stewardship,behavioral_adherence; observer_feedback; longitudinal_review; artifact,
17,"Friendship, Belonging, Hospitality, and Social Networks",17.10,Networks and social capital,"Maintain ethical professional and community relationships through contribution, trust, and useful connection.",Can mobilize or offer knowledge and help without reducing people to assets.,cross_context_core,cross_tradition_core_or_broadly_recurrent,interdependence; receptivity; stewardship,behavioral_adherence; observer_feedback; longitudinal_review; artifact,
17,"Friendship, Belonging, Hospitality, and Social Networks",17.11,Intergenerational friendship and mentorship,"Build reciprocal relationships across ages and life stages, including both giving and receiving guidance.",Maintains a relationship in which perspective and care flow across generational differences.,cross_context_core,cross_tradition_core_or_broadly_recurrent,interdependence; receptivity; stewardship,behavioral_adherence; observer_feedback; longitudinal_review; artifact,
17,"Friendship, Belonging, Hospitality, and Social Networks",17.12,"Kin, clan, neighborhood, and communal obligation",Understand forms of belonging in which responsibility is inherited or communal rather than individually chosen.,"Can honor legitimate communal duties while identifying limits around harm, exploitation, and conscience.",cross_context_core,cross_tradition_core_or_broadly_recurrent,interdependence; receptivity; stewardship,behavioral_adherence; observer_feedback; longitudinal_review; artifact,
17,"Friendship, Belonging, Hospitality, and Social Networks",17.13,Friendship across deep difference,"Sustain trust and care where religion, politics, class, identity, or lifestyle diverge.","Can name real disagreement without reducing the relationship to conversion, avoidance, or performative tolerance.",cross_context_core,cross_tradition_core_or_broadly_recurrent,interdependence; receptivity; stewardship,behavioral_adherence; observer_feedback; longitudinal_review; artifact,
17,"Friendship, Belonging, Hospitality, and Social Networks",17.14,Collective belonging without conformity,"Participate in a group, tradition, or community while preserving conscience, dissent, and individual dignity.",Can contribute loyally without hiding important disagreement or demanding sameness from others.,cross_context_core,cross_tradition_core_or_broadly_recurrent,interdependence; receptivity; stewardship,behavioral_adherence; observer_feedback; longitudinal_review; artifact,
18,"Intimacy, Sexuality, and Partnership",18.01,The nature and practice of love,"Distinguish affection, desire, attachment, care, commitment, sacrifice, admiration, and possession.","Acts for another person's genuine good without erasing truth, self, or boundaries.",role_conditional,role_conditional,interdependence; receptivity; agency,self_report; observer_feedback; behavioral_adherence; longitudinal_review,"Consent, health, abuse, and legal concerns require appropriate medical, legal, or safeguarding resources."
18,"Intimacy, Sexuality, and Partnership",18.02,Attraction and respectful courtship,"Understand mutual attraction, initiative, pacing, consent, rejection, safety, and honest intention.","Can pursue or decline connection without manipulation, entitlement, or humiliation.",role_conditional,role_conditional,interdependence; receptivity; agency,self_report; observer_feedback; behavioral_adherence; longitudinal_review,"Consent, health, abuse, and legal concerns require appropriate medical, legal, or safeguarding resources."
18,"Intimacy, Sexuality, and Partnership",18.03,Partner selection and compatibility,"Evaluate values, character, conflict style, direction, attraction, trust, responsibility, and life constraints.",Can explain a relationship decision using evidence beyond intensity or loneliness.,role_conditional,role_conditional,interdependence; receptivity; agency,self_report; observer_feedback; behavioral_adherence; longitudinal_review,"Consent, health, abuse, and legal concerns require appropriate medical, legal, or safeguarding resources."
18,"Intimacy, Sexuality, and Partnership",18.04,Attachment and relational security,"Recognize pursuing, distancing, testing, controlling, idealizing, and fear of abandonment.","Uses direct requests, consistency, reassurance, boundaries, and self-regulation instead.",role_conditional,role_conditional,interdependence; receptivity; agency,self_report; observer_feedback; behavioral_adherence; longitudinal_review,"Consent, health, abuse, and legal concerns require appropriate medical, legal, or safeguarding resources."
18,"Intimacy, Sexuality, and Partnership",18.05,Vulnerability and emotional intimacy,"Share relevant hopes, fears, needs, mistakes, affection, and uncertainty with a trustworthy partner.","Disclosure deepens mutual knowledge without coercion, oversharing, or strategic concealment.",role_conditional,role_conditional,interdependence; receptivity; agency,self_report; observer_feedback; behavioral_adherence; longitudinal_review,"Consent, health, abuse, and legal concerns require appropriate medical, legal, or safeguarding resources."
18,"Intimacy, Sexuality, and Partnership",18.06,Relationship stages and changing needs,"Understand formation, commitment, consolidation, strain, repair, renewal, and possible ending.",Adapts expectations and practices as the relationship changes.,role_conditional,role_conditional,interdependence; receptivity; agency,self_report; observer_feedback; behavioral_adherence; longitudinal_review,"Consent, health, abuse, and legal concerns require appropriate medical, legal, or safeguarding resources."
18,"Intimacy, Sexuality, and Partnership",18.07,"Shared expectations, roles, and labor","Negotiate money, home, time, sex, family, career, caregiving, privacy, and decision authority.","Responsibilities are explicit, revisable, and not silently assigned by resentment or stereotype.",role_conditional,role_conditional,interdependence; receptivity; agency,self_report; observer_feedback; behavioral_adherence; longitudinal_review,"Consent, health, abuse, and legal concerns require appropriate medical, legal, or safeguarding resources."
18,"Intimacy, Sexuality, and Partnership",18.08,Partnership conflict and repair,"Manage recurring disagreements, escalation, bids for connection, apology, forgiveness, and behavioral change.",A rupture receives concrete repair or a clear recognition that repair is not occurring.,role_conditional,role_conditional,interdependence; receptivity; agency,self_report; observer_feedback; behavioral_adherence; longitudinal_review,"Consent, health, abuse, and legal concerns require appropriate medical, legal, or safeguarding resources."
18,"Intimacy, Sexuality, and Partnership",18.09,Sexual ethics and consent,"Ground sexual behavior in free consent, honesty, health, mutual dignity, commitment expectations, and consequences.","Consent is informed, ongoing, reversible, and never inferred from pressure or status.",role_conditional,role_conditional,interdependence; receptivity; agency,self_report; observer_feedback; behavioral_adherence; longitudinal_review,"Consent, health, abuse, and legal concerns require appropriate medical, legal, or safeguarding resources."
18,"Intimacy, Sexuality, and Partnership",18.10,"Sexual communication, pleasure, and health","Discuss desire, boundaries, comfort, contraception, infection prevention, pleasure, difficulty, and aftercare.","Intimacy is collaborative, safe, communicative, and responsive rather than performative.",role_conditional,role_conditional,interdependence; receptivity; agency,self_report; observer_feedback; behavioral_adherence; longitudinal_review,"Consent, health, abuse, and legal concerns require appropriate medical, legal, or safeguarding resources."
18,"Intimacy, Sexuality, and Partnership",18.11,"Commitment, fidelity, and trust","Define exclusivity, loyalty, privacy, transparency, temptation, and repair before ambiguity becomes betrayal.",Behavior matches the promises and boundaries the relationship actually established.,role_conditional,role_conditional,interdependence; receptivity; agency,self_report; observer_feedback; behavioral_adherence; longitudinal_review,"Consent, health, abuse, and legal concerns require appropriate medical, legal, or safeguarding resources."
18,"Intimacy, Sexuality, and Partnership",18.12,"Separation, divorce, estrangement, and endings","End or restructure relationships with honesty, safety, grief, legal responsibility, and protection of dependents.","Avoids unnecessary cruelty, ambiguity, retaliation, and denial of real obligations.",role_conditional,role_conditional,interdependence; receptivity; agency,self_report; observer_feedback; behavioral_adherence; longitudinal_review,"Consent, health, abuse, and legal concerns require appropriate medical, legal, or safeguarding resources."
18,"Intimacy, Sexuality, and Partnership",18.13,Relationship diversity and chosen form,"Understand that people may live in different lawful and consensual relationship structures, orientations, or single lives while still owing honesty and dignity.",Can state personal commitments without dehumanizing people whose consensual arrangements differ.,role_conditional,role_conditional,interdependence; receptivity; agency,self_report; observer_feedback; behavioral_adherence; longitudinal_review,"Consent, health, abuse, and legal concerns require appropriate medical, legal, or safeguarding resources."
18,"Intimacy, Sexuality, and Partnership",18.14,Reproductive intentions and partnership communication,"Discuss desire for children, contraception, pregnancy risk, fertility uncertainty, timing, and responsibility before crisis.","Partners understand each other's present intentions, boundaries, and unresolved questions.",role_conditional,role_conditional,interdependence; receptivity; agency,self_report; observer_feedback; behavioral_adherence; longitudinal_review,"Consent, health, abuse, and legal concerns require appropriate medical, legal, or safeguarding resources."
19,"Family, Parenting, Reproduction, and Caregiving",19.01,Family systems and intergenerational patterns,"Recognize roles, alliances, inherited beliefs, trauma, loyalty, estrangement, and repetition across generations.",Preserves what is good and interrupts a harmful pattern with proportionate boundaries or repair.,role_conditional,role_conditional,interdependence; stewardship; receptivity,qualified_assessment; observer_feedback; artifact; longitudinal_review,"Medical, reproductive, child-safety, guardianship, and elder-care decisions require qualified local guidance."
19,"Family, Parenting, Reproduction, and Caregiving",19.02,Parenting and child development,"Understand safety, attachment, development, discipline, education, modeling, autonomy, and changing needs.",Care supports both security and growing competence rather than control or neglect.,role_conditional,role_conditional,interdependence; stewardship; receptivity,qualified_assessment; observer_feedback; artifact; longitudinal_review,"Medical, reproductive, child-safety, guardianship, and elder-care decisions require qualified local guidance."
19,"Family, Parenting, Reproduction, and Caregiving",19.03,"Caregiving for elders, illness, and disability","Provide practical, emotional, financial, and advocacy support while respecting agency and limits.",Care plans protect the dependent person and the sustainability of the caregiver.,role_conditional,role_conditional,interdependence; stewardship; receptivity,qualified_assessment; observer_feedback; artifact; longitudinal_review,"Medical, reproductive, child-safety, guardianship, and elder-care decisions require qualified local guidance."
19,"Family, Parenting, Reproduction, and Caregiving",19.04,Fertility and reproductive health literacy,"Understand fertility, contraception, pregnancy, prenatal care, infertility, reproductive aging, and when qualified care is needed.",Can make or support an informed decision using medically reliable information and explicit values.,role_conditional,role_conditional,interdependence; stewardship; receptivity,qualified_assessment; observer_feedback; artifact; longitudinal_review,"Medical, reproductive, child-safety, guardianship, and elder-care decisions require qualified local guidance."
19,"Family, Parenting, Reproduction, and Caregiving",19.05,"Pregnancy, birth, and postpartum responsibility","Understand bodily risk, consent, support, medical decisions, recovery, infant care, and postpartum mental health.",A practical support and decision plan centers the pregnant or postpartum person's safety and agency.,role_conditional,role_conditional,interdependence; stewardship; receptivity,qualified_assessment; observer_feedback; artifact; longitudinal_review,"Medical, reproductive, child-safety, guardianship, and elder-care decisions require qualified local guidance."
19,"Family, Parenting, Reproduction, and Caregiving",19.06,"Miscarriage, infertility, and reproductive grief","Recognize grief, ambiguity, medical burden, relationship strain, and differing meanings around reproductive loss.","Can offer or receive support without minimizing, moralizing, or forcing disclosure.",role_conditional,role_conditional,interdependence; stewardship; receptivity,qualified_assessment; observer_feedback; artifact; longitudinal_review,"Medical, reproductive, child-safety, guardianship, and elder-care decisions require qualified local guidance."
19,"Family, Parenting, Reproduction, and Caregiving",19.07,"Adoption, fostering, stepfamilies, and chosen family","Understand attachment, identity, legal responsibility, prior loss, loyalty conflicts, and non-biological kinship.","Can support belonging without erasing origin, history, or the child's perspective.",role_conditional,role_conditional,interdependence; stewardship; receptivity,qualified_assessment; observer_feedback; artifact; longitudinal_review,"Medical, reproductive, child-safety, guardianship, and elder-care decisions require qualified local guidance."
19,"Family, Parenting, Reproduction, and Caregiving",19.08,Child protection and safeguarding,"Recognize abuse, neglect, grooming, unsafe caregiving, and mandatory or appropriate reporting paths.",Can act promptly to protect a child without conducting an amateur investigation or preserving family image.,role_conditional,role_conditional,interdependence; stewardship; receptivity,qualified_assessment; observer_feedback; artifact; longitudinal_review,"Medical, reproductive, child-safety, guardianship, and elder-care decisions require qualified local guidance."
19,"Family, Parenting, Reproduction, and Caregiving",19.09,Developmentally appropriate autonomy and discipline,"Adjust expectations, explanation, boundaries, consequences, and responsibility to age and ability.","Care increases safety and competence without humiliation, violence, or control beyond developmental need.",role_conditional,role_conditional,interdependence; stewardship; receptivity,qualified_assessment; observer_feedback; artifact; longitudinal_review,"Medical, reproductive, child-safety, guardianship, and elder-care decisions require qualified local guidance."
19,"Family, Parenting, Reproduction, and Caregiving",19.10,"Education, formation, and modeling in family life","Teach practical skill, ethics, emotional regulation, culture, faith or worldview, media judgment, and independence through example and instruction.",A dependent person gains real capability and voice rather than merely compliance.,role_conditional,role_conditional,interdependence; stewardship; receptivity,qualified_assessment; observer_feedback; artifact; longitudinal_review,"Medical, reproductive, child-safety, guardianship, and elder-care decisions require qualified local guidance."
19,"Family, Parenting, Reproduction, and Caregiving",19.11,"Elder care, dementia, and later-life decision-making","Understand changing capacity, advance planning, memory loss, safety, autonomy, respite, and family conflict.","A care plan balances protection, dignity, legal authority, and caregiver sustainability.",role_conditional,role_conditional,interdependence; stewardship; receptivity,qualified_assessment; observer_feedback; artifact; longitudinal_review,"Medical, reproductive, child-safety, guardianship, and elder-care decisions require qualified local guidance."
19,"Family, Parenting, Reproduction, and Caregiving",19.12,"Family labor, provision, and invisible work","Recognize domestic, emotional, logistical, financial, and caregiving labor and distribute it fairly.","Responsibilities are visible, negotiated, and reviewed rather than silently assigned.",role_conditional,role_conditional,interdependence; stewardship; receptivity,qualified_assessment; observer_feedback; artifact; longitudinal_review,"Medical, reproductive, child-safety, guardianship, and elder-care decisions require qualified local guidance."
19,"Family, Parenting, Reproduction, and Caregiving",19.13,"Co-parenting, separation, and family restructuring","Protect children and dependents during breakup, divorce, relocation, estrangement, or new partnership.","Reduces triangulation, retaliation, instability, and use of dependents as leverage.",role_conditional,role_conditional,interdependence; stewardship; receptivity,qualified_assessment; observer_feedback; artifact; longitudinal_review,"Medical, reproductive, child-safety, guardianship, and elder-care decisions require qualified local guidance."
19,"Family, Parenting, Reproduction, and Caregiving",19.14,"Family ritual, heritage, and intergenerational continuity","Preserve stories, language, celebration, mourning, values, and practical knowledge while revising harmful inheritance.",A family practice strengthens belonging and transmits meaning without coercive nostalgia.,role_conditional,role_conditional,interdependence; stewardship; receptivity,qualified_assessment; observer_feedback; artifact; longitudinal_review,"Medical, reproductive, child-safety, guardianship, and elder-care decisions require qualified local guidance."
19,"Family, Parenting, Reproduction, and Caregiving",19.15,"Caregiver limits, respite, and shared responsibility","Recognize burnout, resentment, role captivity, and the need for support, respite, and distributed care.",Care remains safer and more sustainable because limits and backup are explicit.,role_conditional,role_conditional,interdependence; stewardship; receptivity,qualified_assessment; observer_feedback; artifact; longitudinal_review,"Medical, reproductive, child-safety, guardianship, and elder-care decisions require qualified local guidance."
20,"Community, Citizenship, Justice, and Nonviolent Action",20.01,Social interdependence,"Trace how infrastructure, labor, law, knowledge, environment, and inherited institutions make personal life possible.",Can name reciprocal obligations created by benefits not personally produced.,cross_context_core,cross_tradition_core_or_broadly_recurrent,interdependence; stewardship; agency,conceptual_explanation; real_world_application; artifact; community_feedback,"Political and civic education only; protest, civil disobedience, and legal rights are jurisdiction-specific and can involve serious risk."
20,"Community, Citizenship, Justice, and Nonviolent Action",20.02,Civic and governmental literacy,"Understand levels of government, elections, agencies, courts, public finance, and channels of participation.",Can identify who holds authority over a real issue and how to engage responsibly.,cross_context_core,cross_tradition_core_or_broadly_recurrent,interdependence; stewardship; agency,conceptual_explanation; real_world_application; artifact; community_feedback,"Political and civic education only; protest, civil disobedience, and legal rights are jurisdiction-specific and can involve serious risk."
20,"Community, Citizenship, Justice, and Nonviolent Action",20.03,"Rights, duties, law, and civil liberty","Understand basic legal rights, due process, obligations, and tensions between freedom, safety, and order.","Can defend rights consistently, including for disliked groups.",cross_context_core,cross_tradition_core_or_broadly_recurrent,interdependence; stewardship; agency,conceptual_explanation; real_world_application; artifact; community_feedback,"Political and civic education only; protest, civil disobedience, and legal rights are jurisdiction-specific and can involve serious risk."
20,"Community, Citizenship, Justice, and Nonviolent Action",20.04,"Justice, inequality, and social structure","Study how history, class, race, sex, disability, geography, institutions, and incentives shape opportunity and harm.",Can discuss structural and individual causes without reducing people to categories.,cross_context_core,cross_tradition_core_or_broadly_recurrent,interdependence; stewardship; agency,conceptual_explanation; real_world_application; artifact; community_feedback,"Political and civic education only; protest, civil disobedience, and legal rights are jurisdiction-specific and can involve serious risk."
20,"Community, Citizenship, Justice, and Nonviolent Action",20.05,Engagement across difference,"Converse and cooperate across religion, politics, culture, class, age, and experience.",Can represent a competing view fairly while preserving conviction and boundaries.,cross_context_core,cross_tradition_core_or_broadly_recurrent,interdependence; stewardship; agency,conceptual_explanation; real_world_application; artifact; community_feedback,"Political and civic education only; protest, civil disobedience, and legal rights are jurisdiction-specific and can involve serious risk."
20,"Community, Citizenship, Justice, and Nonviolent Action",20.06,Service and volunteering,"Choose recurring work based on real community need, personal capacity, and sustainable contribution.",Service produces tangible benefit and is maintained beyond initial enthusiasm.,cross_context_core,cross_tradition_core_or_broadly_recurrent,interdependence; stewardship; agency,conceptual_explanation; real_world_application; artifact; community_feedback,"Political and civic education only; protest, civil disobedience, and legal rights are jurisdiction-specific and can involve serious risk."
20,"Community, Citizenship, Justice, and Nonviolent Action",20.07,Helping without paternalism,"Ask what is needed, preserve agency, understand context, and avoid making help about superiority or identity.",Support increases another person's safety or capacity rather than dependence or humiliation.,cross_context_core,cross_tradition_core_or_broadly_recurrent,interdependence; stewardship; agency,conceptual_explanation; real_world_application; artifact; community_feedback,"Political and civic education only; protest, civil disobedience, and legal rights are jurisdiction-specific and can involve serious risk."
20,"Community, Citizenship, Justice, and Nonviolent Action",20.08,Collective action and organizing,"Define a shared problem, recruit stakeholders, assign roles, coordinate work, and measure outcomes.",A community effort reaches a concrete result and captures lessons.,cross_context_core,cross_tradition_core_or_broadly_recurrent,interdependence; stewardship; agency,conceptual_explanation; real_world_application; artifact; community_feedback,"Political and civic education only; protest, civil disobedience, and legal rights are jurisdiction-specific and can involve serious risk."
20,"Community, Citizenship, Justice, and Nonviolent Action",20.09,Public discourse and information responsibility,"Consume and share news with verification, context, proportionality, and awareness of manipulation.",Can remain informed without becoming addicted to outrage or spreading weak claims.,cross_context_core,cross_tradition_core_or_broadly_recurrent,interdependence; stewardship; agency,conceptual_explanation; real_world_application; artifact; community_feedback,"Political and civic education only; protest, civil disobedience, and legal rights are jurisdiction-specific and can involve serious risk."
20,"Community, Citizenship, Justice, and Nonviolent Action",20.10,Stewardship of commons and environment,"Care for public spaces, ecosystems, shared knowledge, institutional trust, and resources used by others.","Leaves a shared system more usable, resilient, or understood.",cross_context_core,cross_tradition_core_or_broadly_recurrent,interdependence; stewardship; agency,conceptual_explanation; real_world_application; artifact; community_feedback,"Political and civic education only; protest, civil disobedience, and legal rights are jurisdiction-specific and can involve serious risk."
20,"Community, Citizenship, Justice, and Nonviolent Action",20.11,Pluralism and peaceful coexistence,Build rules and norms that allow deep disagreement without domination or dehumanization.,Can cooperate on common goods without demanding total ideological conformity.,cross_context_core,cross_tradition_core_or_broadly_recurrent,interdependence; stewardship; agency,conceptual_explanation; real_world_application; artifact; community_feedback,"Political and civic education only; protest, civil disobedience, and legal rights are jurisdiction-specific and can involve serious risk."
20,"Community, Citizenship, Justice, and Nonviolent Action",20.12,Institutional and media-system literacy,"Understand how journalism, parties, agencies, courts, universities, corporations, nonprofits, and platforms create and filter public knowledge.","Can trace a public claim through institutions, incentives, evidence, and accountability mechanisms.",cross_context_core,cross_tradition_core_or_broadly_recurrent,interdependence; stewardship; agency,conceptual_explanation; real_world_application; artifact; community_feedback,"Political and civic education only; protest, civil disobedience, and legal rights are jurisdiction-specific and can involve serious risk."
20,"Community, Citizenship, Justice, and Nonviolent Action",20.13,"Propaganda, polarization, and democratic resilience","Recognize dehumanization, scapegoating, conspiracy, manufactured outrage, authoritarian rhetoric, and epistemic capture.",Can resist sharing manipulative content and engage without reproducing the tactic.,cross_context_core,cross_tradition_core_or_broadly_recurrent,interdependence; stewardship; agency,conceptual_explanation; real_world_application; artifact; community_feedback,"Political and civic education only; protest, civil disobedience, and legal rights are jurisdiction-specific and can involve serious risk."
20,"Community, Citizenship, Justice, and Nonviolent Action",20.14,Nonviolent action and conflict transformation,"Understand negotiation, mediation, boycotts, strikes, protest, civil resistance, restorative practice, and escalation dynamics.","Can design a proportionate nonviolent campaign or conflict process with goals, stakeholders, risks, and safeguards.",cross_context_core,cross_tradition_core_or_broadly_recurrent,interdependence; stewardship; agency,conceptual_explanation; real_world_application; artifact; community_feedback,"Political and civic education only; protest, civil disobedience, and legal rights are jurisdiction-specific and can involve serious risk."
20,"Community, Citizenship, Justice, and Nonviolent Action",20.15,Civil disobedience and principled lawbreaking,"Examine when public, conscientious breach of law may be justified and how proportionality, nonviolence, transparency, and accountability matter.",Can distinguish principled civil disobedience from opportunistic rule-breaking in a case analysis.,cross_context_core,cross_tradition_core_or_broadly_recurrent,interdependence; stewardship; agency,conceptual_explanation; real_world_application; artifact; community_feedback,"Political and civic education only; protest, civil disobedience, and legal rights are jurisdiction-specific and can involve serious risk."
20,"Community, Citizenship, Justice, and Nonviolent Action",20.16,Mutual aid and community resilience,"Build reciprocal local capacity for food, transport, information, emergency response, childcare, and support.",Participates in a system where help flows through relationships rather than one-way charity alone.,cross_context_core,cross_tradition_core_or_broadly_recurrent,interdependence; stewardship; agency,conceptual_explanation; real_world_application; artifact; community_feedback,"Political and civic education only; protest, civil disobedience, and legal rights are jurisdiction-specific and can involve serious risk."
20,"Community, Citizenship, Justice, and Nonviolent Action",20.17,Social insurance and shared risk,"Understand why societies pool risks related to health, unemployment, disability, aging, disaster, and poverty.","Can evaluate a policy using adequacy, incentives, access, dignity, cost, and distribution.",cross_context_core,cross_tradition_core_or_broadly_recurrent,interdependence; stewardship; agency,conceptual_explanation; real_world_application; artifact; community_feedback,"Political and civic education only; protest, civil disobedience, and legal rights are jurisdiction-specific and can involve serious risk."
20,"Community, Citizenship, Justice, and Nonviolent Action",20.18,Peacebuilding and reconciliation after collective harm,"Study truth-telling, accountability, memory, reparations, institutional reform, and coexistence after violence or oppression.",Can compare reconciliation models without equating peace with forgetting or impunity.,cross_context_core,cross_tradition_core_or_broadly_recurrent,interdependence; stewardship; agency,conceptual_explanation; real_world_application; artifact; community_feedback,"Political and civic education only; protest, civil disobedience, and legal rights are jurisdiction-specific and can involve serious risk."
21,"Work, Craft, Professionalism, and Labor Ethics",21.01,Work worth doing,"Evaluate roles by aptitude, livelihood, service, meaning, environment, growth, dignity, and real need.",Chooses or redesigns work using explicit criteria rather than prestige alone.,context_sensitive,cross_tradition_core_or_broadly_recurrent,agency; stewardship; interdependence,performance_task; artifact; observer_feedback; objective_indicator,
21,"Work, Craft, Professionalism, and Labor Ethics",21.02,Professional reliability,"Be prepared, punctual, communicative, organized, honest about status, and attentive to commitments.",Others can plan around work with justified confidence.,context_sensitive,cross_tradition_core_or_broadly_recurrent,agency; stewardship; interdependence,performance_task; artifact; observer_feedback; objective_indicator,
21,"Work, Craft, Professionalism, and Labor Ethics",21.03,Foundational craft competence,"Identify core knowledge, skills, tools, standards, and safety requirements in a field.",Produces competent work repeatedly rather than occasional impressive results.,context_sensitive,cross_tradition_core_or_broadly_recurrent,agency; stewardship; interdependence,performance_task; artifact; observer_feedback; objective_indicator,
21,"Work, Craft, Professionalism, and Labor Ethics",21.04,Deliberate mastery and expertise,"Target weaknesses, practice at the edge of ability, seek expert critique, and integrate components.",Performance improves on a meaningful external standard.,context_sensitive,cross_tradition_core_or_broadly_recurrent,agency; stewardship; interdependence,performance_task; artifact; observer_feedback; objective_indicator,
21,"Work, Craft, Professionalism, and Labor Ethics",21.05,"Quality, craftsmanship, and reputation","Match care, robustness, elegance, documentation, and finish to consequence and purpose.","Work becomes associated with trust because quality is consistent, not performative.",context_sensitive,cross_tradition_core_or_broadly_recurrent,agency; stewardship; interdependence,performance_task; artifact; observer_feedback; objective_indicator,
21,"Work, Craft, Professionalism, and Labor Ethics",21.06,"Customer, stakeholder, and user understanding","Understand who is affected, what problem matters, and how success is experienced downstream.",Improves work because real needs—not only internal assumptions—shape decisions.,context_sensitive,cross_tradition_core_or_broadly_recurrent,agency; stewardship; interdependence,performance_task; artifact; observer_feedback; objective_indicator,
21,"Work, Craft, Professionalism, and Labor Ethics",21.07,Systems and organizational awareness,"See interfaces, incentives, dependencies, constraints, failure modes, and institutional context.",Prevents or solves a problem beyond the immediate assigned task.,context_sensitive,cross_tradition_core_or_broadly_recurrent,agency; stewardship; interdependence,performance_task; artifact; observer_feedback; objective_indicator,
21,"Work, Craft, Professionalism, and Labor Ethics",21.08,Project delivery,"Define scope, requirements, milestones, risk, ownership, verification, and acceptance.",Delivers a meaningful project with transparent tradeoffs and lessons captured.,context_sensitive,cross_tradition_core_or_broadly_recurrent,agency; stewardship; interdependence,performance_task; artifact; observer_feedback; objective_indicator,
21,"Work, Craft, Professionalism, and Labor Ethics",21.09,Collaboration and team contribution,"Coordinate, communicate, document, share credit, challenge constructively, and support collective outcomes.",The team becomes more capable and reliable because of participation.,context_sensitive,cross_tradition_core_or_broadly_recurrent,agency; stewardship; interdependence,performance_task; artifact; observer_feedback; objective_indicator,
21,"Work, Craft, Professionalism, and Labor Ethics",21.10,Innovation and improvement,"Question assumptions, combine ideas, run experiments, and improve value without fetishizing novelty.",A tested change creates measurable benefit or useful learning.,context_sensitive,cross_tradition_core_or_broadly_recurrent,agency; stewardship; interdependence,performance_task; artifact; observer_feedback; objective_indicator,
21,"Work, Craft, Professionalism, and Labor Ethics",21.11,Career adaptability and marketable capability,"Track changes in technology, industry, society, and required skills while maintaining transferable fundamentals.",Can reposition skills and continue creating value through change.,context_sensitive,cross_tradition_core_or_broadly_recurrent,agency; stewardship; interdependence,performance_task; artifact; observer_feedback; objective_indicator,
21,"Work, Craft, Professionalism, and Labor Ethics",21.12,Meaningful contribution and service through work,"Connect daily effort to people served, problems reduced, knowledge preserved, or institutions improved.",Can articulate and demonstrate who benefits from the work.,context_sensitive,cross_tradition_core_or_broadly_recurrent,agency; stewardship; interdependence,performance_task; artifact; observer_feedback; objective_indicator,
21,"Work, Craft, Professionalism, and Labor Ethics",21.13,"Documentation, maintainability, and professional legacy","Record decisions, teach successors, design for upkeep, and leave systems understandable.",Value persists when the original worker is absent.,context_sensitive,cross_tradition_core_or_broadly_recurrent,agency; stewardship; interdependence,performance_task; artifact; observer_feedback; objective_indicator,
21,"Work, Craft, Professionalism, and Labor Ethics",21.14,"Efficiency, thoroughness, and quality tradeoffs","Choose when work should be fast, sufficient, robust, elegant, reversible, or exceptional.",Quality level is consciously matched to consequence rather than driven by haste or perfectionism.,context_sensitive,cross_tradition_core_or_broadly_recurrent,agency; stewardship; interdependence,performance_task; artifact; observer_feedback; objective_indicator,
21,"Work, Craft, Professionalism, and Labor Ethics",21.15,Worker rights and employment law literacy,"Understand wages, hours, discrimination, accommodation, safety, leave, classification, contracts, and complaint paths in the relevant jurisdiction.",Can identify a workplace right or obligation and locate authoritative guidance.,context_sensitive,cross_tradition_core_or_broadly_recurrent,agency; stewardship; interdependence,performance_task; artifact; observer_feedback; objective_indicator,
21,"Work, Craft, Professionalism, and Labor Ethics",21.16,"Power asymmetry, exploitation, and precarity","Recognize coercive dependence, wage theft, retaliation, unsafe conditions, disposable labor, and the unequal ability to refuse.",Can distinguish a demanding but fair arrangement from exploitative leverage and identify possible remedies.,context_sensitive,cross_tradition_core_or_broadly_recurrent,agency; stewardship; interdependence,performance_task; artifact; observer_feedback; objective_indicator,
21,"Work, Craft, Professionalism, and Labor Ethics",21.17,"Collective bargaining, unions, and worker voice","Understand individual and collective mechanisms for negotiating pay, safety, dignity, and change.","Can evaluate the benefits, costs, legal context, and governance of collective worker action.",context_sensitive,cross_tradition_core_or_broadly_recurrent,agency; stewardship; interdependence,performance_task; artifact; observer_feedback; objective_indicator,
21,"Work, Craft, Professionalism, and Labor Ethics",21.18,Inclusive and accessible work,"Design expectations, tools, communication, hiring, and advancement to reduce irrelevant barriers.",A work process becomes more accessible while preserving legitimate job requirements.,context_sensitive,cross_tradition_core_or_broadly_recurrent,agency; stewardship; interdependence,performance_task; artifact; observer_feedback; objective_indicator,
21,"Work, Craft, Professionalism, and Labor Ethics",21.19,"Work boundaries, rest, and freedom from total identity","Protect health, family, civic life, worship, leisure, and dignity from indefinite work expansion.",Can set or negotiate a boundary and maintain a sense of worth beyond occupational performance.,context_sensitive,cross_tradition_core_or_broadly_recurrent,agency; stewardship; interdependence,performance_task; artifact; observer_feedback; objective_indicator,
22,"Leadership, Power, Mentorship, and Institutions",22.01,Self-leadership and credibility,"Model the standards, preparation, emotional regulation, and responsibility expected of others.",Influence is supported by conduct rather than title or image alone.,role_conditional,role_conditional,agency; stewardship; interdependence,observer_feedback; artifact; outcome_indicator; longitudinal_review,
22,"Leadership, Power, Mentorship, and Institutions",22.02,"Direction, vision, and priorities","Define a worthwhile future, explain why it matters, and translate it into limited priorities.",People understand both destination and immediate focus.,role_conditional,role_conditional,agency; stewardship; interdependence,observer_feedback; artifact; outcome_indicator; longitudinal_review,
22,"Leadership, Power, Mentorship, and Institutions",22.03,Authority and ethical use of power,"Recognize formal and informal power, conflicts of interest, coercion, dependency, and accountability.",Uses influence to increase capacity and protect dignity rather than secure obedience or admiration.,role_conditional,role_conditional,agency; stewardship; interdependence,observer_feedback; artifact; outcome_indicator; longitudinal_review,
22,"Leadership, Power, Mentorship, and Institutions",22.04,Decision-making under responsibility,"Make timely choices with incomplete information while considering expertise, dissent, risk, and affected people.",Owns outcomes and revises decisions when evidence changes.,role_conditional,role_conditional,agency; stewardship; interdependence,observer_feedback; artifact; outcome_indicator; longitudinal_review,
22,"Leadership, Power, Mentorship, and Institutions",22.05,Delegation and empowerment,"Match responsibility to readiness, provide context and authority, establish checkpoints, and avoid micromanagement.",Others gain competence while real work progresses.,role_conditional,role_conditional,agency; stewardship; interdependence,observer_feedback; artifact; outcome_indicator; longitudinal_review,
22,"Leadership, Power, Mentorship, and Institutions",22.06,"Coaching, mentorship, and development","Diagnose learning needs, ask useful questions, teach, challenge, encourage, and create opportunities.",Another person becomes more independent and capable.,role_conditional,role_conditional,agency; stewardship; interdependence,observer_feedback; artifact; outcome_indicator; longitudinal_review,
22,"Leadership, Power, Mentorship, and Institutions",22.07,Accountability and standards,"Set clear expectations, observe performance, recognize success, confront shortfalls, and follow through.","Standards are consistent, humane, and connected to purpose.",role_conditional,role_conditional,agency; stewardship; interdependence,observer_feedback; artifact; outcome_indicator; longitudinal_review,
22,"Leadership, Power, Mentorship, and Institutions",22.08,"Conflict, dissent, and psychological safety","Invite challenge, protect good-faith disagreement, address harmful behavior, and prevent silence from masquerading as alignment.",Important problems surface early enough to be solved.,role_conditional,role_conditional,agency; stewardship; interdependence,observer_feedback; artifact; outcome_indicator; longitudinal_review,
22,"Leadership, Power, Mentorship, and Institutions",22.09,Culture and institutional design,"Shape norms, incentives, rituals, information flow, selection, promotion, and consequences.",Desired behavior is supported by the system rather than dependent on speeches.,role_conditional,role_conditional,agency; stewardship; interdependence,observer_feedback; artifact; outcome_indicator; longitudinal_review,
22,"Leadership, Power, Mentorship, and Institutions",22.10,Organizational politics and stakeholder navigation,"Understand interests, coalitions, status, informal authority, and legitimate negotiation without corruption or naïveté.",Achieves a defensible objective while preserving trust and principles.,role_conditional,role_conditional,agency; stewardship; interdependence,observer_feedback; artifact; outcome_indicator; longitudinal_review,
22,"Leadership, Power, Mentorship, and Institutions",22.11,Crisis leadership,"Stabilize, communicate, prioritize safety, assign ownership, make decisions, and preserve learning under pressure.","People know what is happening, what to do, and when the plan will be reassessed.",role_conditional,role_conditional,agency; stewardship; interdependence,observer_feedback; artifact; outcome_indicator; longitudinal_review,
22,"Leadership, Power, Mentorship, and Institutions",22.12,Succession and institutional stewardship,"Develop replacements, distribute knowledge, document governance, and reduce dependence on one person.",The group remains capable and principled after leadership changes.,role_conditional,role_conditional,agency; stewardship; interdependence,observer_feedback; artifact; outcome_indicator; longitudinal_review,
22,"Leadership, Power, Mentorship, and Institutions",22.13,Anti-corruption and conflicts of interest,"Recognize bribery, favoritism, self-dealing, undisclosed interests, procurement abuse, and normalization of small violations.","Uses disclosure, recusal, separation of duties, audit, and enforcement appropriate to the risk.",role_conditional,role_conditional,agency; stewardship; interdependence,observer_feedback; artifact; outcome_indicator; longitudinal_review,
22,"Leadership, Power, Mentorship, and Institutions",22.14,Institutional capture and concentrated power,"Understand how regulators, boards, professions, parties, donors, or leaders can become controlled by the interests they should govern.","Can identify capture mechanisms and propose checks, transparency, rotation, or countervailing power.",role_conditional,role_conditional,agency; stewardship; interdependence,observer_feedback; artifact; outcome_indicator; longitudinal_review,
22,"Leadership, Power, Mentorship, and Institutions",22.15,Whistleblowing and protected dissent,"Assess evidence, severity, internal channels, retaliation risk, confidentiality, legal protection, and public interest.","Can create a defensible escalation plan that protects evidence, affected people, and due process.",role_conditional,role_conditional,agency; stewardship; interdependence,observer_feedback; artifact; outcome_indicator; longitudinal_review,
22,"Leadership, Power, Mentorship, and Institutions",22.16,"Governance, checks, and accountable authority","Design decision rights, oversight, appeal, succession, transparency, and independent review.",An institution can detect and correct leader error without relying on the leader's virtue alone.,role_conditional,role_conditional,agency; stewardship; interdependence,observer_feedback; artifact; outcome_indicator; longitudinal_review,
22,"Leadership, Power, Mentorship, and Institutions",22.17,Abuse response and institutional repair,"Respond to harassment, discrimination, violence, fraud, and cover-up through safety, investigation, accountability, remediation, and structural change.",A response protects affected people and reduces recurrence rather than only managing reputation.,role_conditional,role_conditional,agency; stewardship; interdependence,observer_feedback; artifact; outcome_indicator; longitudinal_review,
23,"Personal Finance, Provision, and Material Stewardship",23.01,Personal financial literacy,"Understand income, expenses, cash flow, interest, inflation, taxes, credit, risk, and opportunity cost.",Can explain current financial position and major vulnerabilities accurately.,context_sensitive,cross_tradition_core_or_broadly_recurrent,agency; stewardship; interdependence,artifact; objective_indicator; behavioral_adherence; longitudinal_review,"Financial education only; tax, investment, insurance, estate, and benefits decisions may require licensed or jurisdiction-specific advice."
23,"Personal Finance, Provision, and Material Stewardship",23.02,Budgeting and cash-flow control,"Allocate money toward obligations, resilience, goals, generosity, and enjoyment.","Spending reflects stated priorities over time, not only during motivated weeks.",context_sensitive,cross_tradition_core_or_broadly_recurrent,agency; stewardship; interdependence,artifact; objective_indicator; behavioral_adherence; longitudinal_review,"Financial education only; tax, investment, insurance, estate, and benefits decisions may require licensed or jurisdiction-specific advice."
23,"Personal Finance, Provision, and Material Stewardship",23.03,Emergency reserves and liquidity,Estimate foreseeable disruptions and build accessible reserves.,Common emergencies no longer require immediate panic or high-cost debt.,context_sensitive,cross_tradition_core_or_broadly_recurrent,agency; stewardship; interdependence,artifact; objective_indicator; behavioral_adherence; longitudinal_review,"Financial education only; tax, investment, insurance, estate, and benefits decisions may require licensed or jurisdiction-specific advice."
23,"Personal Finance, Provision, and Material Stewardship",23.04,Debt and credit,"Evaluate purpose, terms, total cost, leverage, collateral, default risk, and repayment.",Can justify each debt and maintain a credible exit plan.,context_sensitive,cross_tradition_core_or_broadly_recurrent,agency; stewardship; interdependence,artifact; objective_indicator; behavioral_adherence; longitudinal_review,"Financial education only; tax, investment, insurance, estate, and benefits decisions may require licensed or jurisdiction-specific advice."
23,"Personal Finance, Provision, and Material Stewardship",23.05,"Saving, investing, and retirement","Understand diversification, fees, taxes, compounding, volatility, horizon, and the limits of prediction.",Uses a simple long-term strategy appropriate to goals and risk tolerance.,context_sensitive,cross_tradition_core_or_broadly_recurrent,agency; stewardship; interdependence,artifact; objective_indicator; behavioral_adherence; longitudinal_review,"Financial education only; tax, investment, insurance, estate, and benefits decisions may require licensed or jurisdiction-specific advice."
23,"Personal Finance, Provision, and Material Stewardship",23.06,"Insurance, estate, and dependent protection","Maintain suitable insurance, beneficiaries, powers, records, wills, and continuity plans.",Essential people can act if the individual is unavailable or incapacitated.,context_sensitive,cross_tradition_core_or_broadly_recurrent,agency; stewardship; interdependence,artifact; objective_indicator; behavioral_adherence; longitudinal_review,"Financial education only; tax, investment, insurance, estate, and benefits decisions may require licensed or jurisdiction-specific advice."
23,"Personal Finance, Provision, and Material Stewardship",23.07,"Consumption, status, and enoughness","Purchase according to purpose, durability, total cost, maintenance, and actual enjoyment.",Reduces impulsive or status-driven spending without treating all comfort as vice.,context_sensitive,cross_tradition_core_or_broadly_recurrent,agency; stewardship; interdependence,artifact; objective_indicator; behavioral_adherence; longitudinal_review,"Financial education only; tax, investment, insurance, estate, and benefits decisions may require licensed or jurisdiction-specific advice."
23,"Personal Finance, Provision, and Material Stewardship",23.08,Generosity and responsible provision,"Share money, access, knowledge, and opportunity sustainably while meeting legitimate obligations.",Giving responds to real need and does not create hidden resentment or dependence.,context_sensitive,cross_tradition_core_or_broadly_recurrent,agency; stewardship; interdependence,artifact; objective_indicator; behavioral_adherence; longitudinal_review,"Financial education only; tax, investment, insurance, estate, and benefits decisions may require licensed or jurisdiction-specific advice."
23,"Personal Finance, Provision, and Material Stewardship",23.09,Family and intergenerational stewardship,"Plan for children, elders, education, inheritance, shared property, and financial teaching.",Resources strengthen future agency rather than merely transfer consumption.,context_sensitive,cross_tradition_core_or_broadly_recurrent,agency; stewardship; interdependence,artifact; objective_indicator; behavioral_adherence; longitudinal_review,"Financial education only; tax, investment, insurance, estate, and benefits decisions may require licensed or jurisdiction-specific advice."
23,"Personal Finance, Provision, and Material Stewardship",23.10,Material and ecological stewardship,"Treat possessions, land, energy, time, and capital as resources with social and environmental consequences.","Decisions consider lifecycle, waste, repair, and effects beyond the owner.",context_sensitive,cross_tradition_core_or_broadly_recurrent,agency; stewardship; interdependence,artifact; objective_indicator; behavioral_adherence; longitudinal_review,"Financial education only; tax, investment, insurance, estate, and benefits decisions may require licensed or jurisdiction-specific advice."
23,"Personal Finance, Provision, and Material Stewardship",23.11,"Financial hardship, poverty, and constrained choice","Understand how scarcity, unstable income, debt traps, benefit cliffs, housing cost, disability, and caregiving restrict options.","Builds a realistic stabilization plan using assistance, negotiation, prioritization, and harm reduction rather than shame.",context_sensitive,cross_tradition_core_or_broadly_recurrent,agency; stewardship; interdependence,artifact; objective_indicator; behavioral_adherence; longitudinal_review,"Financial education only; tax, investment, insurance, estate, and benefits decisions may require licensed or jurisdiction-specific advice."
23,"Personal Finance, Provision, and Material Stewardship",23.12,Financial relationships and shared money,"Communicate about secrecy, risk, control, contribution, dependence, gifts, and unequal income in households and close relationships.",Shared financial expectations and decision rights are explicit and reviewable.,context_sensitive,cross_tradition_core_or_broadly_recurrent,agency; stewardship; interdependence,artifact; objective_indicator; behavioral_adherence; longitudinal_review,"Financial education only; tax, investment, insurance, estate, and benefits decisions may require licensed or jurisdiction-specific advice."
24,"Entrepreneurship, Markets, Economics, and Social Systems",24.01,"Income, negotiation, and career economics","Increase earnings through useful capability, negotiation, mobility, and informed tradeoffs.",Income growth is tied to increased value or better market positioning rather than fantasy.,role_conditional,role_conditional,agency; stewardship; interdependence,artifact; objective_indicator; real_world_application; longitudinal_review,"Business and economic education only; legal, tax, securities, employment, and regulatory questions require qualified advice."
24,"Entrepreneurship, Markets, Economics, and Social Systems",24.02,Entrepreneurship and value creation,"Identify costly problems, validate demand, design an offer, deliver value, and learn from customers.",A real customer or stakeholder receives measurable benefit.,role_conditional,role_conditional,agency; stewardship; interdependence,artifact; objective_indicator; real_world_application; longitudinal_review,"Business and economic education only; legal, tax, securities, employment, and regulatory questions require qualified advice."
24,"Entrepreneurship, Markets, Economics, and Social Systems",24.03,"Business, markets, and economics","Understand incentives, competition, pricing, marketing, operations, accounting, macroeconomics, and regulation.",Can reason about a business or market beyond slogans and revenue alone.,role_conditional,role_conditional,agency; stewardship; interdependence,artifact; objective_indicator; real_world_application; longitudinal_review,"Business and economic education only; legal, tax, securities, employment, and regulatory questions require qualified advice."
24,"Entrepreneurship, Markets, Economics, and Social Systems",24.04,Customer discovery and problem validation,"Test whether a problem is real, costly, frequent, and underserved before building a solution.",Can present evidence from actual users or buyers that changed the proposed offer.,role_conditional,role_conditional,agency; stewardship; interdependence,artifact; objective_indicator; real_world_application; longitudinal_review,"Business and economic education only; legal, tax, securities, employment, and regulatory questions require qualified advice."
24,"Entrepreneurship, Markets, Economics, and Social Systems",24.05,"Business models, pricing, and unit economics","Understand revenue, cost, margin, cash conversion, retention, acquisition, risk, and scalability.",Can explain whether an offer creates and captures enough value to remain viable.,role_conditional,role_conditional,agency; stewardship; interdependence,artifact; objective_indicator; real_world_application; longitudinal_review,"Business and economic education only; legal, tax, securities, employment, and regulatory questions require qualified advice."
24,"Entrepreneurship, Markets, Economics, and Social Systems",24.06,"Operations, accounting, and compliance","Build reliable delivery, records, controls, taxes, contracts, quality, privacy, and regulatory compliance.",A small operation can be inspected and continued without hidden chaos.,role_conditional,role_conditional,agency; stewardship; interdependence,artifact; objective_indicator; real_world_application; longitudinal_review,"Business and economic education only; legal, tax, securities, employment, and regulatory questions require qualified advice."
24,"Entrepreneurship, Markets, Economics, and Social Systems",24.07,"Competition, monopoly, and market power","Understand entry barriers, network effects, lock-in, concentration, predatory conduct, and consumer welfare.","Can analyze when market success reflects value, advantage, capture, or exploitation.",role_conditional,role_conditional,agency; stewardship; interdependence,artifact; objective_indicator; real_world_application; longitudinal_review,"Business and economic education only; legal, tax, securities, employment, and regulatory questions require qualified advice."
24,"Entrepreneurship, Markets, Economics, and Social Systems",24.08,Externalities and full-cost accounting,"Identify costs shifted to workers, communities, public systems, future generations, or the environment.",A decision includes meaningful external costs and mitigation rather than revenue alone.,role_conditional,role_conditional,agency; stewardship; interdependence,artifact; objective_indicator; real_world_application; longitudinal_review,"Business and economic education only; legal, tax, securities, employment, and regulatory questions require qualified advice."
24,"Entrepreneurship, Markets, Economics, and Social Systems",24.09,Macroeconomics and economic cycles,"Understand inflation, unemployment, productivity, growth, interest rates, monetary policy, fiscal policy, and recession at a practical level.",Can interpret a major economic development without confusing household and national accounting.,role_conditional,role_conditional,agency; stewardship; interdependence,artifact; objective_indicator; real_world_application; longitudinal_review,"Business and economic education only; legal, tax, securities, employment, and regulatory questions require qualified advice."
24,"Entrepreneurship, Markets, Economics, and Social Systems",24.10,"Public finance, taxation, and redistribution","Understand tax bases, spending, debt, public goods, incentives, incidence, and distributional choices.","Can compare policy options using fiscal, behavioral, and equity tradeoffs.",role_conditional,role_conditional,agency; stewardship; interdependence,artifact; objective_indicator; real_world_application; longitudinal_review,"Business and economic education only; legal, tax, securities, employment, and regulatory questions require qualified advice."
24,"Entrepreneurship, Markets, Economics, and Social Systems",24.11,Social insurance and welfare-state design,"Understand unemployment, health, disability, retirement, family support, and means-tested versus universal programs.","Can evaluate adequacy, access, incentives, dignity, and sustainability.",role_conditional,role_conditional,agency; stewardship; interdependence,artifact; objective_indicator; real_world_application; longitudinal_review,"Business and economic education only; legal, tax, securities, employment, and regulatory questions require qualified advice."
24,"Entrepreneurship, Markets, Economics, and Social Systems",24.12,"Ownership, governance, and alternative enterprise forms","Compare sole ownership, partnership, corporation, cooperative, employee ownership, nonprofit, and public enterprise.","Chooses or analyzes a form based on capital, control, mission, accountability, and stakeholder effects.",role_conditional,role_conditional,agency; stewardship; interdependence,artifact; objective_indicator; real_world_application; longitudinal_review,"Business and economic education only; legal, tax, securities, employment, and regulatory questions require qualified advice."
24,"Entrepreneurship, Markets, Economics, and Social Systems",24.13,Responsible innovation and technological change,"Assess benefits, displacement, safety, privacy, environmental impact, accessibility, and distribution before scaling.","A product or policy includes monitoring, mitigation, and a process for stopping or revising harmful deployment.",role_conditional,role_conditional,agency; stewardship; interdependence,artifact; objective_indicator; real_world_application; longitudinal_review,"Business and economic education only; legal, tax, securities, employment, and regulatory questions require qualified advice."
24,"Entrepreneurship, Markets, Economics, and Social Systems",24.14,"Global trade, development, and supply chains","Understand comparative advantage, labor conditions, logistics, resilience, sanctions, exchange, and unequal bargaining power.",Can trace a product or policy through major cross-border dependencies and ethical tradeoffs.,role_conditional,role_conditional,agency; stewardship; interdependence,artifact; objective_indicator; real_world_application; longitudinal_review,"Business and economic education only; legal, tax, securities, employment, and regulatory questions require qualified advice."
25,"Creativity, Beauty, and Culture",25.01,Regular creative production,"Make through writing, music, visual art, performance, design, craft, building, or invention.",Produces work consistently rather than waiting for inspiration or identity permission.,elective_cultivation,elective_but_flourishing_relevant,agency; receptivity; interdependence,artifact; performance_task; audience_feedback; longitudinal_review,
25,"Creativity, Beauty, and Culture",25.02,Observation and imagination,"Attend closely to form, pattern, language, movement, sound, human behavior, and possible alternatives.",Creative work or notes contain details and connections previously missed.,elective_cultivation,elective_but_flourishing_relevant,agency; receptivity; interdependence,artifact; performance_task; audience_feedback; longitudinal_review,
25,"Creativity, Beauty, and Culture",25.03,Aesthetic literacy and taste,"Compare excellent, ordinary, and flawed works; identify choices, effects, context, and standards.",Can explain appreciation or criticism beyond personal preference.,elective_cultivation,elective_but_flourishing_relevant,agency; receptivity; interdependence,artifact; performance_task; audience_feedback; longitudinal_review,
25,"Creativity, Beauty, and Culture",25.04,Medium and technique,"Learn how materials, tools, constraints, and conventions shape what can be expressed.",Can execute foundational techniques and choose a medium for a reason.,elective_cultivation,elective_but_flourishing_relevant,agency; receptivity; interdependence,artifact; performance_task; audience_feedback; longitudinal_review,
25,"Creativity, Beauty, and Culture",25.05,Originality through synthesis,"Combine influences, experiences, constraints, and problems without merely imitating surface style.",Work shows recognizable integration and can identify its debts honestly.,elective_cultivation,elective_but_flourishing_relevant,agency; receptivity; interdependence,artifact; performance_task; audience_feedback; longitudinal_review,
25,"Creativity, Beauty, and Culture",25.06,Creative courage and experimentation,"Generate alternatives, tolerate failed attempts, and expose unfinished ideas to useful critique.",Runs repeated creative experiments without treating each result as a verdict on identity.,elective_cultivation,elective_but_flourishing_relevant,agency; receptivity; interdependence,artifact; performance_task; audience_feedback; longitudinal_review,
25,"Creativity, Beauty, and Culture",25.07,"Revision, finishing, and publication","Define completion, edit, refine, present, and release work appropriately.",At least one meaningful creation reaches an audience and produces feedback.,elective_cultivation,elective_but_flourishing_relevant,agency; receptivity; interdependence,artifact; performance_task; audience_feedback; longitudinal_review,
25,"Creativity, Beauty, and Culture",25.08,Creative collaboration,"Share authorship, negotiate differences, combine strengths, and manage credit.",A joint work is stronger because control and contribution were handled maturely.,elective_cultivation,elective_but_flourishing_relevant,agency; receptivity; interdependence,artifact; performance_task; audience_feedback; longitudinal_review,
25,"Creativity, Beauty, and Culture",25.09,"Art as truth, memory, and moral imagination","Use art to explore ambiguity, suffering, hope, identity, history, and perspectives inaccessible to direct argument.",A work communicates or reveals something that straightforward explanation could not fully carry.,elective_cultivation,elective_but_flourishing_relevant,agency; receptivity; interdependence,artifact; performance_task; audience_feedback; longitudinal_review,
25,"Creativity, Beauty, and Culture",25.10,Cultural and historical literacy,"Study literature, art, music, ritual, stories, design, and customs across time and cultures.","Can appreciate inheritance while recognizing context, exclusion, adaptation, and change.",elective_cultivation,elective_but_flourishing_relevant,agency; receptivity; interdependence,artifact; performance_task; audience_feedback; longitudinal_review,
25,"Creativity, Beauty, and Culture",25.11,Personal style and aesthetic environment,"Develop dress, spaces, objects, and presentation that serve function, beauty, identity, and hospitality.",Aesthetic choices are coherent and considerate rather than status imitation alone.,elective_cultivation,elective_but_flourishing_relevant,agency; receptivity; interdependence,artifact; performance_task; audience_feedback; longitudinal_review,
25,"Creativity, Beauty, and Culture",25.12,Communal craft and tradition-bearing,"Learn creative forms through lineages, guilds, ensembles, communities, or inherited practice rather than isolated self-expression alone.","Can perform or transmit a form with respect for its history, community, and standards.",elective_cultivation,elective_but_flourishing_relevant,agency; receptivity; interdependence,artifact; performance_task; audience_feedback; longitudinal_review,
25,"Creativity, Beauty, and Culture",25.13,"Cultural appropriation, exchange, and attribution","Distinguish respectful learning and exchange from extraction, stereotype, misrepresentation, or uncredited commercial use.","Can explain permission, attribution, context, benefit, and power in a concrete cultural use.",elective_cultivation,elective_but_flourishing_relevant,agency; receptivity; interdependence,artifact; performance_task; audience_feedback; longitudinal_review,
26,"Play, Celebration, Leisure, Nature, and Exploration",26.01,Play for its own sake,"Engage in games, imagination, movement, humor, experimentation, and friendly competition without turning everything into optimization.",Experiences spontaneity and connection without requiring measurable output.,cross_context_core,cross_tradition_core_or_broadly_recurrent,receptivity; interdependence; transcendence,behavioral_adherence; artifact; community_feedback; longitudinal_review,
26,"Play, Celebration, Leisure, Nature, and Exploration",26.02,Rest and leisure,"Use unstructured time, recreation, Sabbath, vacation, and recovery deliberately rather than defaulting to numbing consumption.","Leisure reliably restores attention, relationship, or vitality.",cross_context_core,cross_tradition_core_or_broadly_recurrent,receptivity; interdependence; transcendence,behavioral_adherence; artifact; community_feedback; longitudinal_review,
26,"Play, Celebration, Leisure, Nature, and Exploration",26.03,Hobbies and lifelong interests,"Develop activities pursued for enjoyment, identity, community, and skill outside primary work.",Maintains at least one durable interest without needing monetization or prestige.,cross_context_core,cross_tradition_core_or_broadly_recurrent,receptivity; interdependence; transcendence,behavioral_adherence; artifact; community_feedback; longitudinal_review,
26,"Play, Celebration, Leisure, Nature, and Exploration",26.04,Nature connection and ecological awareness,"Observe seasons, weather, land, plants, animals, ecosystems, and human dependence on them.","Regular contact with nature changes attention, gratitude, or stewardship.",cross_context_core,cross_tradition_core_or_broadly_recurrent,receptivity; interdependence; transcendence,behavioral_adherence; artifact; community_feedback; longitudinal_review,
26,"Play, Celebration, Leisure, Nature, and Exploration",26.05,Outdoor competence and responsible recreation,"Prepare, navigate, minimize impact, respect conditions, and build capability in chosen environments.",Can participate safely while protecting the place and other users.,cross_context_core,cross_tradition_core_or_broadly_recurrent,receptivity; interdependence; transcendence,behavioral_adherence; artifact; community_feedback; longitudinal_review,
26,"Play, Celebration, Leisure, Nature, and Exploration",26.06,"Travel, geography, and place","Understand geography, local history, customs, language basics, etiquette, and the effects of tourism.",Travels with curiosity and respect rather than consuming places as backdrops.,cross_context_core,cross_tradition_core_or_broadly_recurrent,receptivity; interdependence; transcendence,behavioral_adherence; artifact; community_feedback; longitudinal_review,
26,"Play, Celebration, Leisure, Nature, and Exploration",26.07,Cross-cultural exploration,"Encounter unfamiliar ways of living without romanticizing, ranking, or demanding sameness.","Can identify what was learned, what remains misunderstood, and how assumptions changed.",cross_context_core,cross_tradition_core_or_broadly_recurrent,receptivity; interdependence; transcendence,behavioral_adherence; artifact; community_feedback; longitudinal_review,
26,"Play, Celebration, Leisure, Nature, and Exploration",26.08,Adventure and calculated challenge,Choose experiences that expand courage and competence while managing real risk.,"Completes a challenge that required preparation, uncertainty, and adaptive response.",cross_context_core,cross_tradition_core_or_broadly_recurrent,receptivity; interdependence; transcendence,behavioral_adherence; artifact; community_feedback; longitudinal_review,
26,"Play, Celebration, Leisure, Nature, and Exploration",26.09,Wonder and awe,"Seek encounters with nature, science, art, sacred spaces, craftsmanship, or human excellence that expand perspective.","Awe produces attention, humility, gratitude, or renewed responsibility.",cross_context_core,cross_tradition_core_or_broadly_recurrent,receptivity; interdependence; transcendence,behavioral_adherence; artifact; community_feedback; longitudinal_review,
26,"Play, Celebration, Leisure, Nature, and Exploration",26.10,Communal festivity and celebration,"Create and participate in feasts, holidays, dances, games, music, ceremonies, and neighborhood or family celebrations.","A celebration increases belonging, gratitude, memory, or shared joy without requiring consumption or spectacle.",cross_context_core,cross_tradition_core_or_broadly_recurrent,receptivity; interdependence; transcendence,behavioral_adherence; artifact; community_feedback; longitudinal_review,
26,"Play, Celebration, Leisure, Nature, and Exploration",26.11,Communal recreation and inclusive play,"Design leisure that accommodates different ages, abilities, finances, and comfort levels.",More people can participate meaningfully because barriers and dominance were addressed.,cross_context_core,cross_tradition_core_or_broadly_recurrent,receptivity; interdependence; transcendence,behavioral_adherence; artifact; community_feedback; longitudinal_review,
26,"Play, Celebration, Leisure, Nature, and Exploration",26.12,Pilgrimage and meaningful journey,"Use travel or walking as disciplined encounter with place, history, devotion, memory, or personal transition.","The journey includes preparation, restraint, reflection, and responsibility to the place and people encountered.",cross_context_core,cross_tradition_core_or_broadly_recurrent,receptivity; interdependence; transcendence,behavioral_adherence; artifact; community_feedback; longitudinal_review,
26,"Play, Celebration, Leisure, Nature, and Exploration",26.13,"Humor, delight, and lightness","Cultivate the ability to enjoy absurdity, surprise, comedy, affection, and ordinary pleasure without cruelty or avoidance.",Brings relief or connection to a difficult season without denying what is serious.,cross_context_core,cross_tradition_core_or_broadly_recurrent,receptivity; interdependence; transcendence,behavioral_adherence; artifact; community_feedback; longitudinal_review,
26,"Play, Celebration, Leisure, Nature, and Exploration",26.14,Ecological relationship and reciprocal stewardship,"Move beyond nature as scenery by learning local ecology, limits, restoration, and reciprocal responsibilities.",Contributes to the health or understanding of a specific place over time.,cross_context_core,cross_tradition_core_or_broadly_recurrent,receptivity; interdependence; transcendence,behavioral_adherence; artifact; community_feedback; longitudinal_review,
27,"Integration, Life Design, Seasons, and Legacy",27.01,Life architecture,"Translate beliefs and values into calendar, environment, finances, relationships, roles, and recurring practices.",An ordinary week visibly reflects declared priorities.,cross_context_core,cross_tradition_core_or_broadly_recurrent,agency; receptivity; interdependence; stewardship,artifact; observer_feedback; longitudinal_review; outcome_indicator,
27,"Integration, Life Design, Seasons, and Legacy",27.02,Balancing competing goods,"Choose among work, family, health, service, rest, growth, pleasure, and security without pretending all can be maximized.",Makes difficult tradeoffs transparently and later reviews whether they were wise.,cross_context_core,cross_tradition_core_or_broadly_recurrent,agency; receptivity; interdependence; stewardship,artifact; observer_feedback; longitudinal_review; outcome_indicator,
27,"Integration, Life Design, Seasons, and Legacy",27.03,Seasons and changing emphasis,"Recognize periods of building, maintenance, caregiving, recovery, exploration, grief, and transition.","Defines what must advance, what must be protected, and what can temporarily wait.",cross_context_core,cross_tradition_core_or_broadly_recurrent,agency; receptivity; interdependence; stewardship,artifact; observer_feedback; longitudinal_review; outcome_indicator,
27,"Integration, Life Design, Seasons, and Legacy",27.04,Roles and responsibility portfolio,"Clarify obligations as individual, partner, relative, friend, worker, citizen, caregiver, and community member.",Can identify neglected roles and limits rather than allowing the loudest role to consume all others.,cross_context_core,cross_tradition_core_or_broadly_recurrent,agency; receptivity; interdependence; stewardship,artifact; observer_feedback; longitudinal_review; outcome_indicator,
27,"Integration, Life Design, Seasons, and Legacy",27.05,Personal operating reviews,"Review commitments, health, relationships, money, learning, work, service, and direction at sustainable intervals.","Reviews produce decisions, scheduled actions, and removed obligations.",cross_context_core,cross_tradition_core_or_broadly_recurrent,agency; receptivity; interdependence; stewardship,artifact; observer_feedback; longitudinal_review; outcome_indicator,
27,"Integration, Life Design, Seasons, and Legacy",27.06,Goals as experiments,"Treat major pursuits as hypotheses with measures, time limits, assumptions, and learning questions.","Can continue, adapt, or stop without turning revision into identity failure.",cross_context_core,cross_tradition_core_or_broadly_recurrent,agency; receptivity; interdependence; stewardship,artifact; observer_feedback; longitudinal_review; outcome_indicator,
27,"Integration, Life Design, Seasons, and Legacy",27.07,Transition preparedness,"Anticipate changes in work, location, partnership, parenthood, health, aging, dependency, and loss.",Creates practical and emotional preparation for at least one foreseeable transition.,cross_context_core,cross_tradition_core_or_broadly_recurrent,agency; receptivity; interdependence; stewardship,artifact; observer_feedback; longitudinal_review; outcome_indicator,
27,"Integration, Life Design, Seasons, and Legacy",27.08,Ambition and contentment,"Pursue excellence while learning sufficiency, rest, gratitude, and freedom from constant comparison.",Can strive intensely without making future achievement a condition for present dignity.,cross_context_core,cross_tradition_core_or_broadly_recurrent,agency; receptivity; interdependence; stewardship,artifact; observer_feedback; longitudinal_review; outcome_indicator,
27,"Integration, Life Design, Seasons, and Legacy",27.09,Coherence without rigidity,"Integrate principles into a stable identity while remaining capable of revision, surprise, and growth.",Can change a method or belief without losing the larger moral direction of life.,cross_context_core,cross_tradition_core_or_broadly_recurrent,agency; receptivity; interdependence; stewardship,artifact; observer_feedback; longitudinal_review; outcome_indicator,
27,"Integration, Life Design, Seasons, and Legacy",27.10,Mentorship and generativity,"Receive wisdom, teach others, create opportunities, preserve knowledge, and invest in future capability.",Other people become more capable because of sustained involvement.,cross_context_core,cross_tradition_core_or_broadly_recurrent,agency; receptivity; interdependence; stewardship,artifact; observer_feedback; longitudinal_review; outcome_indicator,
27,"Integration, Life Design, Seasons, and Legacy",27.11,"Legacy in people, institutions, and works","Consider what relationships, systems, traditions, knowledge, and repaired harms will remain.",Builds something maintainable that does not depend on personal recognition.,cross_context_core,cross_tradition_core_or_broadly_recurrent,agency; receptivity; interdependence; stewardship,artifact; observer_feedback; longitudinal_review; outcome_indicator,
27,"Integration, Life Design, Seasons, and Legacy",27.12,Annual reckoning and recommitment,"Review who was becoming, what was served, where harm occurred, what changed, and what the next season requires.",Produces an honest annual account and a limited set of renewed commitments.,cross_context_core,cross_tradition_core_or_broadly_recurrent,agency; receptivity; interdependence; stewardship,artifact; observer_feedback; longitudinal_review; outcome_indicator,
27,"Integration, Life Design, Seasons, and Legacy",27.13,"Applicability, role choice, and the right to leave domains unchosen","Distinguish universal human responsibilities from optional roles such as marriage, parenthood, leadership, entrepreneurship, or particular religious practice.",Can mark a role as not applicable or consciously declined without treating that choice as a moral deficit.,cross_context_core,cross_tradition_core_or_broadly_recurrent,agency; receptivity; interdependence; stewardship,artifact; observer_feedback; longitudinal_review; outcome_indicator,
27,"Integration, Life Design, Seasons, and Legacy",27.14,Multiple pathways to flourishing,"Recognize that disability, culture, vocation, faith, family structure, and circumstance produce different legitimate expressions of capability and contribution.","Can define an equivalent pathway when a standard practice is inaccessible, inappropriate, or contrary to conscience.",cross_context_core,cross_tradition_core_or_broadly_recurrent,agency; receptivity; interdependence; stewardship,artifact; observer_feedback; longitudinal_review; outcome_indicator,
27,"Integration, Life Design, Seasons, and Legacy",27.15,Receiving as well as achieving,"Integrate grace, dependence, inheritance, help, contemplation, celebration, and care into a model otherwise oriented toward action.","A life review names what was received and how to respond, not only what was accomplished.",cross_context_core,cross_tradition_core_or_broadly_recurrent,agency; receptivity; interdependence; stewardship,artifact; observer_feedback; longitudinal_review; outcome_indicator,
