Task,Task ID,Rank,Priority Band,Priority Score,Baseline Mastery,Raw Self-Report,Evidence Confidence,Status,Current Focus,Domain,Primary Lever,Primary Lever ID,Primary Lever Weight,Lever Mapping,Scope,Evidence of Progress,Applicability,Normative Status,Formation Modes,Evidence Types,Professional Boundary,Task Level,Journal Prompt
Friendship formation and selection,17.02,1,Top 25,0.3984,0.3723,0.3269,0.4946,Not started,FALSE,"Friendship, Belonging, Hospitality, and Social Networks","Friendship, Belonging, and Hospitality",L26,0.55,"L26 Friendship, Belonging, and Hospitality (0.55); L24 Empathy, Social Perception, and Perspective-Taking (0.25); L25 Boundaries, Assertiveness, and Self-Respect (0.20)","Assess reciprocity, trust, character, compatibility, influence, and shared activity over time.","Can explain why a friendship should deepen, remain limited, be repaired, or end.",cross_context_core,cross_tradition_core_or_broadly_recurrent,interdependence; receptivity; stewardship,behavioral_adherence; observer_feedback; longitudinal_review; artifact,,Master competency,"Before: Why does this matter now, and what will I deliberately practice? During: What resistance, choice, or pattern appeared? After: What happened, what evidence changed, and what should I repeat or revise?"
Maintaining friendship,17.03,2,Top 25,0.3945,0.3803,0.3371,0.5137,Not started,FALSE,"Friendship, Belonging, Hospitality, and Social Networks","Friendship, Belonging, and Hospitality",L26,0.65,"L26 Friendship, Belonging, and Hospitality (0.65); L10 Discipline, Habits, and Follow-Through (0.15); L23 Communication and Listening (0.10); L24 Empathy, Social Perception, and Perspective-Taking (0.10)","Remember, contact, invite, celebrate, assist, and remain present through ordinary time—not only crisis.",Important friendships receive consistent reciprocal investment.,cross_context_core,cross_tradition_core_or_broadly_recurrent,interdependence; receptivity; stewardship,behavioral_adherence; observer_feedback; longitudinal_review; artifact,,Master competency,"Before: Why does this matter now, and what will I deliberately practice? During: What resistance, choice, or pattern appeared? After: What happened, what evidence changed, and what should I repeat or revise?"
Communal festivity and celebration,26.10,3,Top 25,0.3892,0.3738,0.318,0.4587,Not started,FALSE,"Play, Celebration, Leisure, Nature, and Exploration","Play, Rest, Celebration, and Joy",L34,0.55,"L34 Play, Rest, Celebration, and Joy (0.55); L26 Friendship, Belonging, and Hospitality (0.25); L03 Spirituality, Reverence, and Transcendence (0.10); L16 Creativity, Aesthetics, and Cultural Literacy (0.10)","Create and participate in feasts, holidays, dances, games, music, ceremonies, and neighborhood or family celebrations.","A celebration increases belonging, gratitude, memory, or shared joy without requiring consumption or spectacle.",cross_context_core,cross_tradition_core_or_broadly_recurrent,receptivity; interdependence; transcendence,behavioral_adherence; artifact; community_feedback; longitudinal_review,,Master competency,"Before: Why does this matter now, and what will I deliberately practice? During: What resistance, choice, or pattern appeared? After: What happened, what evidence changed, and what should I repeat or revise?"
Hospitality and inclusion,17.07,4,Top 25,0.3874,0.3848,0.3444,0.4945,Not started,FALSE,"Friendship, Belonging, Hospitality, and Social Networks","Friendship, Belonging, and Hospitality",L26,0.5,"L26 Friendship, Belonging, and Hospitality (0.50); L24 Empathy, Social Perception, and Perspective-Taking (0.25); L31 Justice, Pluralism, and Social Responsibility (0.15); L18 Domestic Competence and Material Self-Sufficiency (0.10)","Welcome people, notice outsiders, create comfort, share resources, and facilitate participation.",A gathering or group becomes more accessible because of deliberate action.,cross_context_core,cross_tradition_core_or_broadly_recurrent,interdependence; receptivity; stewardship,behavioral_adherence; observer_feedback; longitudinal_review; artifact,,Master competency,"Before: Why does this matter now, and what will I deliberately practice? During: What resistance, choice, or pattern appeared? After: What happened, what evidence changed, and what should I repeat or revise?"
"Belonging, loneliness, and social ecology",17.09,5,Top 25,0.3809,0.3923,0.3551,0.4882,Not started,FALSE,"Friendship, Belonging, Hospitality, and Social Networks","Friendship, Belonging, and Hospitality",L26,0.6,"L26 Friendship, Belonging, and Hospitality (0.60); L05 Self-Knowledge, Identity, and Humility (0.15); L24 Empathy, Social Perception, and Perspective-Taking (0.15); L31 Justice, Pluralism, and Social Responsibility (0.10)","Build multiple forms of connection—intimate, communal, professional, intergenerational, and local.",Social well-being is not dependent on a single person or setting.,cross_context_core,cross_tradition_core_or_broadly_recurrent,interdependence; receptivity; stewardship,behavioral_adherence; observer_feedback; longitudinal_review; artifact,,Master competency,"Before: Why does this matter now, and what will I deliberately practice? During: What resistance, choice, or pattern appeared? After: What happened, what evidence changed, and what should I repeat or revise?"
"Humor, warmth, and social ease",16.13,6,Top 25,0.3788,0.394,0.3534,0.5031,Not started,FALSE,"Communication, Rhetoric, and Social Intelligence",Communication and Listening,L23,0.35,"L23 Communication and Listening (0.35); L26 Friendship, Belonging, and Hospitality (0.30); L34 Play, Rest, Celebration, and Joy (0.20); L24 Empathy, Social Perception, and Perspective-Taking (0.15)","Use playfulness, timing, self-awareness, and kindness without humiliation or compulsive performance.",Humor increases connection or relief rather than making another person the cost.,cross_context_core,cross_tradition_core_or_broadly_recurrent,agency; interdependence,performance_task; observer_feedback; artifact; longitudinal_review,,Master competency,"Before: Why does this matter now, and what will I deliberately practice? During: What resistance, choice, or pattern appeared? After: What happened, what evidence changed, and what should I repeat or revise?"
Reciprocity and healthy dependence,17.05,7,Top 25,0.3733,0.3983,0.3625,0.4821,Not started,FALSE,"Friendship, Belonging, Hospitality, and Social Networks","Friendship, Belonging, and Hospitality",L26,0.45,"L26 Friendship, Belonging, and Hospitality (0.45); L25 Boundaries, Assertiveness, and Self-Respect (0.25); L24 Empathy, Social Perception, and Perspective-Taking (0.20); L05 Self-Knowledge, Identity, and Humility (0.10)","Give and receive help, ask directly, share burdens, and avoid both exploitation and prideful self-sufficiency.",Relationships contain mutual contribution without exact scorekeeping.,cross_context_core,cross_tradition_core_or_broadly_recurrent,interdependence; receptivity; stewardship,behavioral_adherence; observer_feedback; longitudinal_review; artifact,,Master competency,"Before: Why does this matter now, and what will I deliberately practice? During: What resistance, choice, or pattern appeared? After: What happened, what evidence changed, and what should I repeat or revise?"
Vulnerability and emotional intimacy,18.05,8,Top 25,0.3726,0.398,0.3613,0.491,Not started,FALSE,"Intimacy, Sexuality, and Partnership","Intimacy, Sexuality, and Partnership",L27,0.5,"L27 Intimacy, Sexuality, and Partnership (0.50); L24 Empathy, Social Perception, and Perspective-Taking (0.25); L23 Communication and Listening (0.15); L25 Boundaries, Assertiveness, and Self-Respect (0.10)","Share relevant hopes, fears, needs, mistakes, affection, and uncertainty with a trustworthy partner.","Disclosure deepens mutual knowledge without coercion, oversharing, or strategic concealment.",role_conditional,role_conditional,interdependence; receptivity; agency,self_report; observer_feedback; behavioral_adherence; longitudinal_review,"Consent, health, abuse, and legal concerns require appropriate medical, legal, or safeguarding resources.",Master competency,"Before: Why does this matter now, and what will I deliberately practice? During: What resistance, choice, or pattern appeared? After: What happened, what evidence changed, and what should I repeat or revise?"
Hospitality and a functional living environment,13.13,9,Top 25,0.3718,0.3962,0.3581,0.4737,Not started,FALSE,"Domestic Competence, Infrastructure, and Material Life",Domestic Competence and Material Self-Sufficiency,L18,0.45,"L18 Domestic Competence and Material Self-Sufficiency (0.45); L26 Friendship, Belonging, and Hospitality (0.30); L24 Empathy, Social Perception, and Perspective-Taking (0.15); L16 Creativity, Aesthetics, and Cultural Literacy (0.10)","Create a home that supports rest, work, health, welcome, privacy, and care.",The environment reliably serves household needs and can receive others with dignity.,context_sensitive,cross_tradition_core_or_broadly_recurrent,agency; stewardship; adaptation,performance_task; artifact; objective_indicator; observer_feedback,,Master competency,"Before: Why does this matter now, and what will I deliberately practice? During: What resistance, choice, or pattern appeared? After: What happened, what evidence changed, and what should I repeat or revise?"
"Humor, delight, and lightness",26.13,10,Top 25,0.3697,0.3964,0.3471,0.4604,Not started,FALSE,"Play, Celebration, Leisure, Nature, and Exploration","Play, Rest, Celebration, and Joy",L34,0.65,"L34 Play, Rest, Celebration, and Joy (0.65); L23 Communication and Listening (0.15); L26 Friendship, Belonging, and Hospitality (0.10); L07 Emotional Regulation and Resilience (0.10)","Cultivate the ability to enjoy absurdity, surprise, comedy, affection, and ordinary pleasure without cruelty or avoidance.",Brings relief or connection to a difficult season without denying what is serious.,cross_context_core,cross_tradition_core_or_broadly_recurrent,receptivity; interdependence; transcendence,behavioral_adherence; artifact; community_feedback; longitudinal_review,,Master competency,"Before: Why does this matter now, and what will I deliberately practice? During: What resistance, choice, or pattern appeared? After: What happened, what evidence changed, and what should I repeat or revise?"
Play for its own sake,26.01,11,Top 25,0.3687,0.3917,0.3393,0.4321,Not started,FALSE,"Play, Celebration, Leisure, Nature, and Exploration","Play, Rest, Celebration, and Joy",L34,0.8,"L34 Play, Rest, Celebration, and Joy (0.80); L05 Self-Knowledge, Identity, and Humility (0.10); L11 Adaptability, Uncertainty, and Learning from Failure (0.10)","Engage in games, imagination, movement, humor, experimentation, and friendly competition without turning everything into optimization.",Experiences spontaneity and connection without requiring measurable output.,cross_context_core,cross_tradition_core_or_broadly_recurrent,receptivity; interdependence; transcendence,behavioral_adherence; artifact; community_feedback; longitudinal_review,,Master competency,"Before: Why does this matter now, and what will I deliberately practice? During: What resistance, choice, or pattern appeared? After: What happened, what evidence changed, and what should I repeat or revise?"
Attraction and respectful courtship,18.02,12,Top 25,0.3683,0.4024,0.3664,0.4894,Not started,FALSE,"Intimacy, Sexuality, and Partnership","Intimacy, Sexuality, and Partnership",L27,0.55,"L27 Intimacy, Sexuality, and Partnership (0.55); L23 Communication and Listening (0.20); L24 Empathy, Social Perception, and Perspective-Taking (0.15); L25 Boundaries, Assertiveness, and Self-Respect (0.10)","Understand mutual attraction, initiative, pacing, consent, rejection, safety, and honest intention.","Can pursue or decline connection without manipulation, entitlement, or humiliation.",role_conditional,role_conditional,interdependence; receptivity; agency,self_report; observer_feedback; behavioral_adherence; longitudinal_review,"Consent, health, abuse, and legal concerns require appropriate medical, legal, or safeguarding resources.",Master competency,"Before: Why does this matter now, and what will I deliberately practice? During: What resistance, choice, or pattern appeared? After: What happened, what evidence changed, and what should I repeat or revise?"
Communal recreation and inclusive play,26.11,13,Top 25,0.3669,0.4,0.3567,0.457,Not started,FALSE,"Play, Celebration, Leisure, Nature, and Exploration","Play, Rest, Celebration, and Joy",L34,0.4,"L34 Play, Rest, Celebration, and Joy (0.40); L26 Friendship, Belonging, and Hospitality (0.30); L31 Justice, Pluralism, and Social Responsibility (0.20); L17 Physical Health, Vitality, and Embodiment (0.10)","Design leisure that accommodates different ages, abilities, finances, and comfort levels.",More people can participate meaningfully because barriers and dominance were addressed.,cross_context_core,cross_tradition_core_or_broadly_recurrent,receptivity; interdependence; transcendence,behavioral_adherence; artifact; community_feedback; longitudinal_review,,Master competency,"Before: Why does this matter now, and what will I deliberately practice? During: What resistance, choice, or pattern appeared? After: What happened, what evidence changed, and what should I repeat or revise?"
Initiating connection,17.01,14,Top 25,0.3646,0.4102,0.3773,0.5019,Not started,FALSE,"Friendship, Belonging, Hospitality, and Social Networks","Friendship, Belonging, and Hospitality",L26,0.45,"L26 Friendship, Belonging, and Hospitality (0.45); L23 Communication and Listening (0.35); L25 Boundaries, Assertiveness, and Self-Respect (0.20)","Approach strangers, acquaintances, coworkers, neighbors, and peers with curiosity and appropriate openness.",Can begin contact without treating every interaction as transaction or performance.,cross_context_core,cross_tradition_core_or_broadly_recurrent,interdependence; receptivity; stewardship,behavioral_adherence; observer_feedback; longitudinal_review; artifact,,Master competency,"Before: Why does this matter now, and what will I deliberately practice? During: What resistance, choice, or pattern appeared? After: What happened, what evidence changed, and what should I repeat or revise?"
Reliable support,17.04,15,Top 25,0.3618,0.4153,0.3861,0.4975,Not started,FALSE,"Friendship, Belonging, Hospitality, and Social Networks","Friendship, Belonging, and Hospitality",L26,0.4,"L26 Friendship, Belonging, and Hospitality (0.40); L24 Empathy, Social Perception, and Perspective-Taking (0.30); L28 Family, Parenting, and Caregiving (0.15); L02 Values, Integrity, and Moral Courage (0.15)","Identify whether someone needs listening, practical help, encouragement, information, advocacy, or space.","Provides useful support without assuming, rescuing, controlling, or disappearing.",cross_context_core,cross_tradition_core_or_broadly_recurrent,interdependence; receptivity; stewardship,behavioral_adherence; observer_feedback; longitudinal_review; artifact,,Master competency,"Before: Why does this matter now, and what will I deliberately practice? During: What resistance, choice, or pattern appeared? After: What happened, what evidence changed, and what should I repeat or revise?"
The nature and practice of love,18.01,16,Top 25,0.3615,0.4118,0.3796,0.4922,Not started,FALSE,"Intimacy, Sexuality, and Partnership","Intimacy, Sexuality, and Partnership",L27,0.5,"L27 Intimacy, Sexuality, and Partnership (0.50); L24 Empathy, Social Perception, and Perspective-Taking (0.25); L29 Conflict, Repair, Forgiveness, and Reconciliation (0.15); L02 Values, Integrity, and Moral Courage (0.10)","Distinguish affection, desire, attachment, care, commitment, sacrifice, admiration, and possession.","Acts for another person's genuine good without erasing truth, self, or boundaries.",role_conditional,role_conditional,interdependence; receptivity; agency,self_report; observer_feedback; behavioral_adherence; longitudinal_review,"Consent, health, abuse, and legal concerns require appropriate medical, legal, or safeguarding resources.",Master competency,"Before: Why does this matter now, and what will I deliberately practice? During: What resistance, choice, or pattern appeared? After: What happened, what evidence changed, and what should I repeat or revise?"
Friendship across deep difference,17.13,17,Top 25,0.3588,0.4166,0.3877,0.4921,Not started,FALSE,"Friendship, Belonging, Hospitality, and Social Networks","Friendship, Belonging, and Hospitality",L26,0.4,"L26 Friendship, Belonging, and Hospitality (0.40); L31 Justice, Pluralism, and Social Responsibility (0.30); L24 Empathy, Social Perception, and Perspective-Taking (0.20); L29 Conflict, Repair, Forgiveness, and Reconciliation (0.10)","Sustain trust and care where religion, politics, class, identity, or lifestyle diverge.","Can name real disagreement without reducing the relationship to conversion, avoidance, or performative tolerance.",cross_context_core,cross_tradition_core_or_broadly_recurrent,interdependence; receptivity; stewardship,behavioral_adherence; observer_feedback; longitudinal_review; artifact,,Master competency,"Before: Why does this matter now, and what will I deliberately practice? During: What resistance, choice, or pattern appeared? After: What happened, what evidence changed, and what should I repeat or revise?"
"Sexual communication, pleasure, and health",18.10,18,Top 25,0.3577,0.4132,0.3813,0.4812,Not started,FALSE,"Intimacy, Sexuality, and Partnership","Intimacy, Sexuality, and Partnership",L27,0.55,"L27 Intimacy, Sexuality, and Partnership (0.55); L23 Communication and Listening (0.20); L17 Physical Health, Vitality, and Embodiment (0.15); L24 Empathy, Social Perception, and Perspective-Taking (0.10)","Discuss desire, boundaries, comfort, contraception, infection prevention, pleasure, difficulty, and aftercare.","Intimacy is collaborative, safe, communicative, and responsive rather than performative.",role_conditional,role_conditional,interdependence; receptivity; agency,self_report; observer_feedback; behavioral_adherence; longitudinal_review,"Consent, health, abuse, and legal concerns require appropriate medical, legal, or safeguarding resources.",Master competency,"Before: Why does this matter now, and what will I deliberately practice? During: What resistance, choice, or pattern appeared? After: What happened, what evidence changed, and what should I repeat or revise?"
Rest and leisure,26.02,19,Top 25,0.3576,0.4065,0.3582,0.4425,Not started,FALSE,"Play, Celebration, Leisure, Nature, and Exploration","Play, Rest, Celebration, and Joy",L34,0.75,"L34 Play, Rest, Celebration, and Joy (0.75); L17 Physical Health, Vitality, and Embodiment (0.15); L36 Life Design, Balance, and Seasonality (0.10)","Use unstructured time, recreation, Sabbath, vacation, and recovery deliberately rather than defaulting to numbing consumption.","Leisure reliably restores attention, relationship, or vitality.",cross_context_core,cross_tradition_core_or_broadly_recurrent,receptivity; interdependence; transcendence,behavioral_adherence; artifact; community_feedback; longitudinal_review,,Master competency,"Before: Why does this matter now, and what will I deliberately practice? During: What resistance, choice, or pattern appeared? After: What happened, what evidence changed, and what should I repeat or revise?"
Collaboration and complementary strengths,17.08,20,Top 25,0.3528,0.4226,0.3972,0.4896,Not started,FALSE,"Friendship, Belonging, Hospitality, and Social Networks","Friendship, Belonging, and Hospitality",L26,0.35,"L26 Friendship, Belonging, and Hospitality (0.35); L32 Work, Craft, Professionalism, and Contribution (0.25); L24 Empathy, Social Perception, and Perspective-Taking (0.20); L33 Leadership, Power, Mentorship, and Institutions (0.20)","Identify capabilities, coordinate roles, share credit, and use difference as an asset.",A joint effort produces more value than isolated work while preserving dignity.,cross_context_core,cross_tradition_core_or_broadly_recurrent,interdependence; receptivity; stewardship,behavioral_adherence; observer_feedback; longitudinal_review; artifact,,Master competency,"Before: Why does this matter now, and what will I deliberately practice? During: What resistance, choice, or pattern appeared? After: What happened, what evidence changed, and what should I repeat or revise?"
One-to-one and group conversation,16.04,21,Top 25,0.3506,0.4292,0.4061,0.5269,Not started,FALSE,"Communication, Rhetoric, and Social Intelligence",Communication and Listening,L23,0.6,"L23 Communication and Listening (0.60); L24 Empathy, Social Perception, and Perspective-Taking (0.25); L26 Friendship, Belonging, and Hospitality (0.15)","Initiate, sustain, balance, transition, include, and close conversations in different settings.","Conversations feel reciprocal rather than interrogative, dominating, or absent.",cross_context_core,cross_tradition_core_or_broadly_recurrent,agency; interdependence,performance_task; observer_feedback; artifact; longitudinal_review,,Master competency,"Before: Why does this matter now, and what will I deliberately practice? During: What resistance, choice, or pattern appeared? After: What happened, what evidence changed, and what should I repeat or revise?"
Creative collaboration,25.08,22,Top 25,0.3475,0.4253,0.3972,0.4876,Not started,FALSE,"Creativity, Beauty, and Culture","Creativity, Aesthetics, and Cultural Literacy",L16,0.45,"L16 Creativity, Aesthetics, and Cultural Literacy (0.45); L26 Friendship, Belonging, and Hospitality (0.25); L23 Communication and Listening (0.15); L32 Work, Craft, Professionalism, and Contribution (0.15)","Share authorship, negotiate differences, combine strengths, and manage credit.",A joint work is stronger because control and contribution were handled maturely.,elective_cultivation,elective_but_flourishing_relevant,agency; receptivity; interdependence,artifact; performance_task; audience_feedback; longitudinal_review,,Master competency,"Before: Why does this matter now, and what will I deliberately practice? During: What resistance, choice, or pattern appeared? After: What happened, what evidence changed, and what should I repeat or revise?"
Perspective taking and empathic accuracy,16.05,23,Top 25,0.3436,0.4405,0.424,0.5162,Not started,FALSE,"Communication, Rhetoric, and Social Intelligence","Empathy, Social Perception, and Perspective-Taking",L24,0.7,"L24 Empathy, Social Perception, and Perspective-Taking (0.70); L23 Communication and Listening (0.15); L13 Evidence, Truth, and Epistemic Humility (0.15)",Imagine another viewpoint while checking assumptions against what the person actually reports.,Can represent another perspective fairly without pretending to know their inner state.,cross_context_core,cross_tradition_core_or_broadly_recurrent,agency; interdependence,performance_task; observer_feedback; artifact; longitudinal_review,,Master competency,"Before: Why does this matter now, and what will I deliberately practice? During: What resistance, choice, or pattern appeared? After: What happened, what evidence changed, and what should I repeat or revise?"
Relationship stages and changing needs,18.06,24,Top 25,0.3421,0.4336,0.4073,0.4865,Not started,FALSE,"Intimacy, Sexuality, and Partnership","Intimacy, Sexuality, and Partnership",L27,0.55,"L27 Intimacy, Sexuality, and Partnership (0.55); L11 Adaptability, Uncertainty, and Learning from Failure (0.15); L24 Empathy, Social Perception, and Perspective-Taking (0.15); L36 Life Design, Balance, and Seasonality (0.15)","Understand formation, commitment, consolidation, strain, repair, renewal, and possible ending.",Adapts expectations and practices as the relationship changes.,role_conditional,role_conditional,interdependence; receptivity; agency,self_report; observer_feedback; behavioral_adherence; longitudinal_review,"Consent, health, abuse, and legal concerns require appropriate medical, legal, or safeguarding resources.",Master competency,"Before: Why does this matter now, and what will I deliberately practice? During: What resistance, choice, or pattern appeared? After: What happened, what evidence changed, and what should I repeat or revise?"
Attachment and relational security,18.04,25,Top 25,0.3405,0.4343,0.4095,0.4788,Not started,FALSE,"Intimacy, Sexuality, and Partnership","Intimacy, Sexuality, and Partnership",L27,0.45,"L27 Intimacy, Sexuality, and Partnership (0.45); L07 Emotional Regulation and Resilience (0.20); L24 Empathy, Social Perception, and Perspective-Taking (0.20); L25 Boundaries, Assertiveness, and Self-Respect (0.15)","Recognize pursuing, distancing, testing, controlling, idealizing, and fear of abandonment.","Uses direct requests, consistency, reassurance, boundaries, and self-regulation instead.",role_conditional,role_conditional,interdependence; receptivity; agency,self_report; observer_feedback; behavioral_adherence; longitudinal_review,"Consent, health, abuse, and legal concerns require appropriate medical, legal, or safeguarding resources.",Master competency,"Before: Why does this matter now, and what will I deliberately practice? During: What resistance, choice, or pattern appeared? After: What happened, what evidence changed, and what should I repeat or revise?"
Attentive listening,16.01,26,High,0.3403,0.4407,0.4228,0.5302,Not started,FALSE,"Communication, Rhetoric, and Social Intelligence",Communication and Listening,L23,0.65,"L23 Communication and Listening (0.65); L24 Empathy, Social Perception, and Perspective-Taking (0.35)","Give full attention, reflect meaning, ask clarifying questions, and resist preparing a rebuttal.",The speaker agrees that their position or feeling was understood before response.,cross_context_core,cross_tradition_core_or_broadly_recurrent,agency; interdependence,performance_task; observer_feedback; artifact; longitudinal_review,,Master competency,"Before: Why does this matter now, and what will I deliberately practice? During: What resistance, choice, or pattern appeared? After: What happened, what evidence changed, and what should I repeat or revise?"
"Etiquette, courtesy, and first impressions",16.14,27,High,0.335,0.4479,0.4303,0.52,Not started,FALSE,"Communication, Rhetoric, and Social Intelligence",Communication and Listening,L23,0.35,"L23 Communication and Listening (0.35); L24 Empathy, Social Perception, and Perspective-Taking (0.25); L02 Values, Integrity, and Moral Courage (0.20); L26 Friendship, Belonging, and Hospitality (0.20)","Use greetings, punctuality, dress, manners, attention, and context to communicate respect.",Others experience the interaction as considerate and appropriately composed.,cross_context_core,cross_tradition_core_or_broadly_recurrent,agency; interdependence,performance_task; observer_feedback; artifact; longitudinal_review,,Master competency,"Before: Why does this matter now, and what will I deliberately practice? During: What resistance, choice, or pattern appeared? After: What happened, what evidence changed, and what should I repeat or revise?"
Nonverbal communication,16.03,28,High,0.333,0.447,0.4323,0.5118,Not started,FALSE,"Communication, Rhetoric, and Social Intelligence",Communication and Listening,L23,0.45,"L23 Communication and Listening (0.45); L24 Empathy, Social Perception, and Perspective-Taking (0.40); L05 Self-Knowledge, Identity, and Humility (0.15)","Read and use posture, facial expression, eye contact, distance, gesture, pace, and tone cautiously and contextually.",Uses nonverbal cues to inform—not replace—direct clarification.,cross_context_core,cross_tradition_core_or_broadly_recurrent,agency; interdependence,performance_task; observer_feedback; artifact; longitudinal_review,,Master competency,"Before: Why does this matter now, and what will I deliberately practice? During: What resistance, choice, or pattern appeared? After: What happened, what evidence changed, and what should I repeat or revise?"
"Shared expectations, roles, and labor",18.07,29,High,0.3312,0.4407,0.4183,0.4698,Not started,FALSE,"Intimacy, Sexuality, and Partnership","Intimacy, Sexuality, and Partnership",L27,0.4,"L27 Intimacy, Sexuality, and Partnership (0.40); L23 Communication and Listening (0.20); L28 Family, Parenting, and Caregiving (0.20); L25 Boundaries, Assertiveness, and Self-Respect (0.20)","Negotiate money, home, time, sex, family, career, caregiving, privacy, and decision authority.","Responsibilities are explicit, revisable, and not silently assigned by resentment or stereotype.",role_conditional,role_conditional,interdependence; receptivity; agency,self_report; observer_feedback; behavioral_adherence; longitudinal_review,"Consent, health, abuse, and legal concerns require appropriate medical, legal, or safeguarding resources.",Master competency,"Before: Why does this matter now, and what will I deliberately practice? During: What resistance, choice, or pattern appeared? After: What happened, what evidence changed, and what should I repeat or revise?"
Hobbies and lifelong interests,26.03,30,High,0.3312,0.4383,0.4053,0.4531,Not started,FALSE,"Play, Celebration, Leisure, Nature, and Exploration","Play, Rest, Celebration, and Joy",L34,0.45,"L34 Play, Rest, Celebration, and Joy (0.45); L16 Creativity, Aesthetics, and Cultural Literacy (0.25); L15 Learning Agility, Memory, and Teaching (0.15); L36 Life Design, Balance, and Seasonality (0.15)","Develop activities pursued for enjoyment, identity, community, and skill outside primary work.",Maintains at least one durable interest without needing monetization or prestige.,cross_context_core,cross_tradition_core_or_broadly_recurrent,receptivity; interdependence; transcendence,behavioral_adherence; artifact; community_feedback; longitudinal_review,,Master competency,"Before: Why does this matter now, and what will I deliberately practice? During: What resistance, choice, or pattern appeared? After: What happened, what evidence changed, and what should I repeat or revise?"
Communal craft and tradition-bearing,25.12,31,High,0.3267,0.4438,0.4227,0.4558,Not started,FALSE,"Creativity, Beauty, and Culture","Creativity, Aesthetics, and Cultural Literacy",L16,0.4,"L16 Creativity, Aesthetics, and Cultural Literacy (0.40); L26 Friendship, Belonging, and Hospitality (0.20); L15 Learning Agility, Memory, and Teaching (0.20); L03 Spirituality, Reverence, and Transcendence (0.10); L28 Family, Parenting, and Caregiving (0.10)","Learn creative forms through lineages, guilds, ensembles, communities, or inherited practice rather than isolated self-expression alone.","Can perform or transmit a form with respect for its history, community, and standards.",elective_cultivation,elective_but_flourishing_relevant,agency; receptivity; interdependence,artifact; performance_task; audience_feedback; longitudinal_review,,Master competency,"Before: Why does this matter now, and what will I deliberately practice? During: What resistance, choice, or pattern appeared? After: What happened, what evidence changed, and what should I repeat or revise?"
Partnership conflict and repair,18.08,32,High,0.3258,0.4496,0.4305,0.4914,Not started,FALSE,"Intimacy, Sexuality, and Partnership","Conflict, Repair, Forgiveness, and Reconciliation",L29,0.5,"L29 Conflict, Repair, Forgiveness, and Reconciliation (0.50); L27 Intimacy, Sexuality, and Partnership (0.25); L23 Communication and Listening (0.15); L25 Boundaries, Assertiveness, and Self-Respect (0.10)","Manage recurring disagreements, escalation, bids for connection, apology, forgiveness, and behavioral change.",A rupture receives concrete repair or a clear recognition that repair is not occurring.,role_conditional,role_conditional,interdependence; receptivity; agency,self_report; observer_feedback; behavioral_adherence; longitudinal_review,"Consent, health, abuse, and legal concerns require appropriate medical, legal, or safeguarding resources.",Master competency,"Before: Why does this matter now, and what will I deliberately practice? During: What resistance, choice, or pattern appeared? After: What happened, what evidence changed, and what should I repeat or revise?"
Regular creative production,25.01,33,High,0.3255,0.4442,0.4203,0.4634,Not started,FALSE,"Creativity, Beauty, and Culture","Creativity, Aesthetics, and Cultural Literacy",L16,0.7,"L16 Creativity, Aesthetics, and Cultural Literacy (0.70); L10 Discipline, Habits, and Follow-Through (0.20); L34 Play, Rest, Celebration, and Joy (0.10)","Make through writing, music, visual art, performance, design, craft, building, or invention.",Produces work consistently rather than waiting for inspiration or identity permission.,elective_cultivation,elective_but_flourishing_relevant,agency; receptivity; interdependence,artifact; performance_task; audience_feedback; longitudinal_review,,Master competency,"Before: Why does this matter now, and what will I deliberately practice? During: What resistance, choice, or pattern appeared? After: What happened, what evidence changed, and what should I repeat or revise?"
Collective belonging without conformity,17.14,34,High,0.325,0.4496,0.4314,0.4632,Not started,FALSE,"Friendship, Belonging, Hospitality, and Social Networks","Friendship, Belonging, and Hospitality",L26,0.35,"L26 Friendship, Belonging, and Hospitality (0.35); L25 Boundaries, Assertiveness, and Self-Respect (0.25); L31 Justice, Pluralism, and Social Responsibility (0.25); L05 Self-Knowledge, Identity, and Humility (0.15)","Participate in a group, tradition, or community while preserving conscience, dissent, and individual dignity.",Can contribute loyally without hiding important disagreement or demanding sameness from others.,cross_context_core,cross_tradition_core_or_broadly_recurrent,interdependence; receptivity; stewardship,behavioral_adherence; observer_feedback; longitudinal_review; artifact,,Master competency,"Before: Why does this matter now, and what will I deliberately practice? During: What resistance, choice, or pattern appeared? After: What happened, what evidence changed, and what should I repeat or revise?"
Laundry and clothing care,13.04,35,High,0.3245,0.4436,0.4209,0.4549,Not started,FALSE,"Domestic Competence, Infrastructure, and Material Life",Domestic Competence and Material Self-Sufficiency,L18,0.9,"L18 Domestic Competence and Material Self-Sufficiency (0.90); L10 Discipline, Habits, and Follow-Through (0.10)","Wash, dry, store, mend, alter, and preserve clothing and textiles.","Clothing remains clean, serviceable, and appropriately repaired.",context_sensitive,cross_tradition_core_or_broadly_recurrent,agency; stewardship; adaptation,performance_task; artifact; objective_indicator; observer_feedback,,Master competency,"Before: Why does this matter now, and what will I deliberately practice? During: What resistance, choice, or pattern appeared? After: What happened, what evidence changed, and what should I repeat or revise?"
Feedback and developmental conversation,16.07,36,High,0.3243,0.4536,0.4389,0.5005,Not started,FALSE,"Communication, Rhetoric, and Social Intelligence",Communication and Listening,L23,0.45,"L23 Communication and Listening (0.45); L24 Empathy, Social Perception, and Perspective-Taking (0.25); L15 Learning Agility, Memory, and Teaching (0.15); L25 Boundaries, Assertiveness, and Self-Respect (0.15)","Give specific, timely, actionable feedback and receive criticism without collapse or automatic defense.","Both parties leave knowing what should continue, change, and be reviewed.",cross_context_core,cross_tradition_core_or_broadly_recurrent,agency; interdependence,performance_task; observer_feedback; artifact; longitudinal_review,,Master competency,"Before: Why does this matter now, and what will I deliberately practice? During: What resistance, choice, or pattern appeared? After: What happened, what evidence changed, and what should I repeat or revise?"
Audience and context adaptation,16.06,37,High,0.3241,0.4571,0.4446,0.5154,Not started,FALSE,"Communication, Rhetoric, and Social Intelligence",Communication and Listening,L23,0.5,"L23 Communication and Listening (0.50); L24 Empathy, Social Perception, and Perspective-Taking (0.30); L31 Justice, Pluralism, and Social Responsibility (0.20)","Adjust language, detail, medium, timing, emotion, culture, role, and urgency.",Communicates the same core idea effectively to materially different audiences.,cross_context_core,cross_tradition_core_or_broadly_recurrent,agency; interdependence,performance_task; observer_feedback; artifact; longitudinal_review,,Master competency,"Before: Why does this matter now, and what will I deliberately practice? During: What resistance, choice, or pattern appeared? After: What happened, what evidence changed, and what should I repeat or revise?"
Reproductive intentions and partnership communication,18.14,38,High,0.3234,0.4493,0.431,0.4648,Not started,FALSE,"Intimacy, Sexuality, and Partnership","Intimacy, Sexuality, and Partnership",L27,0.4,"L27 Intimacy, Sexuality, and Partnership (0.40); L28 Family, Parenting, and Caregiving (0.25); L23 Communication and Listening (0.20); L17 Physical Health, Vitality, and Embodiment (0.15)","Discuss desire for children, contraception, pregnancy risk, fertility uncertainty, timing, and responsibility before crisis.","Partners understand each other's present intentions, boundaries, and unresolved questions.",role_conditional,role_conditional,interdependence; receptivity; agency,self_report; observer_feedback; behavioral_adherence; longitudinal_review,"Consent, health, abuse, and legal concerns require appropriate medical, legal, or safeguarding resources.",Master competency,"Before: Why does this matter now, and what will I deliberately practice? During: What resistance, choice, or pattern appeared? After: What happened, what evidence changed, and what should I repeat or revise?"
"Communal worship, liturgy, and shared sacred practice",03.10,39,High,0.3218,0.4563,0.44,0.4924,Not started,FALSE,"Spirituality, Religion, Ritual, and Transcendence","Spirituality, Reverence, and Transcendence",L03,0.6,"L03 Spirituality, Reverence, and Transcendence (0.60); L26 Friendship, Belonging, and Hospitality (0.25); L16 Creativity, Aesthetics, and Cultural Literacy (0.15)","Participate in forms of worship, recitation, sacrament, ritual, pilgrimage, or communal remembrance that locate the self inside a tradition and community.","Can participate with understanding and sincerity while respecting conscience, safety, and the freedom of others.",pathway_dependent,multiple_legitimate_pathways,receptivity; interdependence; transcendence,conceptual_explanation; behavioral_adherence; community_feedback; longitudinal_review,,Master competency,"Before: Why does this matter now, and what will I deliberately practice? During: What resistance, choice, or pattern appeared? After: What happened, what evidence changed, and what should I repeat or revise?"
"High-context, indirect, and face-sensitive communication",16.16,40,High,0.3211,0.46,0.4484,0.5115,Not started,FALSE,"Communication, Rhetoric, and Social Intelligence",Communication and Listening,L23,0.45,"L23 Communication and Listening (0.45); L24 Empathy, Social Perception, and Perspective-Taking (0.30); L31 Justice, Pluralism, and Social Responsibility (0.25)","Recognize that respect, disagreement, refusal, and emotion may be communicated through implication, timing, silence, hierarchy, or relational context.",Can interpret indirect signals cautiously and adapt without treating one communication style as universally superior.,cross_context_core,cross_tradition_core_or_broadly_recurrent,agency; interdependence,performance_task; observer_feedback; artifact; longitudinal_review,,Master competency,"Before: Why does this matter now, and what will I deliberately practice? During: What resistance, choice, or pattern appeared? After: What happened, what evidence changed, and what should I repeat or revise?"
Collaboration and team contribution,21.09,41,High,0.3211,0.4583,0.4448,0.4966,Not started,FALSE,"Work, Craft, Professionalism, and Labor Ethics","Work, Craft, Professionalism, and Contribution",L32,0.35,"L32 Work, Craft, Professionalism, and Contribution (0.35); L26 Friendship, Belonging, and Hospitality (0.25); L23 Communication and Listening (0.20); L33 Leadership, Power, Mentorship, and Institutions (0.20)","Coordinate, communicate, document, share credit, challenge constructively, and support collective outcomes.",The team becomes more capable and reliable because of participation.,context_sensitive,cross_tradition_core_or_broadly_recurrent,agency; stewardship; interdependence,performance_task; artifact; observer_feedback; objective_indicator,,Master competency,"Before: Why does this matter now, and what will I deliberately practice? During: What resistance, choice, or pattern appeared? After: What happened, what evidence changed, and what should I repeat or revise?"
"Cleaning, sanitation, and waste",13.03,42,High,0.3205,0.447,0.4259,0.4467,Not started,FALSE,"Domestic Competence, Infrastructure, and Material Life",Domestic Competence and Material Self-Sufficiency,L18,0.85,"L18 Domestic Competence and Material Self-Sufficiency (0.85); L17 Physical Health, Vitality, and Embodiment (0.10); L10 Discipline, Habits, and Follow-Through (0.05)","Understand soils, surfaces, products, contamination, ventilation, disposal, and safe cleaning methods.","Can maintain a hygienic home without damaging people, materials, or the environment.",context_sensitive,cross_tradition_core_or_broadly_recurrent,agency; stewardship; adaptation,performance_task; artifact; objective_indicator; observer_feedback,,Master competency,"Before: Why does this matter now, and what will I deliberately practice? During: What resistance, choice, or pattern appeared? After: What happened, what evidence changed, and what should I repeat or revise?"
Intergenerational friendship and mentorship,17.11,43,High,0.3196,0.4518,0.4364,0.4386,Not started,FALSE,"Friendship, Belonging, Hospitality, and Social Networks","Friendship, Belonging, and Hospitality",L26,0.35,"L26 Friendship, Belonging, and Hospitality (0.35); L33 Leadership, Power, Mentorship, and Institutions (0.25); L15 Learning Agility, Memory, and Teaching (0.20); L28 Family, Parenting, and Caregiving (0.20)","Build reciprocal relationships across ages and life stages, including both giving and receiving guidance.",Maintains a relationship in which perspective and care flow across generational differences.,cross_context_core,cross_tradition_core_or_broadly_recurrent,interdependence; receptivity; stewardship,behavioral_adherence; observer_feedback; longitudinal_review; artifact,,Master competency,"Before: Why does this matter now, and what will I deliberately practice? During: What resistance, choice, or pattern appeared? After: What happened, what evidence changed, and what should I repeat or revise?"
"Commitment, fidelity, and trust",18.11,44,High,0.3183,0.4617,0.4449,0.4951,Not started,FALSE,"Intimacy, Sexuality, and Partnership","Intimacy, Sexuality, and Partnership",L27,0.5,"L27 Intimacy, Sexuality, and Partnership (0.50); L02 Values, Integrity, and Moral Courage (0.25); L10 Discipline, Habits, and Follow-Through (0.15); L29 Conflict, Repair, Forgiveness, and Reconciliation (0.10)","Define exclusivity, loyalty, privacy, transparency, temptation, and repair before ambiguity becomes betrayal.",Behavior matches the promises and boundaries the relationship actually established.,role_conditional,role_conditional,interdependence; receptivity; agency,self_report; observer_feedback; behavioral_adherence; longitudinal_review,"Consent, health, abuse, and legal concerns require appropriate medical, legal, or safeguarding resources.",Master competency,"Before: Why does this matter now, and what will I deliberately practice? During: What resistance, choice, or pattern appeared? After: What happened, what evidence changed, and what should I repeat or revise?"
Relationship diversity and chosen form,18.13,45,High,0.3176,0.4555,0.4388,0.457,Not started,FALSE,"Intimacy, Sexuality, and Partnership","Intimacy, Sexuality, and Partnership",L27,0.45,"L27 Intimacy, Sexuality, and Partnership (0.45); L31 Justice, Pluralism, and Social Responsibility (0.30); L05 Self-Knowledge, Identity, and Humility (0.15); L25 Boundaries, Assertiveness, and Self-Respect (0.10)","Understand that people may live in different lawful and consensual relationship structures, orientations, or single lives while still owing honesty and dignity.",Can state personal commitments without dehumanizing people whose consensual arrangements differ.,role_conditional,role_conditional,interdependence; receptivity; agency,self_report; observer_feedback; behavioral_adherence; longitudinal_review,"Consent, health, abuse, and legal concerns require appropriate medical, legal, or safeguarding resources.",Master competency,"Before: Why does this matter now, and what will I deliberately practice? During: What resistance, choice, or pattern appeared? After: What happened, what evidence changed, and what should I repeat or revise?"
Cooking fundamentals,13.05,46,High,0.3165,0.4504,0.4309,0.4385,Not started,FALSE,"Domestic Competence, Infrastructure, and Material Life",Domestic Competence and Material Self-Sufficiency,L18,0.7,"L18 Domestic Competence and Material Self-Sufficiency (0.70); L17 Physical Health, Vitality, and Embodiment (0.20); L16 Creativity, Aesthetics, and Cultural Literacy (0.10)","Use knives, heat, seasoning, timing, mise en place, and core cooking methods safely.","Can prepare varied, nourishing meals without total dependence on recipes or prepared food.",context_sensitive,cross_tradition_core_or_broadly_recurrent,agency; stewardship; adaptation,performance_task; artifact; objective_indicator; observer_feedback,,Master competency,"Before: Why does this matter now, and what will I deliberately practice? During: What resistance, choice, or pattern appeared? After: What happened, what evidence changed, and what should I repeat or revise?"
Baking and food chemistry,13.06,47,High,0.3158,0.4513,0.4318,0.4395,Not started,FALSE,"Domestic Competence, Infrastructure, and Material Life",Domestic Competence and Material Self-Sufficiency,L18,0.55,"L18 Domestic Competence and Material Self-Sufficiency (0.55); L15 Learning Agility, Memory, and Teaching (0.25); L16 Creativity, Aesthetics, and Cultural Literacy (0.20)","Understand ratios, gluten, leavening, temperature, emulsions, and measurement.",Can execute and troubleshoot foundational baked goods.,context_sensitive,cross_tradition_core_or_broadly_recurrent,agency; stewardship; adaptation,performance_task; artifact; objective_indicator; observer_feedback,,Master competency,"Before: Why does this matter now, and what will I deliberately practice? During: What resistance, choice, or pattern appeared? After: What happened, what evidence changed, and what should I repeat or revise?"
Communal and intergenerational knowledge transmission,10.13,48,High,0.3128,0.4583,0.4433,0.4441,Not started,FALSE,"Learning, Memory, Curiosity, Apprenticeship, and Teaching","Learning Agility, Memory, and Teaching",L15,0.35,"L15 Learning Agility, Memory, and Teaching (0.35); L28 Family, Parenting, and Caregiving (0.25); L26 Friendship, Belonging, and Hospitality (0.20); L16 Creativity, Aesthetics, and Cultural Literacy (0.20)","Preserve stories, practices, craft, local knowledge, and institutional memory through relationships and participation.",Documents or teaches knowledge that would otherwise be lost and verifies it with experienced holders.,cross_context_core,cross_tradition_core_or_broadly_recurrent,agency; interdependence; stewardship,performance_task; artifact; observer_feedback; longitudinal_review,,Master competency,"Before: Why does this matter now, and what will I deliberately practice? During: What resistance, choice, or pattern appeared? After: What happened, what evidence changed, and what should I repeat or revise?"
Boundaries and harmful relationships,17.06,49,High,0.3124,0.4652,0.4514,0.4687,Not started,FALSE,"Friendship, Belonging, Hospitality, and Social Networks","Boundaries, Assertiveness, and Self-Respect",L25,0.5,"L25 Boundaries, Assertiveness, and Self-Respect (0.50); L26 Friendship, Belonging, and Hospitality (0.25); L20 Safety, Risk, and Preparedness (0.15); L29 Conflict, Repair, Forgiveness, and Reconciliation (0.10)","Recognize abuse, chronic contempt, manipulation, incompatibility, and repeated non-repair.",Reduces access or exits when necessary without dehumanization or endless tolerance.,cross_context_core,cross_tradition_core_or_broadly_recurrent,interdependence; receptivity; stewardship,behavioral_adherence; observer_feedback; longitudinal_review; artifact,,Master competency,"Before: Why does this matter now, and what will I deliberately practice? During: What resistance, choice, or pattern appeared? After: What happened, what evidence changed, and what should I repeat or revise?"
"Customer, stakeholder, and user understanding",21.06,50,High,0.3119,0.4706,0.4627,0.5134,Not started,FALSE,"Work, Craft, Professionalism, and Labor Ethics","Work, Craft, Professionalism, and Contribution",L32,0.35,"L32 Work, Craft, Professionalism, and Contribution (0.35); L24 Empathy, Social Perception, and Perspective-Taking (0.25); L22 Economic Agency, Entrepreneurship, and Market Literacy (0.20); L23 Communication and Listening (0.20)","Understand who is affected, what problem matters, and how success is experienced downstream.",Improves work because real needs—not only internal assumptions—shape decisions.,context_sensitive,cross_tradition_core_or_broadly_recurrent,agency; stewardship; interdependence,performance_task; artifact; observer_feedback; objective_indicator,,Master competency,"Before: Why does this matter now, and what will I deliberately practice? During: What resistance, choice, or pattern appeared? After: What happened, what evidence changed, and what should I repeat or revise?"
Engagement across difference,20.05,51,High,0.3112,0.469,0.4605,0.4959,Not started,FALSE,"Community, Citizenship, Justice, and Nonviolent Action","Justice, Pluralism, and Social Responsibility",L31,0.4,"L31 Justice, Pluralism, and Social Responsibility (0.40); L24 Empathy, Social Perception, and Perspective-Taking (0.30); L23 Communication and Listening (0.20); L29 Conflict, Repair, Forgiveness, and Reconciliation (0.10)","Converse and cooperate across religion, politics, culture, class, age, and experience.",Can represent a competing view fairly while preserving conviction and boundaries.,cross_context_core,cross_tradition_core_or_broadly_recurrent,interdependence; stewardship; agency,conceptual_explanation; real_world_application; artifact; community_feedback,"Political and civic education only; protest, civil disobedience, and legal rights are jurisdiction-specific and can involve serious risk.",Master competency,"Before: Why does this matter now, and what will I deliberately practice? During: What resistance, choice, or pattern appeared? After: What happened, what evidence changed, and what should I repeat or revise?"
Intercultural communication and code-switching,16.17,52,High,0.3109,0.4705,0.4624,0.5045,Not started,FALSE,"Communication, Rhetoric, and Social Intelligence",Communication and Listening,L23,0.4,"L23 Communication and Listening (0.40); L31 Justice, Pluralism, and Social Responsibility (0.35); L24 Empathy, Social Perception, and Perspective-Taking (0.25)","Adapt to different norms of directness, hierarchy, turn-taking, emotion, time, privacy, and formality while preserving integrity.",Can communicate effectively across cultures and explain what was adapted and what boundary remained.,cross_context_core,cross_tradition_core_or_broadly_recurrent,agency; interdependence,performance_task; observer_feedback; artifact; longitudinal_review,,Master competency,"Before: Why does this matter now, and what will I deliberately practice? During: What resistance, choice, or pattern appeared? After: What happened, what evidence changed, and what should I repeat or revise?"
Language access and communication accommodation,16.18,53,High,0.3109,0.4705,0.4624,0.5045,Not started,FALSE,"Communication, Rhetoric, and Social Intelligence",Communication and Listening,L23,0.4,"L23 Communication and Listening (0.40); L31 Justice, Pluralism, and Social Responsibility (0.35); L24 Empathy, Social Perception, and Perspective-Taking (0.25)","Use interpreters, plain language, captions, augmentative communication, written follow-up, and accessible formats.",Another person can participate meaningfully because a communication barrier was reduced.,cross_context_core,cross_tradition_core_or_broadly_recurrent,agency; interdependence,performance_task; observer_feedback; artifact; longitudinal_review,,Master competency,"Before: Why does this matter now, and what will I deliberately practice? During: What resistance, choice, or pattern appeared? After: What happened, what evidence changed, and what should I repeat or revise?"
Sexual ethics and consent,18.09,54,High,0.3104,0.4661,0.451,0.47,Not started,FALSE,"Intimacy, Sexuality, and Partnership","Intimacy, Sexuality, and Partnership",L27,0.4,"L27 Intimacy, Sexuality, and Partnership (0.40); L25 Boundaries, Assertiveness, and Self-Respect (0.25); L02 Values, Integrity, and Moral Courage (0.20); L31 Justice, Pluralism, and Social Responsibility (0.15)","Ground sexual behavior in free consent, honesty, health, mutual dignity, commitment expectations, and consequences.","Consent is informed, ongoing, reversible, and never inferred from pressure or status.",role_conditional,role_conditional,interdependence; receptivity; agency,self_report; observer_feedback; behavioral_adherence; longitudinal_review,"Consent, health, abuse, and legal concerns require appropriate medical, legal, or safeguarding resources.",Master competency,"Before: Why does this matter now, and what will I deliberately practice? During: What resistance, choice, or pattern appeared? After: What happened, what evidence changed, and what should I repeat or revise?"
Teaching and explanation,10.10,55,High,0.3102,0.4667,0.4566,0.4816,Not started,FALSE,"Learning, Memory, Curiosity, Apprenticeship, and Teaching","Learning Agility, Memory, and Teaching",L15,0.45,"L15 Learning Agility, Memory, and Teaching (0.45); L23 Communication and Listening (0.35); L24 Empathy, Social Perception, and Perspective-Taking (0.20)","Adapt examples, sequence, language, practice, and feedback to another person's knowledge and needs.","Another person can apply what was taught, and confusion leads to a revised explanation.",cross_context_core,cross_tradition_core_or_broadly_recurrent,agency; interdependence; stewardship,performance_task; artifact; observer_feedback; longitudinal_review,,Master competency,"Before: Why does this matter now, and what will I deliberately practice? During: What resistance, choice, or pattern appeared? After: What happened, what evidence changed, and what should I repeat or revise?"
Medium and technique,25.04,56,High,0.3095,0.461,0.4455,0.454,Not started,FALSE,"Creativity, Beauty, and Culture","Creativity, Aesthetics, and Cultural Literacy",L16,0.6,"L16 Creativity, Aesthetics, and Cultural Literacy (0.60); L15 Learning Agility, Memory, and Teaching (0.25); L32 Work, Craft, Professionalism, and Contribution (0.15)","Learn how materials, tools, constraints, and conventions shape what can be expressed.",Can execute foundational techniques and choose a medium for a reason.,elective_cultivation,elective_but_flourishing_relevant,agency; receptivity; interdependence,artifact; performance_task; audience_feedback; longitudinal_review,,Master competency,"Before: Why does this matter now, and what will I deliberately practice? During: What resistance, choice, or pattern appeared? After: What happened, what evidence changed, and what should I repeat or revise?"
"Compassion, mercy, and forgiveness",02.09,57,High,0.3094,0.4744,0.4664,0.5084,Not started,FALSE,"Ethics, Virtue, and Integrity","Conflict, Repair, Forgiveness, and Reconciliation",L29,0.4,"L29 Conflict, Repair, Forgiveness, and Reconciliation (0.40); L24 Empathy, Social Perception, and Perspective-Taking (0.35); L02 Values, Integrity, and Moral Courage (0.25)","Respond to suffering and wrongdoing with humanity while preserving truth, boundaries, justice, and accountability.",Can release vengeance or contempt without automatically restoring trust or access.,cross_context_core,cross_tradition_core_or_broadly_recurrent,agency; interdependence; stewardship,conceptual_explanation; real_world_application; observer_feedback; longitudinal_review,,Master competency,"Before: Why does this matter now, and what will I deliberately practice? During: What resistance, choice, or pattern appeared? After: What happened, what evidence changed, and what should I repeat or revise?"
Aesthetic literacy and taste,25.03,58,High,0.3084,0.4648,0.4493,0.4535,Not started,FALSE,"Creativity, Beauty, and Culture","Creativity, Aesthetics, and Cultural Literacy",L16,0.75,"L16 Creativity, Aesthetics, and Cultural Literacy (0.75); L13 Evidence, Truth, and Epistemic Humility (0.10); L03 Spirituality, Reverence, and Transcendence (0.10); L34 Play, Rest, Celebration, and Joy (0.05)","Compare excellent, ordinary, and flawed works; identify choices, effects, context, and standards.",Can explain appreciation or criticism beyond personal preference.,elective_cultivation,elective_but_flourishing_relevant,agency; receptivity; interdependence,artifact; performance_task; audience_feedback; longitudinal_review,,Master competency,"Before: Why does this matter now, and what will I deliberately practice? During: What resistance, choice, or pattern appeared? After: What happened, what evidence changed, and what should I repeat or revise?"
"Caregiver limits, respite, and shared responsibility",19.15,59,High,0.3074,0.4629,0.4473,0.4371,Not started,FALSE,"Family, Parenting, Reproduction, and Caregiving","Family, Parenting, and Caregiving",L28,0.4,"L28 Family, Parenting, and Caregiving (0.40); L25 Boundaries, Assertiveness, and Self-Respect (0.25); L34 Play, Rest, Celebration, and Joy (0.15); L17 Physical Health, Vitality, and Embodiment (0.10); L26 Friendship, Belonging, and Hospitality (0.10)","Recognize burnout, resentment, role captivity, and the need for support, respite, and distributed care.",Care remains safer and more sustainable because limits and backup are explicit.,role_conditional,role_conditional,interdependence; stewardship; receptivity,qualified_assessment; observer_feedback; artifact; longitudinal_review,"Medical, reproductive, child-safety, guardianship, and elder-care decisions require qualified local guidance.",Master competency,"Before: Why does this matter now, and what will I deliberately practice? During: What resistance, choice, or pattern appeared? After: What happened, what evidence changed, and what should I repeat or revise?"
Originality through synthesis,25.05,60,High,0.3072,0.4614,0.4463,0.4389,Not started,FALSE,"Creativity, Beauty, and Culture","Creativity, Aesthetics, and Cultural Literacy",L16,0.65,"L16 Creativity, Aesthetics, and Cultural Literacy (0.65); L15 Learning Agility, Memory, and Teaching (0.20); L11 Adaptability, Uncertainty, and Learning from Failure (0.15)","Combine influences, experiences, constraints, and problems without merely imitating surface style.",Work shows recognizable integration and can identify its debts honestly.,elective_cultivation,elective_but_flourishing_relevant,agency; receptivity; interdependence,artifact; performance_task; audience_feedback; longitudinal_review,,Master competency,"Before: Why does this matter now, and what will I deliberately practice? During: What resistance, choice, or pattern appeared? After: What happened, what evidence changed, and what should I repeat or revise?"
Networks and social capital,17.10,61,High,0.3071,0.4722,0.4659,0.4541,Not started,FALSE,"Friendship, Belonging, Hospitality, and Social Networks","Friendship, Belonging, and Hospitality",L26,0.4,"L26 Friendship, Belonging, and Hospitality (0.40); L30 Service, Citizenship, and Civic Agency (0.25); L22 Economic Agency, Entrepreneurship, and Market Literacy (0.20); L33 Leadership, Power, Mentorship, and Institutions (0.15)","Maintain ethical professional and community relationships through contribution, trust, and useful connection.",Can mobilize or offer knowledge and help without reducing people to assets.,cross_context_core,cross_tradition_core_or_broadly_recurrent,interdependence; receptivity; stewardship,behavioral_adherence; observer_feedback; longitudinal_review; artifact,,Master competency,"Before: Why does this matter now, and what will I deliberately practice? During: What resistance, choice, or pattern appeared? After: What happened, what evidence changed, and what should I repeat or revise?"
Home organization and maintenance systems,13.02,62,High,0.307,0.4673,0.4522,0.4707,Not started,FALSE,"Domestic Competence, Infrastructure, and Material Life",Domestic Competence and Material Self-Sufficiency,L18,0.75,"L18 Domestic Competence and Material Self-Sufficiency (0.75); L10 Discipline, Habits, and Follow-Through (0.15); L36 Life Design, Balance, and Seasonality (0.10)","Track the condition, inventory, routines, and preventive needs of a living space.",The home remains functional because upkeep happens before visible failure.,context_sensitive,cross_tradition_core_or_broadly_recurrent,agency; stewardship; adaptation,performance_task; artifact; objective_indicator; observer_feedback,,Master competency,"Before: Why does this matter now, and what will I deliberately practice? During: What resistance, choice, or pattern appeared? After: What happened, what evidence changed, and what should I repeat or revise?"
Observation and imagination,25.02,63,High,0.3063,0.4626,0.4481,0.4395,Not started,FALSE,"Creativity, Beauty, and Culture","Creativity, Aesthetics, and Cultural Literacy",L16,0.65,"L16 Creativity, Aesthetics, and Cultural Literacy (0.65); L08 Attention and Presence (0.20); L15 Learning Agility, Memory, and Teaching (0.15)","Attend closely to form, pattern, language, movement, sound, human behavior, and possible alternatives.",Creative work or notes contain details and connections previously missed.,elective_cultivation,elective_but_flourishing_relevant,agency; receptivity; interdependence,artifact; performance_task; audience_feedback; longitudinal_review,,Master competency,"Before: Why does this matter now, and what will I deliberately practice? During: What resistance, choice, or pattern appeared? After: What happened, what evidence changed, and what should I repeat or revise?"
Storytelling and explanation,16.10,64,High,0.3059,0.4708,0.4604,0.4848,Not started,FALSE,"Communication, Rhetoric, and Social Intelligence",Communication and Listening,L23,0.5,"L23 Communication and Listening (0.50); L16 Creativity, Aesthetics, and Cultural Literacy (0.25); L15 Learning Agility, Memory, and Teaching (0.25)","Use sequence, character, tension, example, analogy, and resolution to make meaning memorable.",A listener can retell the essential message accurately.,cross_context_core,cross_tradition_core_or_broadly_recurrent,agency; interdependence,performance_task; observer_feedback; artifact; longitudinal_review,,Master competency,"Before: Why does this matter now, and what will I deliberately practice? During: What resistance, choice, or pattern appeared? After: What happened, what evidence changed, and what should I repeat or revise?"
Apprenticeship and tacit knowledge,10.12,65,High,0.3046,0.4725,0.4625,0.4756,Not started,FALSE,"Learning, Memory, Curiosity, Apprenticeship, and Teaching","Learning Agility, Memory, and Teaching",L15,0.5,"L15 Learning Agility, Memory, and Teaching (0.50); L32 Work, Craft, Professionalism, and Contribution (0.25); L26 Friendship, Belonging, and Hospitality (0.15); L23 Communication and Listening (0.10)","Learn through observation, imitation, guided participation, correction, and immersion in a community of practice.",Can perform a skill whose crucial judgment could not be learned from written instructions alone.,cross_context_core,cross_tradition_core_or_broadly_recurrent,agency; interdependence; stewardship,performance_task; artifact; observer_feedback; longitudinal_review,,Master competency,"Before: Why does this matter now, and what will I deliberately practice? During: What resistance, choice, or pattern appeared? After: What happened, what evidence changed, and what should I repeat or revise?"
Accessible and differentiated learning,10.14,66,High,0.3044,0.4722,0.4643,0.4709,Not started,FALSE,"Learning, Memory, Curiosity, Apprenticeship, and Teaching","Learning Agility, Memory, and Teaching",L15,0.4,"L15 Learning Agility, Memory, and Teaching (0.40); L24 Empathy, Social Perception, and Perspective-Taking (0.25); L31 Justice, Pluralism, and Social Responsibility (0.20); L23 Communication and Listening (0.15)","Adapt pace, medium, environment, instruction, and assessment for different abilities, languages, and cognitive profiles.",A learner improves because barriers were reduced without abandoning the real standard.,cross_context_core,cross_tradition_core_or_broadly_recurrent,agency; interdependence; stewardship,performance_task; artifact; observer_feedback; longitudinal_review,,Master competency,"Before: Why does this matter now, and what will I deliberately practice? During: What resistance, choice, or pattern appeared? After: What happened, what evidence changed, and what should I repeat or revise?"
"Revision, finishing, and publication",25.07,67,High,0.3043,0.4744,0.4638,0.4977,Not started,FALSE,"Creativity, Beauty, and Culture","Creativity, Aesthetics, and Cultural Literacy",L16,0.45,"L16 Creativity, Aesthetics, and Cultural Literacy (0.45); L10 Discipline, Habits, and Follow-Through (0.30); L32 Work, Craft, Professionalism, and Contribution (0.15); L23 Communication and Listening (0.10)","Define completion, edit, refine, present, and release work appropriately.",At least one meaningful creation reaches an audience and produces feedback.,elective_cultivation,elective_but_flourishing_relevant,agency; receptivity; interdependence,artifact; performance_task; audience_feedback; longitudinal_review,,Master competency,"Before: Why does this matter now, and what will I deliberately practice? During: What resistance, choice, or pattern appeared? After: What happened, what evidence changed, and what should I repeat or revise?"
Personal style and aesthetic environment,25.11,68,High,0.304,0.4652,0.4524,0.4365,Not started,FALSE,"Creativity, Beauty, and Culture","Creativity, Aesthetics, and Cultural Literacy",L16,0.55,"L16 Creativity, Aesthetics, and Cultural Literacy (0.55); L05 Self-Knowledge, Identity, and Humility (0.20); L18 Domestic Competence and Material Self-Sufficiency (0.15); L17 Physical Health, Vitality, and Embodiment (0.10)","Develop dress, spaces, objects, and presentation that serve function, beauty, identity, and hospitality.",Aesthetic choices are coherent and considerate rather than status imitation alone.,elective_cultivation,elective_but_flourishing_relevant,agency; receptivity; interdependence,artifact; performance_task; audience_feedback; longitudinal_review,,Master competency,"Before: Why does this matter now, and what will I deliberately practice? During: What resistance, choice, or pattern appeared? After: What happened, what evidence changed, and what should I repeat or revise?"
Religious and spiritual community,03.07,69,High,0.3038,0.4796,0.4738,0.4892,Not started,FALSE,"Spirituality, Religion, Ritual, and Transcendence","Spirituality, Reverence, and Transcendence",L03,0.5,"L03 Spirituality, Reverence, and Transcendence (0.50); L26 Friendship, Belonging, and Hospitality (0.30); L30 Service, Citizenship, and Civic Agency (0.20)","Participate in shared practices, service, accountability, celebration, and care while recognizing risks of coercion and abuse.",Contributes to a community and maintains boundaries that protect conscience and dignity.,pathway_dependent,multiple_legitimate_pathways,receptivity; interdependence; transcendence,conceptual_explanation; behavioral_adherence; community_feedback; longitudinal_review,,Master competency,"Before: Why does this matter now, and what will I deliberately practice? During: What resistance, choice, or pattern appeared? After: What happened, what evidence changed, and what should I repeat or revise?"
Independent-living administration,13.01,70,High,0.3038,0.4699,0.4575,0.4632,Not started,FALSE,"Domestic Competence, Infrastructure, and Material Life",Domestic Competence and Material Self-Sufficiency,L18,0.7,"L18 Domestic Competence and Material Self-Sufficiency (0.70); L10 Discipline, Habits, and Follow-Through (0.15); L21 Financial Stewardship and Provision (0.15)","Manage appointments, records, mail, identification, subscriptions, deadlines, forms, and recurring obligations.","Essential life administration is current, searchable, and not dependent on crisis.",context_sensitive,cross_tradition_core_or_broadly_recurrent,agency; stewardship; adaptation,performance_task; artifact; objective_indicator; observer_feedback,,Master competency,"Before: Why does this matter now, and what will I deliberately practice? During: What resistance, choice, or pattern appeared? After: What happened, what evidence changed, and what should I repeat or revise?"
Social interdependence,20.01,71,High,0.303,0.4811,0.4788,0.4759,Not started,FALSE,"Community, Citizenship, Justice, and Nonviolent Action","Service, Citizenship, and Civic Agency",L30,0.35,"L30 Service, Citizenship, and Civic Agency (0.35); L26 Friendship, Belonging, and Hospitality (0.25); L31 Justice, Pluralism, and Social Responsibility (0.20); L24 Empathy, Social Perception, and Perspective-Taking (0.20)","Trace how infrastructure, labor, law, knowledge, environment, and inherited institutions make personal life possible.",Can name reciprocal obligations created by benefits not personally produced.,cross_context_core,cross_tradition_core_or_broadly_recurrent,interdependence; stewardship; agency,conceptual_explanation; real_world_application; artifact; community_feedback,"Political and civic education only; protest, civil disobedience, and legal rights are jurisdiction-specific and can involve serious risk.",Master competency,"Before: Why does this matter now, and what will I deliberately practice? During: What resistance, choice, or pattern appeared? After: What happened, what evidence changed, and what should I repeat or revise?"
Creative courage and experimentation,25.06,72,High,0.3022,0.4694,0.4573,0.4515,Not started,FALSE,"Creativity, Beauty, and Culture","Creativity, Aesthetics, and Cultural Literacy",L16,0.55,"L16 Creativity, Aesthetics, and Cultural Literacy (0.55); L11 Adaptability, Uncertainty, and Learning from Failure (0.25); L25 Boundaries, Assertiveness, and Self-Respect (0.10); L10 Discipline, Habits, and Follow-Through (0.10)","Generate alternatives, tolerate failed attempts, and expose unfinished ideas to useful critique.",Runs repeated creative experiments without treating each result as a verdict on identity.,elective_cultivation,elective_but_flourishing_relevant,agency; receptivity; interdependence,artifact; performance_task; audience_feedback; longitudinal_review,,Master competency,"Before: Why does this matter now, and what will I deliberately practice? During: What resistance, choice, or pattern appeared? After: What happened, what evidence changed, and what should I repeat or revise?"
Partner selection and compatibility,18.03,73,High,0.3005,0.4793,0.4693,0.4646,Not started,FALSE,"Intimacy, Sexuality, and Partnership","Intimacy, Sexuality, and Partnership",L27,0.45,"L27 Intimacy, Sexuality, and Partnership (0.45); L05 Self-Knowledge, Identity, and Humility (0.20); L14 Systems Thinking, Judgment, and Decision-Making (0.20); L25 Boundaries, Assertiveness, and Self-Respect (0.15)","Evaluate values, character, conflict style, direction, attraction, trust, responsibility, and life constraints.",Can explain a relationship decision using evidence beyond intensity or loneliness.,role_conditional,role_conditional,interdependence; receptivity; agency,self_report; observer_feedback; behavioral_adherence; longitudinal_review,"Consent, health, abuse, and legal concerns require appropriate medical, legal, or safeguarding resources.",Master competency,"Before: Why does this matter now, and what will I deliberately practice? During: What resistance, choice, or pattern appeared? After: What happened, what evidence changed, and what should I repeat or revise?"
"Separation, divorce, estrangement, and endings",18.12,74,High,0.299,0.4787,0.4743,0.46,Not started,FALSE,"Intimacy, Sexuality, and Partnership","Conflict, Repair, Forgiveness, and Reconciliation",L29,0.35,"L29 Conflict, Repair, Forgiveness, and Reconciliation (0.35); L27 Intimacy, Sexuality, and Partnership (0.25); L04 Mortality, Suffering, Gratitude, and Hope (0.20); L25 Boundaries, Assertiveness, and Self-Respect (0.20)","End or restructure relationships with honesty, safety, grief, legal responsibility, and protection of dependents.","Avoids unnecessary cruelty, ambiguity, retaliation, and denial of real obligations.",role_conditional,role_conditional,interdependence; receptivity; agency,self_report; observer_feedback; behavioral_adherence; longitudinal_review,"Consent, health, abuse, and legal concerns require appropriate medical, legal, or safeguarding resources.",Master competency,"Before: Why does this matter now, and what will I deliberately practice? During: What resistance, choice, or pattern appeared? After: What happened, what evidence changed, and what should I repeat or revise?"
"Work boundaries, rest, and freedom from total identity",21.19,75,High,0.2989,0.481,0.4661,0.4869,Not started,FALSE,"Work, Craft, Professionalism, and Labor Ethics","Boundaries, Assertiveness, and Self-Respect",L25,0.3,"L25 Boundaries, Assertiveness, and Self-Respect (0.30); L34 Play, Rest, Celebration, and Joy (0.25); L32 Work, Craft, Professionalism, and Contribution (0.25); L36 Life Design, Balance, and Seasonality (0.20)","Protect health, family, civic life, worship, leisure, and dignity from indefinite work expansion.",Can set or negotiate a boundary and maintain a sense of worth beyond occupational performance.,context_sensitive,cross_tradition_core_or_broadly_recurrent,agency; stewardship; interdependence,performance_task; artifact; observer_feedback; objective_indicator,,Master competency,"Before: Why does this matter now, and what will I deliberately practice? During: What resistance, choice, or pattern appeared? After: What happened, what evidence changed, and what should I repeat or revise?"
Resource maintenance and repair culture,13.12,76,Medium,0.2985,0.4763,0.4663,0.4618,Not started,FALSE,"Domestic Competence, Infrastructure, and Material Life",Domestic Competence and Material Self-Sufficiency,L18,0.65,"L18 Domestic Competence and Material Self-Sufficiency (0.65); L21 Financial Stewardship and Provision (0.15); L35 Nature, Exploration, and Adventure (0.10); L32 Work, Craft, Professionalism, and Contribution (0.10)","Choose durable goods, maintain them, repair when sensible, and understand lifecycle cost.",Possessions last longer and serve their purpose with less waste and replacement.,context_sensitive,cross_tradition_core_or_broadly_recurrent,agency; stewardship; adaptation,performance_task; artifact; objective_indicator; observer_feedback,,Master competency,"Before: Why does this matter now, and what will I deliberately practice? During: What resistance, choice, or pattern appeared? After: What happened, what evidence changed, and what should I repeat or revise?"
Public speaking and presentation,16.09,77,Medium,0.2984,0.4811,0.4757,0.492,Not started,FALSE,"Communication, Rhetoric, and Social Intelligence",Communication and Listening,L23,0.65,"L23 Communication and Listening (0.65); L25 Boundaries, Assertiveness, and Self-Respect (0.20); L33 Leadership, Power, Mentorship, and Institutions (0.15)","Structure, rehearse, deliver, adapt, and respond to an audience with clarity and composure.",Can deliver a coherent talk and improve it using observed audience response.,cross_context_core,cross_tradition_core_or_broadly_recurrent,agency; interdependence,performance_task; observer_feedback; artifact; longitudinal_review,,Master competency,"Before: Why does this matter now, and what will I deliberately practice? During: What resistance, choice, or pattern appeared? After: What happened, what evidence changed, and what should I repeat or revise?"
"Kin, clan, neighborhood, and communal obligation",17.12,78,Medium,0.2972,0.4849,0.4826,0.4625,Not started,FALSE,"Friendship, Belonging, Hospitality, and Social Networks","Friendship, Belonging, and Hospitality",L26,0.35,"L26 Friendship, Belonging, and Hospitality (0.35); L30 Service, Citizenship, and Civic Agency (0.30); L28 Family, Parenting, and Caregiving (0.20); L31 Justice, Pluralism, and Social Responsibility (0.15)",Understand forms of belonging in which responsibility is inherited or communal rather than individually chosen.,"Can honor legitimate communal duties while identifying limits around harm, exploitation, and conscience.",cross_context_core,cross_tradition_core_or_broadly_recurrent,interdependence; receptivity; stewardship,behavioral_adherence; observer_feedback; longitudinal_review; artifact,,Master competency,"Before: Why does this matter now, and what will I deliberately practice? During: What resistance, choice, or pattern appeared? After: What happened, what evidence changed, and what should I repeat or revise?"
Clear and direct expression,16.02,79,Medium,0.2968,0.4861,0.4808,0.5093,Not started,FALSE,"Communication, Rhetoric, and Social Intelligence",Communication and Listening,L23,0.65,"L23 Communication and Listening (0.65); L25 Boundaries, Assertiveness, and Self-Respect (0.25); L02 Values, Integrity, and Moral Courage (0.10)","State observations, reasoning, feelings, needs, requests, and boundaries without hints or unnecessary complexity.",A difficult message is understood without requiring others to decode it.,cross_context_core,cross_tradition_core_or_broadly_recurrent,agency; interdependence,performance_task; observer_feedback; artifact; longitudinal_review,,Master competency,"Before: Why does this matter now, and what will I deliberately practice? During: What resistance, choice, or pattern appeared? After: What happened, what evidence changed, and what should I repeat or revise?"
"Meal planning, shopping, and food storage",13.07,80,Medium,0.2953,0.4763,0.467,0.4403,Not started,FALSE,"Domestic Competence, Infrastructure, and Material Life",Domestic Competence and Material Self-Sufficiency,L18,0.6,"L18 Domestic Competence and Material Self-Sufficiency (0.60); L17 Physical Health, Vitality, and Embodiment (0.25); L21 Financial Stewardship and Provision (0.15)","Plan around nutrition, budget, time, waste, shelf life, and household preferences.",Maintains an efficient food system with minimal avoidable waste.,context_sensitive,cross_tradition_core_or_broadly_recurrent,agency; stewardship; adaptation,performance_task; artifact; objective_indicator; observer_feedback,,Master competency,"Before: Why does this matter now, and what will I deliberately practice? During: What resistance, choice, or pattern appeared? After: What happened, what evidence changed, and what should I repeat or revise?"
"Family ritual, heritage, and intergenerational continuity",19.14,81,Medium,0.295,0.4793,0.4723,0.4519,Not started,FALSE,"Family, Parenting, Reproduction, and Caregiving","Family, Parenting, and Caregiving",L28,0.35,"L28 Family, Parenting, and Caregiving (0.35); L03 Spirituality, Reverence, and Transcendence (0.20); L16 Creativity, Aesthetics, and Cultural Literacy (0.20); L37 Legacy, Generativity, and Transmission (0.15); L26 Friendship, Belonging, and Hospitality (0.10)","Preserve stories, language, celebration, mourning, values, and practical knowledge while revising harmful inheritance.",A family practice strengthens belonging and transmits meaning without coercive nostalgia.,role_conditional,role_conditional,interdependence; stewardship; receptivity,qualified_assessment; observer_feedback; artifact; longitudinal_review,"Medical, reproductive, child-safety, guardianship, and elder-care decisions require qualified local guidance.",Master competency,"Before: Why does this matter now, and what will I deliberately practice? During: What resistance, choice, or pattern appeared? After: What happened, what evidence changed, and what should I repeat or revise?"
Reverence and the sacred,03.04,82,Medium,0.2936,0.4853,0.478,0.485,Not started,FALSE,"Spirituality, Religion, Ritual, and Transcendence","Spirituality, Reverence, and Transcendence",L03,0.75,"L03 Spirituality, Reverence, and Transcendence (0.75); L16 Creativity, Aesthetics, and Cultural Literacy (0.15); L34 Play, Rest, Celebration, and Joy (0.10)","Cultivate appropriate awe toward life, nature, persons, ritual, truth, beauty, and what is held holy.","Can participate sincerely without abandoning conscience, evidence, or respect for outsiders.",pathway_dependent,multiple_legitimate_pathways,receptivity; interdependence; transcendence,conceptual_explanation; behavioral_adherence; community_feedback; longitudinal_review,,Master competency,"Before: Why does this matter now, and what will I deliberately practice? During: What resistance, choice, or pattern appeared? After: What happened, what evidence changed, and what should I repeat or revise?"
Gardening and plant care,13.11,83,Medium,0.2931,0.4809,0.4722,0.4522,Not started,FALSE,"Domestic Competence, Infrastructure, and Material Life",Domestic Competence and Material Self-Sufficiency,L18,0.5,"L18 Domestic Competence and Material Self-Sufficiency (0.50); L35 Nature, Exploration, and Adventure (0.30); L17 Physical Health, Vitality, and Embodiment (0.10); L16 Creativity, Aesthetics, and Cultural Literacy (0.10)","Understand soil, light, water, nutrients, pests, seasons, and plant selection.",Can sustain plants or a small growing system through a full cycle.,context_sensitive,cross_tradition_core_or_broadly_recurrent,agency; stewardship; adaptation,performance_task; artifact; objective_indicator; observer_feedback,,Master competency,"Before: Why does this matter now, and what will I deliberately practice? During: What resistance, choice, or pattern appeared? After: What happened, what evidence changed, and what should I repeat or revise?"
Basic tools and household repair,13.08,84,Medium,0.293,0.4815,0.4737,0.447,Not started,FALSE,"Domestic Competence, Infrastructure, and Material Life",Domestic Competence and Material Self-Sufficiency,L18,0.65,"L18 Domestic Competence and Material Self-Sufficiency (0.65); L15 Learning Agility, Memory, and Teaching (0.20); L20 Safety, Risk, and Preparedness (0.15)","Use hand and power tools, fasteners, measurement, patching, assembly, and safe troubleshooting.",Can complete minor repairs and recognize when licensed expertise is required.,context_sensitive,cross_tradition_core_or_broadly_recurrent,agency; stewardship; adaptation,performance_task; artifact; objective_indicator; observer_feedback,,Master competency,"Before: Why does this matter now, and what will I deliberately practice? During: What resistance, choice, or pattern appeared? After: What happened, what evidence changed, and what should I repeat or revise?"
"Grooming, dress, and presentation",12.13,85,Medium,0.2923,0.4834,0.4777,0.4644,Not started,FALSE,"Physical Health, Fitness, and Embodiment","Physical Health, Vitality, and Embodiment",L17,0.4,"L17 Physical Health, Vitality, and Embodiment (0.40); L16 Creativity, Aesthetics, and Cultural Literacy (0.25); L23 Communication and Listening (0.20); L32 Work, Craft, Professionalism, and Contribution (0.15)","Maintain hygiene, clothing, posture, and appearance appropriate to health, context, identity, and respect.",Presentation supports dignity and purpose without becoming the basis of worth.,cross_context_core,cross_tradition_core_or_broadly_recurrent,agency; adaptation; stewardship,objective_indicator; behavioral_adherence; qualified_assessment; longitudinal_review,Health and exercise content must be adapted to the person and does not replace licensed medical care.,Master competency,"Before: Why does this matter now, and what will I deliberately practice? During: What resistance, choice, or pattern appeared? After: What happened, what evidence changed, and what should I repeat or revise?"
"Ritual, remembrance, and sacred time",03.09,86,Medium,0.2921,0.4935,0.4866,0.5047,Not started,FALSE,"Spirituality, Religion, Ritual, and Transcendence","Spirituality, Reverence, and Transcendence",L03,0.55,"L03 Spirituality, Reverence, and Transcendence (0.55); L36 Life Design, Balance, and Seasonality (0.20); L26 Friendship, Belonging, and Hospitality (0.15); L34 Play, Rest, Celebration, and Joy (0.10)","Use rituals for beginnings, endings, grief, gratitude, rest, commitment, repentance, celebration, and belonging.","A ritual strengthens memory, identity, and action rather than functioning as empty performance.",pathway_dependent,multiple_legitimate_pathways,receptivity; interdependence; transcendence,conceptual_explanation; behavioral_adherence; community_feedback; longitudinal_review,,Master competency,"Before: Why does this matter now, and what will I deliberately practice? During: What resistance, choice, or pattern appeared? After: What happened, what evidence changed, and what should I repeat or revise?"
"Coaching, mentorship, and development",22.06,87,Medium,0.2916,0.482,0.48,0.4384,Not started,FALSE,"Leadership, Power, Mentorship, and Institutions","Leadership, Power, Mentorship, and Institutions",L33,0.4,"L33 Leadership, Power, Mentorship, and Institutions (0.40); L15 Learning Agility, Memory, and Teaching (0.25); L24 Empathy, Social Perception, and Perspective-Taking (0.20); L23 Communication and Listening (0.15)","Diagnose learning needs, ask useful questions, teach, challenge, encourage, and create opportunities.",Another person becomes more independent and capable.,role_conditional,role_conditional,agency; stewardship; interdependence,observer_feedback; artifact; outcome_indicator; longitudinal_review,,Master competency,"Before: Why does this matter now, and what will I deliberately practice? During: What resistance, choice, or pattern appeared? After: What happened, what evidence changed, and what should I repeat or revise?"
Financial relationships and shared money,23.12,88,Medium,0.2903,0.4914,0.4881,0.4798,Not started,FALSE,"Personal Finance, Provision, and Material Stewardship",Financial Stewardship and Provision,L21,0.4,"L21 Financial Stewardship and Provision (0.40); L27 Intimacy, Sexuality, and Partnership (0.25); L23 Communication and Listening (0.15); L29 Conflict, Repair, Forgiveness, and Reconciliation (0.10); L25 Boundaries, Assertiveness, and Self-Respect (0.10)","Communicate about secrecy, risk, control, contribution, dependence, gifts, and unequal income in households and close relationships.",Shared financial expectations and decision rights are explicit and reviewable.,context_sensitive,cross_tradition_core_or_broadly_recurrent,agency; stewardship; interdependence,artifact; objective_indicator; behavioral_adherence; longitudinal_review,"Financial education only; tax, investment, insurance, estate, and benefits decisions may require licensed or jurisdiction-specific advice.",Master competency,"Before: Why does this matter now, and what will I deliberately practice? During: What resistance, choice, or pattern appeared? After: What happened, what evidence changed, and what should I repeat or revise?"
Conflict and de-escalation,16.12,89,Medium,0.2896,0.4936,0.4916,0.4994,Not started,FALSE,"Communication, Rhetoric, and Social Intelligence","Conflict, Repair, Forgiveness, and Reconciliation",L29,0.45,"L29 Conflict, Repair, Forgiveness, and Reconciliation (0.45); L23 Communication and Listening (0.30); L25 Boundaries, Assertiveness, and Self-Respect (0.15); L20 Safety, Risk, and Preparedness (0.10)","Recognize escalation, regulate self, clarify issues, own contributions, reduce threat, and define next steps.","A conflict becomes safer and more solvable, or is ended with clear boundaries.",cross_context_core,cross_tradition_core_or_broadly_recurrent,agency; interdependence,performance_task; observer_feedback; artifact; longitudinal_review,,Master competency,"Before: Why does this matter now, and what will I deliberately practice? During: What resistance, choice, or pattern appeared? After: What happened, what evidence changed, and what should I repeat or revise?"
Accessibility and adaptable home design,13.16,90,Medium,0.2891,0.4833,0.477,0.4405,Not started,FALSE,"Domestic Competence, Infrastructure, and Material Life",Domestic Competence and Material Self-Sufficiency,L18,0.45,"L18 Domestic Competence and Material Self-Sufficiency (0.45); L31 Justice, Pluralism, and Social Responsibility (0.25); L17 Physical Health, Vitality, and Embodiment (0.15); L28 Family, Parenting, and Caregiving (0.15)","Arrange spaces, tools, lighting, storage, and routines to support different bodies, senses, cognition, and ages.",A real household barrier is reduced through redesign or assistive equipment.,context_sensitive,cross_tradition_core_or_broadly_recurrent,agency; stewardship; adaptation,performance_task; artifact; objective_indicator; observer_feedback,,Master competency,"Before: Why does this matter now, and what will I deliberately practice? During: What resistance, choice, or pattern appeared? After: What happened, what evidence changed, and what should I repeat or revise?"
Delegation and empowerment,22.05,91,Medium,0.2887,0.4849,0.4839,0.4368,Not started,FALSE,"Leadership, Power, Mentorship, and Institutions","Leadership, Power, Mentorship, and Institutions",L33,0.5,"L33 Leadership, Power, Mentorship, and Institutions (0.50); L23 Communication and Listening (0.20); L24 Empathy, Social Perception, and Perspective-Taking (0.15); L25 Boundaries, Assertiveness, and Self-Respect (0.15)","Match responsibility to readiness, provide context and authority, establish checkpoints, and avoid micromanagement.",Others gain competence while real work progresses.,role_conditional,role_conditional,agency; stewardship; interdependence,observer_feedback; artifact; outcome_indicator; longitudinal_review,,Master competency,"Before: Why does this matter now, and what will I deliberately practice? During: What resistance, choice, or pattern appeared? After: What happened, what evidence changed, and what should I repeat or revise?"
Bodily autonomy and personal boundaries,12.12,92,Medium,0.2884,0.4833,0.4764,0.4339,Not started,FALSE,"Physical Health, Fitness, and Embodiment","Physical Health, Vitality, and Embodiment",L17,0.4,"L17 Physical Health, Vitality, and Embodiment (0.40); L25 Boundaries, Assertiveness, and Self-Respect (0.40); L27 Intimacy, Sexuality, and Partnership (0.10); L31 Justice, Pluralism, and Social Responsibility (0.10)","Protect consent, privacy, touch, medical choice, and freedom from coercion or exploitation.",Can state and enforce bodily boundaries while respecting the same rights in others.,cross_context_core,cross_tradition_core_or_broadly_recurrent,agency; adaptation; stewardship,objective_indicator; behavioral_adherence; qualified_assessment; longitudinal_review,Health and exercise content must be adapted to the person and does not replace licensed medical care.,Master competency,"Before: Why does this matter now, and what will I deliberately practice? During: What resistance, choice, or pattern appeared? After: What happened, what evidence changed, and what should I repeat or revise?"
Ethics of care and dependency,02.15,93,Medium,0.2867,0.4954,0.496,0.4758,Not started,FALSE,"Ethics, Virtue, and Integrity","Family, Parenting, and Caregiving",L28,0.35,"L28 Family, Parenting, and Caregiving (0.35); L24 Empathy, Social Perception, and Perspective-Taking (0.30); L02 Values, Integrity, and Moral Courage (0.20); L31 Justice, Pluralism, and Social Responsibility (0.15)","Recognize moral obligations created by vulnerability, relationship, dependence, and unequal capacity, not only contracts or autonomous choice.","Can identify who bears care burdens, whose needs are invisible, and how responsibility can be shared fairly.",cross_context_core,cross_tradition_core_or_broadly_recurrent,agency; interdependence; stewardship,conceptual_explanation; real_world_application; observer_feedback; longitudinal_review,,Master competency,"Before: Why does this matter now, and what will I deliberately practice? During: What resistance, choice, or pattern appeared? After: What happened, what evidence changed, and what should I repeat or revise?"
"Co-parenting, separation, and family restructuring",19.13,94,Medium,0.2853,0.4922,0.4903,0.4681,Not started,FALSE,"Family, Parenting, Reproduction, and Caregiving","Family, Parenting, and Caregiving",L28,0.4,"L28 Family, Parenting, and Caregiving (0.40); L29 Conflict, Repair, Forgiveness, and Reconciliation (0.25); L23 Communication and Listening (0.20); L25 Boundaries, Assertiveness, and Self-Respect (0.15)","Protect children and dependents during breakup, divorce, relocation, estrangement, or new partnership.","Reduces triangulation, retaliation, instability, and use of dependents as leverage.",role_conditional,role_conditional,interdependence; stewardship; receptivity,qualified_assessment; observer_feedback; artifact; longitudinal_review,"Medical, reproductive, child-safety, guardianship, and elder-care decisions require qualified local guidance.",Master competency,"Before: Why does this matter now, and what will I deliberately practice? During: What resistance, choice, or pattern appeared? After: What happened, what evidence changed, and what should I repeat or revise?"
Cultural and historical literacy,25.10,95,Medium,0.2841,0.4918,0.4876,0.4448,Not started,FALSE,"Creativity, Beauty, and Culture","Creativity, Aesthetics, and Cultural Literacy",L16,0.5,"L16 Creativity, Aesthetics, and Cultural Literacy (0.50); L15 Learning Agility, Memory, and Teaching (0.25); L31 Justice, Pluralism, and Social Responsibility (0.15); L13 Evidence, Truth, and Epistemic Humility (0.10)","Study literature, art, music, ritual, stories, design, and customs across time and cultures.","Can appreciate inheritance while recognizing context, exclusion, adaptation, and change.",elective_cultivation,elective_but_flourishing_relevant,agency; receptivity; interdependence,artifact; performance_task; audience_feedback; longitudinal_review,,Master competency,"Before: Why does this matter now, and what will I deliberately practice? During: What resistance, choice, or pattern appeared? After: What happened, what evidence changed, and what should I repeat or revise?"
"Art as truth, memory, and moral imagination",25.09,96,Medium,0.2839,0.4948,0.4908,0.4682,Not started,FALSE,"Creativity, Beauty, and Culture","Creativity, Aesthetics, and Cultural Literacy",L16,0.5,"L16 Creativity, Aesthetics, and Cultural Literacy (0.50); L02 Values, Integrity, and Moral Courage (0.20); L03 Spirituality, Reverence, and Transcendence (0.15); L31 Justice, Pluralism, and Social Responsibility (0.15)","Use art to explore ambiguity, suffering, hope, identity, history, and perspectives inaccessible to direct argument.",A work communicates or reveals something that straightforward explanation could not fully carry.,elective_cultivation,elective_but_flourishing_relevant,agency; receptivity; interdependence,artifact; performance_task; audience_feedback; longitudinal_review,,Master competency,"Before: Why does this matter now, and what will I deliberately practice? During: What resistance, choice, or pattern appeared? After: What happened, what evidence changed, and what should I repeat or revise?"
"Adoption, fostering, stepfamilies, and chosen family",19.07,97,Medium,0.2835,0.4941,0.4945,0.4573,Not started,FALSE,"Family, Parenting, Reproduction, and Caregiving","Family, Parenting, and Caregiving",L28,0.5,"L28 Family, Parenting, and Caregiving (0.50); L31 Justice, Pluralism, and Social Responsibility (0.20); L24 Empathy, Social Perception, and Perspective-Taking (0.15); L29 Conflict, Repair, Forgiveness, and Reconciliation (0.15)","Understand attachment, identity, legal responsibility, prior loss, loyalty conflicts, and non-biological kinship.","Can support belonging without erasing origin, history, or the child's perspective.",role_conditional,role_conditional,interdependence; stewardship; receptivity,qualified_assessment; observer_feedback; artifact; longitudinal_review,"Medical, reproductive, child-safety, guardianship, and elder-care decisions require qualified local guidance.",Master competency,"Before: Why does this matter now, and what will I deliberately practice? During: What resistance, choice, or pattern appeared? After: What happened, what evidence changed, and what should I repeat or revise?"
Inclusive and accessible work,21.18,98,Medium,0.2829,0.4984,0.5002,0.4792,Not started,FALSE,"Work, Craft, Professionalism, and Labor Ethics","Justice, Pluralism, and Social Responsibility",L31,0.4,"L31 Justice, Pluralism, and Social Responsibility (0.40); L32 Work, Craft, Professionalism, and Contribution (0.30); L24 Empathy, Social Perception, and Perspective-Taking (0.15); L33 Leadership, Power, Mentorship, and Institutions (0.15)","Design expectations, tools, communication, hiring, and advancement to reduce irrelevant barriers.",A work process becomes more accessible while preserving legitimate job requirements.,context_sensitive,cross_tradition_core_or_broadly_recurrent,agency; stewardship; interdependence,performance_task; artifact; observer_feedback; objective_indicator,,Master competency,"Before: Why does this matter now, and what will I deliberately practice? During: What resistance, choice, or pattern appeared? After: What happened, what evidence changed, and what should I repeat or revise?"
"Caregiving for elders, illness, and disability",19.03,99,Medium,0.2827,0.492,0.4919,0.4403,Not started,FALSE,"Family, Parenting, Reproduction, and Caregiving","Family, Parenting, and Caregiving",L28,0.65,"L28 Family, Parenting, and Caregiving (0.65); L24 Empathy, Social Perception, and Perspective-Taking (0.15); L17 Physical Health, Vitality, and Embodiment (0.10); L25 Boundaries, Assertiveness, and Self-Respect (0.10)","Provide practical, emotional, financial, and advocacy support while respecting agency and limits.",Care plans protect the dependent person and the sustainability of the caregiver.,role_conditional,role_conditional,interdependence; stewardship; receptivity,qualified_assessment; observer_feedback; artifact; longitudinal_review,"Medical, reproductive, child-safety, guardianship, and elder-care decisions require qualified local guidance.",Master competency,"Before: Why does this matter now, and what will I deliberately practice? During: What resistance, choice, or pattern appeared? After: What happened, what evidence changed, and what should I repeat or revise?"
"Documentation, maintainability, and professional legacy",21.13,100,Medium,0.2823,0.5016,0.502,0.5053,Not started,FALSE,"Work, Craft, Professionalism, and Labor Ethics","Work, Craft, Professionalism, and Contribution",L32,0.4,"L32 Work, Craft, Professionalism, and Contribution (0.40); L10 Discipline, Habits, and Follow-Through (0.20); L37 Legacy, Generativity, and Transmission (0.20); L23 Communication and Listening (0.10); L15 Learning Agility, Memory, and Teaching (0.10)","Record decisions, teach successors, design for upkeep, and leave systems understandable.",Value persists when the original worker is absent.,context_sensitive,cross_tradition_core_or_broadly_recurrent,agency; stewardship; interdependence,performance_task; artifact; observer_feedback; objective_indicator,,Master competency,"Before: Why does this matter now, and what will I deliberately practice? During: What resistance, choice, or pattern appeared? After: What happened, what evidence changed, and what should I repeat or revise?"
Foundational craft competence,21.03,101,Medium,0.2818,0.5031,0.504,0.5118,Not started,FALSE,"Work, Craft, Professionalism, and Labor Ethics","Work, Craft, Professionalism, and Contribution",L32,0.6,"L32 Work, Craft, Professionalism, and Contribution (0.60); L15 Learning Agility, Memory, and Teaching (0.25); L10 Discipline, Habits, and Follow-Through (0.15)","Identify core knowledge, skills, tools, standards, and safety requirements in a field.",Produces competent work repeatedly rather than occasional impressive results.,context_sensitive,cross_tradition_core_or_broadly_recurrent,agency; stewardship; interdependence,performance_task; artifact; observer_feedback; objective_indicator,,Master competency,"Before: Why does this matter now, and what will I deliberately practice? During: What resistance, choice, or pattern appeared? After: What happened, what evidence changed, and what should I repeat or revise?"
Gratitude and received life,03.05,102,Medium,0.2808,0.5018,0.5002,0.4735,Not started,FALSE,"Spirituality, Religion, Ritual, and Transcendence","Spirituality, Reverence, and Transcendence",L03,0.5,"L03 Spirituality, Reverence, and Transcendence (0.50); L34 Play, Rest, Celebration, and Joy (0.25); L04 Mortality, Suffering, Gratitude, and Hope (0.15); L36 Life Design, Balance, and Seasonality (0.10)","Recognize dependence, gifts, contingency, sacrifice, inheritance, and goods not personally earned.","Gratitude changes conduct through care, generosity, restraint, remembrance, or service.",pathway_dependent,multiple_legitimate_pathways,receptivity; interdependence; transcendence,conceptual_explanation; behavioral_adherence; community_feedback; longitudinal_review,,Master competency,"Before: Why does this matter now, and what will I deliberately practice? During: What resistance, choice, or pattern appeared? After: What happened, what evidence changed, and what should I repeat or revise?"
"Quality, craftsmanship, and reputation",21.05,103,Medium,0.2806,0.5079,0.5098,0.5288,Not started,FALSE,"Work, Craft, Professionalism, and Labor Ethics","Work, Craft, Professionalism, and Contribution",L32,0.6,"L32 Work, Craft, Professionalism, and Contribution (0.60); L10 Discipline, Habits, and Follow-Through (0.20); L02 Values, Integrity, and Moral Courage (0.10); L16 Creativity, Aesthetics, and Cultural Literacy (0.10)","Match care, robustness, elegance, documentation, and finish to consequence and purpose.","Work becomes associated with trust because quality is consistent, not performative.",context_sensitive,cross_tradition_core_or_broadly_recurrent,agency; stewardship; interdependence,performance_task; artifact; observer_feedback; objective_indicator,,Master competency,"Before: Why does this matter now, and what will I deliberately practice? During: What resistance, choice, or pattern appeared? After: What happened, what evidence changed, and what should I repeat or revise?"
Deliberate mastery and expertise,21.04,104,Medium,0.2801,0.5042,0.5054,0.5059,Not started,FALSE,"Work, Craft, Professionalism, and Labor Ethics","Work, Craft, Professionalism, and Contribution",L32,0.5,"L32 Work, Craft, Professionalism, and Contribution (0.50); L15 Learning Agility, Memory, and Teaching (0.30); L10 Discipline, Habits, and Follow-Through (0.20)","Target weaknesses, practice at the edge of ability, seek expert critique, and integrate components.",Performance improves on a meaningful external standard.,context_sensitive,cross_tradition_core_or_broadly_recurrent,agency; stewardship; interdependence,performance_task; artifact; observer_feedback; objective_indicator,,Master competency,"Before: Why does this matter now, and what will I deliberately practice? During: What resistance, choice, or pattern appeared? After: What happened, what evidence changed, and what should I repeat or revise?"
Emotional vocabulary and differentiation,07.01,105,Medium,0.2796,0.4948,0.4932,0.4452,Not started,FALSE,"Emotional Maturity, Resilience, and Mental Well-Being",Emotional Awareness and Literacy,L06,0.8,L06 Emotional Awareness and Literacy (0.80); L23 Communication and Listening (0.20),"Name emotions, intensity, bodily sensations, triggers, meanings, and action urges with precision.","Can distinguish similar states such as anger, hurt, shame, fear, envy, grief, and exhaustion.",cross_context_core,cross_tradition_core_or_broadly_recurrent,agency; receptivity; interdependence,self_report; behavioral_adherence; observer_feedback; longitudinal_review,Not therapy or diagnosis; severe or persistent symptoms require qualified mental-health or medical care.,Master competency,"Before: Why does this matter now, and what will I deliberately practice? During: What resistance, choice, or pattern appeared? After: What happened, what evidence changed, and what should I repeat or revise?"
Wonder and awe,26.09,106,Medium,0.2795,0.5013,0.4989,0.4743,Not started,FALSE,"Play, Celebration, Leisure, Nature, and Exploration","Nature, Exploration, and Adventure",L35,0.4,"L35 Nature, Exploration, and Adventure (0.40); L03 Spirituality, Reverence, and Transcendence (0.30); L16 Creativity, Aesthetics, and Cultural Literacy (0.20); L34 Play, Rest, Celebration, and Joy (0.10)","Seek encounters with nature, science, art, sacred spaces, craftsmanship, or human excellence that expand perspective.","Awe produces attention, humility, gratitude, or renewed responsibility.",cross_context_core,cross_tradition_core_or_broadly_recurrent,receptivity; interdependence; transcendence,behavioral_adherence; artifact; community_feedback; longitudinal_review,,Master competency,"Before: Why does this matter now, and what will I deliberately practice? During: What resistance, choice, or pattern appeared? After: What happened, what evidence changed, and what should I repeat or revise?"
Helping without paternalism,20.07,107,Medium,0.2785,0.5061,0.5133,0.4683,Not started,FALSE,"Community, Citizenship, Justice, and Nonviolent Action","Service, Citizenship, and Civic Agency",L30,0.35,"L30 Service, Citizenship, and Civic Agency (0.35); L24 Empathy, Social Perception, and Perspective-Taking (0.30); L31 Justice, Pluralism, and Social Responsibility (0.20); L25 Boundaries, Assertiveness, and Self-Respect (0.15)","Ask what is needed, preserve agency, understand context, and avoid making help about superiority or identity.",Support increases another person's safety or capacity rather than dependence or humiliation.,cross_context_core,cross_tradition_core_or_broadly_recurrent,interdependence; stewardship; agency,conceptual_explanation; real_world_application; artifact; community_feedback,"Political and civic education only; protest, civil disobedience, and legal rights are jurisdiction-specific and can involve serious risk.",Master competency,"Before: Why does this matter now, and what will I deliberately practice? During: What resistance, choice, or pattern appeared? After: What happened, what evidence changed, and what should I repeat or revise?"
"Responsibility, apology, and restitution",02.11,108,Medium,0.2783,0.5083,0.5104,0.5082,Not started,FALSE,"Ethics, Virtue, and Integrity","Conflict, Repair, Forgiveness, and Reconciliation",L29,0.55,"L29 Conflict, Repair, Forgiveness, and Reconciliation (0.55); L02 Values, Integrity, and Moral Courage (0.25); L23 Communication and Listening (0.20)","Own intention, action, impact, negligence, and foreseeable consequences; repair harm where possible.",Offers specific apology and restitution rather than image management or blame shifting.,cross_context_core,cross_tradition_core_or_broadly_recurrent,agency; interdependence; stewardship,conceptual_explanation; real_world_application; observer_feedback; longitudinal_review,,Master competency,"Before: Why does this matter now, and what will I deliberately practice? During: What resistance, choice, or pattern appeared? After: What happened, what evidence changed, and what should I repeat or revise?"
Recovery after violation and betrayal,06.03,109,Medium,0.2779,0.5067,0.5083,0.483,Not started,FALSE,"Vulnerability, Trauma, Disability, Neurodiversity, and Dependency",Emotional Regulation and Resilience,L07,0.35,"L07 Emotional Regulation and Resilience (0.35); L29 Conflict, Repair, Forgiveness, and Reconciliation (0.30); L25 Boundaries, Assertiveness, and Self-Respect (0.20); L24 Empathy, Social Perception, and Perspective-Taking (0.15)","Rebuild safety, agency, trust, bodily ownership, boundaries, and meaning after abuse, assault, coercion, or severe betrayal.",Can identify protective supports and choose recovery steps without assigning blame to the harmed person.,context_contingent,universally_relevant_as_literacy_but_conditionally_practiced,receptivity; interdependence; adaptation,self_report; qualified_assessment; artifact; observer_feedback; longitudinal_review,"Educational and developmental only; trauma, suicidality, abuse, psychosis, addiction, severe functional decline, and medical concerns require qualified professional or emergency support.",Master competency,"Before: Why does this matter now, and what will I deliberately practice? During: What resistance, choice, or pattern appeared? After: What happened, what evidence changed, and what should I repeat or revise?"
Healthy emotional expression,07.09,110,Medium,0.2774,0.5024,0.5025,0.4686,Not started,FALSE,"Emotional Maturity, Resilience, and Mental Well-Being",Emotional Awareness and Literacy,L06,0.35,"L06 Emotional Awareness and Literacy (0.35); L23 Communication and Listening (0.30); L25 Boundaries, Assertiveness, and Self-Respect (0.20); L07 Emotional Regulation and Resilience (0.15)","Communicate feelings and needs appropriately rather than leaking them through withdrawal, hostility, performance, or control.",Can disclose a difficult emotional truth to a trustworthy person with clarity and proportion.,cross_context_core,cross_tradition_core_or_broadly_recurrent,agency; receptivity; interdependence,self_report; behavioral_adherence; observer_feedback; longitudinal_review,Not therapy or diagnosis; severe or persistent symptoms require qualified mental-health or medical care.,Master competency,"Before: Why does this matter now, and what will I deliberately practice? During: What resistance, choice, or pattern appeared? After: What happened, what evidence changed, and what should I repeat or revise?"
Religious pluralism and interfaith humility,03.12,111,Medium,0.2771,0.5048,0.5085,0.4757,Not started,FALSE,"Spirituality, Religion, Ritual, and Transcendence","Justice, Pluralism, and Social Responsibility",L31,0.45,"L31 Justice, Pluralism, and Social Responsibility (0.45); L03 Spirituality, Reverence, and Transcendence (0.30); L24 Empathy, Social Perception, and Perspective-Taking (0.15); L05 Self-Knowledge, Identity, and Humility (0.10)",Engage competing truth claims without reducing every tradition to sameness or treating disagreement as license for contempt.,"Can describe another tradition accurately, state real disagreement, and cooperate without deceptive consensus.",pathway_dependent,multiple_legitimate_pathways,receptivity; interdependence; transcendence,conceptual_explanation; behavioral_adherence; community_feedback; longitudinal_review,,Master competency,"Before: Why does this matter now, and what will I deliberately practice? During: What resistance, choice, or pattern appeared? After: What happened, what evidence changed, and what should I repeat or revise?"
Peacebuilding and reconciliation after collective harm,20.18,112,Medium,0.2764,0.5083,0.5147,0.479,Not started,FALSE,"Community, Citizenship, Justice, and Nonviolent Action","Conflict, Repair, Forgiveness, and Reconciliation",L29,0.4,"L29 Conflict, Repair, Forgiveness, and Reconciliation (0.40); L30 Service, Citizenship, and Civic Agency (0.25); L31 Justice, Pluralism, and Social Responsibility (0.20); L24 Empathy, Social Perception, and Perspective-Taking (0.15)","Study truth-telling, accountability, memory, reparations, institutional reform, and coexistence after violence or oppression.",Can compare reconciliation models without equating peace with forgetting or impunity.,cross_context_core,cross_tradition_core_or_broadly_recurrent,interdependence; stewardship; agency,conceptual_explanation; real_world_application; artifact; community_feedback,"Political and civic education only; protest, civil disobedience, and legal rights are jurisdiction-specific and can involve serious risk.",Master competency,"Before: Why does this matter now, and what will I deliberately practice? During: What resistance, choice, or pattern appeared? After: What happened, what evidence changed, and what should I repeat or revise?"
Pluralism and peaceful coexistence,20.11,113,Medium,0.276,0.5066,0.5112,0.4734,Not started,FALSE,"Community, Citizenship, Justice, and Nonviolent Action","Justice, Pluralism, and Social Responsibility",L31,0.55,"L31 Justice, Pluralism, and Social Responsibility (0.55); L29 Conflict, Repair, Forgiveness, and Reconciliation (0.20); L24 Empathy, Social Perception, and Perspective-Taking (0.15); L30 Service, Citizenship, and Civic Agency (0.10)",Build rules and norms that allow deep disagreement without domination or dehumanization.,Can cooperate on common goods without demanding total ideological conformity.,cross_context_core,cross_tradition_core_or_broadly_recurrent,interdependence; stewardship; agency,conceptual_explanation; real_world_application; artifact; community_feedback,"Political and civic education only; protest, civil disobedience, and legal rights are jurisdiction-specific and can involve serious risk.",Master competency,"Before: Why does this matter now, and what will I deliberately practice? During: What resistance, choice, or pattern appeared? After: What happened, what evidence changed, and what should I repeat or revise?"
Mechanical and vehicle literacy,13.09,114,Medium,0.2758,0.5038,0.5047,0.4512,Not started,FALSE,"Domestic Competence, Infrastructure, and Material Life",Domestic Competence and Material Self-Sufficiency,L18,0.55,"L18 Domestic Competence and Material Self-Sufficiency (0.55); L20 Safety, Risk, and Preparedness (0.25); L15 Learning Agility, Memory, and Teaching (0.20)","Understand basic machines, vehicle systems, inspections, routine service, and warning signs.",Can maintain essential equipment and communicate intelligently with a technician.,context_sensitive,cross_tradition_core_or_broadly_recurrent,agency; stewardship; adaptation,performance_task; artifact; objective_indicator; observer_feedback,,Master competency,"Before: Why does this matter now, and what will I deliberately practice? During: What resistance, choice, or pattern appeared? After: What happened, what evidence changed, and what should I repeat or revise?"
"Desire, craving, and lust",08.04,115,Medium,0.2749,0.5074,0.5111,0.4802,Not started,FALSE,"Attention, Desire, Temperance, and Discipline",Temperance and Desire Governance,L09,0.65,"L09 Temperance and Desire Governance (0.65); L05 Self-Knowledge, Identity, and Humility (0.15); L27 Intimacy, Sexuality, and Partnership (0.10); L08 Attention and Presence (0.10)","Observe how desire narrows attention, distorts judgment, and treats persons or goods as instruments.",Can experience desire without compulsory action or dehumanization.,cross_context_core,cross_tradition_core_or_broadly_recurrent,agency; receptivity,behavioral_adherence; artifact; objective_indicator; longitudinal_review,,Master competency,"Before: Why does this matter now, and what will I deliberately practice? During: What resistance, choice, or pattern appeared? After: What happened, what evidence changed, and what should I repeat or revise?"
"Ableism, stigma, and inclusive participation",06.13,116,Medium,0.2747,0.5078,0.5134,0.466,Not started,FALSE,"Vulnerability, Trauma, Disability, Neurodiversity, and Dependency","Justice, Pluralism, and Social Responsibility",L31,0.55,"L31 Justice, Pluralism, and Social Responsibility (0.55); L24 Empathy, Social Perception, and Perspective-Taking (0.20); L30 Service, Citizenship, and Civic Agency (0.15); L25 Boundaries, Assertiveness, and Self-Respect (0.10)","Recognize stereotypes, exclusion, inspiration narratives, inaccessible defaults, and discrimination.","Changes language, environment, policy, or behavior to increase equitable participation.",context_contingent,universally_relevant_as_literacy_but_conditionally_practiced,receptivity; interdependence; adaptation,self_report; qualified_assessment; artifact; observer_feedback; longitudinal_review,"Educational and developmental only; trauma, suicidality, abuse, psychosis, addiction, severe functional decline, and medical concerns require qualified professional or emergency support.",Master competency,"Before: Why does this matter now, and what will I deliberately practice? During: What resistance, choice, or pattern appeared? After: What happened, what evidence changed, and what should I repeat or revise?"
Deliberate practice,10.02,117,Medium,0.2742,0.5062,0.5081,0.4762,Not started,FALSE,"Learning, Memory, Curiosity, Apprenticeship, and Teaching","Learning Agility, Memory, and Teaching",L15,0.55,"L15 Learning Agility, Memory, and Teaching (0.55); L10 Discipline, Habits, and Follow-Through (0.30); L32 Work, Craft, Professionalism, and Contribution (0.15)","Isolate weak components, work at the edge of competence, obtain feedback, repeat, and increase difficulty.",A measurable skill improves through structured practice rather than mere time spent.,cross_context_core,cross_tradition_core_or_broadly_recurrent,agency; interdependence; stewardship,performance_task; artifact; observer_feedback; longitudinal_review,,Master competency,"Before: Why does this matter now, and what will I deliberately practice? During: What resistance, choice, or pattern appeared? After: What happened, what evidence changed, and what should I repeat or revise?"
"Legacy in people, institutions, and works",27.11,118,Medium,0.2739,0.4992,0.4999,0.4294,Not started,FALSE,"Integration, Life Design, Seasons, and Legacy","Legacy, Generativity, and Transmission",L37,0.55,"L37 Legacy, Generativity, and Transmission (0.55); L33 Leadership, Power, Mentorship, and Institutions (0.15); L32 Work, Craft, Professionalism, and Contribution (0.10); L28 Family, Parenting, and Caregiving (0.10); L16 Creativity, Aesthetics, and Cultural Literacy (0.10)","Consider what relationships, systems, traditions, knowledge, and repaired harms will remain.",Builds something maintainable that does not depend on personal recognition.,cross_context_core,cross_tradition_core_or_broadly_recurrent,agency; receptivity; interdependence; stewardship,artifact; observer_feedback; longitudinal_review; outcome_indicator,,Master competency,"Before: Why does this matter now, and what will I deliberately practice? During: What resistance, choice, or pattern appeared? After: What happened, what evidence changed, and what should I repeat or revise?"
"Conflict, dissent, and psychological safety",22.08,119,Medium,0.2738,0.5015,0.5036,0.4402,Not started,FALSE,"Leadership, Power, Mentorship, and Institutions","Leadership, Power, Mentorship, and Institutions",L33,0.3,"L33 Leadership, Power, Mentorship, and Institutions (0.30); L29 Conflict, Repair, Forgiveness, and Reconciliation (0.30); L25 Boundaries, Assertiveness, and Self-Respect (0.20); L31 Justice, Pluralism, and Social Responsibility (0.20)","Invite challenge, protect good-faith disagreement, address harmful behavior, and prevent silence from masquerading as alignment.",Important problems surface early enough to be solved.,role_conditional,role_conditional,agency; stewardship; interdependence,observer_feedback; artifact; outcome_indicator; longitudinal_review,,Master competency,"Before: Why does this matter now, and what will I deliberately practice? During: What resistance, choice, or pattern appeared? After: What happened, what evidence changed, and what should I repeat or revise?"
Entrepreneurship and value creation,24.02,120,Medium,0.2726,0.5067,0.5104,0.463,Not started,FALSE,"Entrepreneurship, Markets, Economics, and Social Systems","Economic Agency, Entrepreneurship, and Market Literacy",L22,0.55,"L22 Economic Agency, Entrepreneurship, and Market Literacy (0.55); L16 Creativity, Aesthetics, and Cultural Literacy (0.20); L10 Discipline, Habits, and Follow-Through (0.15); L32 Work, Craft, Professionalism, and Contribution (0.10)","Identify costly problems, validate demand, design an offer, deliver value, and learn from customers.",A real customer or stakeholder receives measurable benefit.,role_conditional,role_conditional,agency; stewardship; interdependence,artifact; objective_indicator; real_world_application; longitudinal_review,"Business and economic education only; legal, tax, securities, employment, and regulatory questions require qualified advice.",Master competency,"Before: Why does this matter now, and what will I deliberately practice? During: What resistance, choice, or pattern appeared? After: What happened, what evidence changed, and what should I repeat or revise?"
Pilgrimage and meaningful journey,26.12,121,Medium,0.2724,0.5097,0.5106,0.4732,Not started,FALSE,"Play, Celebration, Leisure, Nature, and Exploration","Nature, Exploration, and Adventure",L35,0.35,"L35 Nature, Exploration, and Adventure (0.35); L03 Spirituality, Reverence, and Transcendence (0.30); L01 Purpose and Direction (0.20); L34 Play, Rest, Celebration, and Joy (0.15)","Use travel or walking as disciplined encounter with place, history, devotion, memory, or personal transition.","The journey includes preparation, restraint, reflection, and responsibility to the place and people encountered.",cross_context_core,cross_tradition_core_or_broadly_recurrent,receptivity; interdependence; transcendence,behavioral_adherence; artifact; community_feedback; longitudinal_review,,Master competency,"Before: Why does this matter now, and what will I deliberately practice? During: What resistance, choice, or pattern appeared? After: What happened, what evidence changed, and what should I repeat or revise?"
Parenting and child development,19.02,122,Medium,0.2722,0.5024,0.5065,0.4296,Not started,FALSE,"Family, Parenting, Reproduction, and Caregiving","Family, Parenting, and Caregiving",L28,0.65,"L28 Family, Parenting, and Caregiving (0.65); L15 Learning Agility, Memory, and Teaching (0.15); L24 Empathy, Social Perception, and Perspective-Taking (0.10); L33 Leadership, Power, Mentorship, and Institutions (0.10)","Understand safety, attachment, development, discipline, education, modeling, autonomy, and changing needs.",Care supports both security and growing competence rather than control or neglect.,role_conditional,role_conditional,interdependence; stewardship; receptivity,qualified_assessment; observer_feedback; artifact; longitudinal_review,"Medical, reproductive, child-safety, guardianship, and elder-care decisions require qualified local guidance.",Master competency,"Before: Why does this matter now, and what will I deliberately practice? During: What resistance, choice, or pattern appeared? After: What happened, what evidence changed, and what should I repeat or revise?"
"Housing, tenancy, and basic property literacy",13.14,123,Medium,0.2719,0.5086,0.5114,0.4571,Not started,FALSE,"Domestic Competence, Infrastructure, and Material Life",Domestic Competence and Material Self-Sufficiency,L18,0.5,"L18 Domestic Competence and Material Self-Sufficiency (0.50); L21 Financial Stewardship and Provision (0.25); L31 Justice, Pluralism, and Social Responsibility (0.15); L20 Safety, Risk, and Preparedness (0.10)","Understand leases, mortgages, inspections, deposits, utilities, maintenance responsibility, habitability, and local assistance.","Can identify rights, obligations, costs, and escalation paths in a housing problem.",context_sensitive,cross_tradition_core_or_broadly_recurrent,agency; stewardship; adaptation,performance_task; artifact; objective_indicator; observer_feedback,,Master competency,"Before: Why does this matter now, and what will I deliberately practice? During: What resistance, choice, or pattern appeared? After: What happened, what evidence changed, and what should I repeat or revise?"
Career adaptability and marketable capability,21.11,124,Medium,0.2716,0.5093,0.5138,0.474,Not started,FALSE,"Work, Craft, Professionalism, and Labor Ethics","Work, Craft, Professionalism, and Contribution",L32,0.4,"L32 Work, Craft, Professionalism, and Contribution (0.40); L15 Learning Agility, Memory, and Teaching (0.25); L11 Adaptability, Uncertainty, and Learning from Failure (0.20); L22 Economic Agency, Entrepreneurship, and Market Literacy (0.15)","Track changes in technology, industry, society, and required skills while maintaining transferable fundamentals.",Can reposition skills and continue creating value through change.,context_sensitive,cross_tradition_core_or_broadly_recurrent,agency; stewardship; interdependence,performance_task; artifact; observer_feedback; objective_indicator,,Master competency,"Before: Why does this matter now, and what will I deliberately practice? During: What resistance, choice, or pattern appeared? After: What happened, what evidence changed, and what should I repeat or revise?"
Negotiation,16.11,125,Medium,0.2703,0.5164,0.5203,0.4918,Not started,FALSE,"Communication, Rhetoric, and Social Intelligence",Communication and Listening,L23,0.4,"L23 Communication and Listening (0.40); L25 Boundaries, Assertiveness, and Self-Respect (0.30); L14 Systems Thinking, Judgment, and Decision-Making (0.20); L22 Economic Agency, Entrepreneurship, and Market Literacy (0.10)","Identify interests, alternatives, leverage, constraints, fairness, trades, and walk-away conditions.",Reaches a better agreement or principled refusal than reactive bargaining would produce.,cross_context_core,cross_tradition_core_or_broadly_recurrent,agency; interdependence,performance_task; observer_feedback; artifact; longitudinal_review,,Master competency,"Before: Why does this matter now, and what will I deliberately practice? During: What resistance, choice, or pattern appeared? After: What happened, what evidence changed, and what should I repeat or revise?"
Memory and recall,10.06,126,Medium,0.27,0.5045,0.5063,0.4356,Not started,FALSE,"Learning, Memory, Curiosity, Apprenticeship, and Teaching","Learning Agility, Memory, and Teaching",L15,0.8,"L15 Learning Agility, Memory, and Teaching (0.80); L08 Attention and Presence (0.10); L10 Discipline, Habits, and Follow-Through (0.10)","Train working memory appropriately and use mnemonics, retrieval cues, stories, and spaced review for long-term memory.",Recalls relevant knowledge without depending entirely on recognition or external lookup.,cross_context_core,cross_tradition_core_or_broadly_recurrent,agency; interdependence; stewardship,performance_task; artifact; observer_feedback; longitudinal_review,,Master competency,"Before: Why does this matter now, and what will I deliberately practice? During: What resistance, choice, or pattern appeared? After: What happened, what evidence changed, and what should I repeat or revise?"
Voluntary restraint and hardship,08.09,127,Medium,0.2693,0.5166,0.5225,0.503,Not started,FALSE,"Attention, Desire, Temperance, and Discipline",Temperance and Desire Governance,L09,0.5,"L09 Temperance and Desire Governance (0.50); L10 Discipline, Habits, and Follow-Through (0.25); L03 Spirituality, Reverence, and Transcendence (0.15); L17 Physical Health, Vitality, and Embodiment (0.10)","Use safe fasting, simplicity, silence, difficult training, abstinence, or reduced comfort to strengthen freedom and gratitude.","The practice produces greater choice and humility rather than injury, pride, or obsession.",cross_context_core,cross_tradition_core_or_broadly_recurrent,agency; receptivity,behavioral_adherence; artifact; objective_indicator; longitudinal_review,,Master competency,"Before: Why does this matter now, and what will I deliberately practice? During: What resistance, choice, or pattern appeared? After: What happened, what evidence changed, and what should I repeat or revise?"
Manipulation and coercion literacy,16.15,128,Medium,0.2691,0.5206,0.529,0.4751,Not started,FALSE,"Communication, Rhetoric, and Social Intelligence","Boundaries, Assertiveness, and Self-Respect",L25,0.4,"L25 Boundaries, Assertiveness, and Self-Respect (0.40); L24 Empathy, Social Perception, and Perspective-Taking (0.25); L13 Evidence, Truth, and Epistemic Humility (0.20); L20 Safety, Risk, and Preparedness (0.15)","Recognize guilt, intimidation, gaslighting, love-bombing, false urgency, triangulation, and exploitative reciprocity.","Responds through clarification, evidence, boundaries, support, or distance.",cross_context_core,cross_tradition_core_or_broadly_recurrent,agency; interdependence,performance_task; observer_feedback; artifact; longitudinal_review,,Master competency,"Before: Why does this matter now, and what will I deliberately practice? During: What resistance, choice, or pattern appeared? After: What happened, what evidence changed, and what should I repeat or revise?"
Serious study of a wisdom tradition,03.02,129,Medium,0.2688,0.5124,0.5171,0.4742,Not started,FALSE,"Spirituality, Religion, Ritual, and Transcendence","Spirituality, Reverence, and Transcendence",L03,0.6,"L03 Spirituality, Reverence, and Transcendence (0.60); L15 Learning Agility, Memory, and Teaching (0.25); L31 Justice, Pluralism, and Social Responsibility (0.15)","Engage primary texts, history, practices, exemplars, internal disputes, and lived communities rather than slogans.",Can explain at least one tradition from the inside and distinguish it from popular caricature.,pathway_dependent,multiple_legitimate_pathways,receptivity; interdependence; transcendence,conceptual_explanation; behavioral_adherence; community_feedback; longitudinal_review,,Master competency,"Before: Why does this matter now, and what will I deliberately practice? During: What resistance, choice, or pattern appeared? After: What happened, what evidence changed, and what should I repeat or revise?"
Cross-cultural exploration,26.07,130,Medium,0.2671,0.5163,0.5229,0.4706,Not started,FALSE,"Play, Celebration, Leisure, Nature, and Exploration","Nature, Exploration, and Adventure",L35,0.4,"L35 Nature, Exploration, and Adventure (0.40); L31 Justice, Pluralism, and Social Responsibility (0.30); L24 Empathy, Social Perception, and Perspective-Taking (0.15); L15 Learning Agility, Memory, and Teaching (0.15)","Encounter unfamiliar ways of living without romanticizing, ranking, or demanding sameness.","Can identify what was learned, what remains misunderstood, and how assumptions changed.",cross_context_core,cross_tradition_core_or_broadly_recurrent,receptivity; interdependence; transcendence,behavioral_adherence; artifact; community_feedback; longitudinal_review,,Master competency,"Before: Why does this matter now, and what will I deliberately practice? During: What resistance, choice, or pattern appeared? After: What happened, what evidence changed, and what should I repeat or revise?"
Abuse response and institutional repair,22.17,131,Medium,0.2669,0.5138,0.5221,0.4509,Not started,FALSE,"Leadership, Power, Mentorship, and Institutions","Leadership, Power, Mentorship, and Institutions",L33,0.3,"L33 Leadership, Power, Mentorship, and Institutions (0.30); L29 Conflict, Repair, Forgiveness, and Reconciliation (0.25); L31 Justice, Pluralism, and Social Responsibility (0.25); L20 Safety, Risk, and Preparedness (0.10); L24 Empathy, Social Perception, and Perspective-Taking (0.10)","Respond to harassment, discrimination, violence, fraud, and cover-up through safety, investigation, accountability, remediation, and structural change.",A response protects affected people and reduces recurrence rather than only managing reputation.,role_conditional,role_conditional,agency; stewardship; interdependence,observer_feedback; artifact; outcome_indicator; longitudinal_review,,Master competency,"Before: Why does this matter now, and what will I deliberately practice? During: What resistance, choice, or pattern appeared? After: What happened, what evidence changed, and what should I repeat or revise?"
Independent learning and resourcefulness,10.09,132,Medium,0.2663,0.5114,0.5161,0.4497,Not started,FALSE,"Learning, Memory, Curiosity, Apprenticeship, and Teaching","Learning Agility, Memory, and Teaching",L15,0.5,"L15 Learning Agility, Memory, and Teaching (0.50); L11 Adaptability, Uncertainty, and Learning from Failure (0.30); L10 Discipline, Habits, and Follow-Through (0.20)","Learn without needing continuous instruction while still using experts, records, and communities intelligently.","Can enter an unfamiliar subject, build a plan, and produce competent initial work.",cross_context_core,cross_tradition_core_or_broadly_recurrent,agency; interdependence; stewardship,performance_task; artifact; observer_feedback; longitudinal_review,,Master competency,"Before: Why does this matter now, and what will I deliberately practice? During: What resistance, choice, or pattern appeared? After: What happened, what evidence changed, and what should I repeat or revise?"
Meaningful contribution and service through work,21.12,133,Medium,0.2662,0.5226,0.5342,0.4965,Not started,FALSE,"Work, Craft, Professionalism, and Labor Ethics","Work, Craft, Professionalism, and Contribution",L32,0.45,"L32 Work, Craft, Professionalism, and Contribution (0.45); L30 Service, Citizenship, and Civic Agency (0.25); L01 Purpose and Direction (0.20); L24 Empathy, Social Perception, and Perspective-Taking (0.10)","Connect daily effort to people served, problems reduced, knowledge preserved, or institutions improved.",Can articulate and demonstrate who benefits from the work.,context_sensitive,cross_tradition_core_or_broadly_recurrent,agency; stewardship; interdependence,performance_task; artifact; observer_feedback; objective_indicator,,Master competency,"Before: Why does this matter now, and what will I deliberately practice? During: What resistance, choice, or pattern appeared? After: What happened, what evidence changed, and what should I repeat or revise?"
Professional reliability,21.02,134,Medium,0.2659,0.5268,0.5351,0.5353,Not started,FALSE,"Work, Craft, Professionalism, and Labor Ethics","Work, Craft, Professionalism, and Contribution",L32,0.5,"L32 Work, Craft, Professionalism, and Contribution (0.50); L10 Discipline, Habits, and Follow-Through (0.30); L02 Values, Integrity, and Moral Courage (0.20)","Be prepared, punctual, communicative, organized, honest about status, and attentive to commitments.",Others can plan around work with justified confidence.,context_sensitive,cross_tradition_core_or_broadly_recurrent,agency; stewardship; interdependence,performance_task; artifact; observer_feedback; objective_indicator,,Master competency,"Before: Why does this matter now, and what will I deliberately practice? During: What resistance, choice, or pattern appeared? After: What happened, what evidence changed, and what should I repeat or revise?"
Innovation and improvement,21.10,135,Medium,0.2659,0.5211,0.5267,0.4895,Not started,FALSE,"Work, Craft, Professionalism, and Labor Ethics","Work, Craft, Professionalism, and Contribution",L32,0.35,"L32 Work, Craft, Professionalism, and Contribution (0.35); L16 Creativity, Aesthetics, and Cultural Literacy (0.25); L11 Adaptability, Uncertainty, and Learning from Failure (0.20); L14 Systems Thinking, Judgment, and Decision-Making (0.20)","Question assumptions, combine ideas, run experiments, and improve value without fetishizing novelty.",A tested change creates measurable benefit or useful learning.,context_sensitive,cross_tradition_core_or_broadly_recurrent,agency; stewardship; interdependence,performance_task; artifact; observer_feedback; objective_indicator,,Master competency,"Before: Why does this matter now, and what will I deliberately practice? During: What resistance, choice, or pattern appeared? After: What happened, what evidence changed, and what should I repeat or revise?"
Body-based emotional awareness,07.02,136,Medium,0.2658,0.5072,0.5107,0.4209,Not started,FALSE,"Emotional Maturity, Resilience, and Mental Well-Being",Emotional Awareness and Literacy,L06,0.55,"L06 Emotional Awareness and Literacy (0.55); L17 Physical Health, Vitality, and Embodiment (0.30); L08 Attention and Presence (0.15)","Notice breathing, tension, temperature, energy, posture, pain, and activation before emotion becomes behavior.",Identifies early physiological signals and uses them to intervene sooner.,cross_context_core,cross_tradition_core_or_broadly_recurrent,agency; receptivity; interdependence,self_report; behavioral_adherence; observer_feedback; longitudinal_review,Not therapy or diagnosis; severe or persistent symptoms require qualified mental-health or medical care.,Master competency,"Before: Why does this matter now, and what will I deliberately practice? During: What resistance, choice, or pattern appeared? After: What happened, what evidence changed, and what should I repeat or revise?"
Impulse control,08.03,137,Medium,0.2658,0.5193,0.5268,0.4933,Not started,FALSE,"Attention, Desire, Temperance, and Discipline",Temperance and Desire Governance,L09,0.55,"L09 Temperance and Desire Governance (0.55); L08 Attention and Presence (0.25); L10 Discipline, Habits, and Follow-Through (0.20)","Delay speech, spending, eating, sex, anger, quitting, and novelty seeking long enough to choose deliberately.",Can resist or redirect a strong impulse for a reason consciously endorsed.,cross_context_core,cross_tradition_core_or_broadly_recurrent,agency; receptivity,behavioral_adherence; artifact; objective_indicator; longitudinal_review,,Master competency,"Before: Why does this matter now, and what will I deliberately practice? During: What resistance, choice, or pattern appeared? After: What happened, what evidence changed, and what should I repeat or revise?"
Saying no and ending responsibly,11.10,138,Medium,0.2653,0.5215,0.5243,0.4979,Not started,FALSE,"Time, Priorities, Goals, and Execution","Boundaries, Assertiveness, and Self-Respect",L25,0.4,"L25 Boundaries, Assertiveness, and Self-Respect (0.40); L36 Life Design, Balance, and Seasonality (0.25); L10 Discipline, Habits, and Follow-Through (0.20); L29 Conflict, Repair, Forgiveness, and Reconciliation (0.15)","Decline low-value demands, release obsolete goals, and close projects or relationships cleanly.","Attention is reclaimed without leaving unnecessary confusion, guilt, or neglected obligations.",cross_context_core,cross_tradition_core_or_broadly_recurrent,agency; stewardship,artifact; behavioral_adherence; objective_indicator; longitudinal_review,,Master competency,"Before: Why does this matter now, and what will I deliberately practice? During: What resistance, choice, or pattern appeared? After: What happened, what evidence changed, and what should I repeat or revise?"
Organizational politics and stakeholder navigation,22.10,139,Medium,0.2646,0.5191,0.5284,0.4538,Not started,FALSE,"Leadership, Power, Mentorship, and Institutions","Leadership, Power, Mentorship, and Institutions",L33,0.4,"L33 Leadership, Power, Mentorship, and Institutions (0.40); L24 Empathy, Social Perception, and Perspective-Taking (0.20); L14 Systems Thinking, Judgment, and Decision-Making (0.20); L23 Communication and Listening (0.10); L31 Justice, Pluralism, and Social Responsibility (0.10)","Understand interests, coalitions, status, informal authority, and legitimate negotiation without corruption or naïveté.",Achieves a defensible objective while preserving trust and principles.,role_conditional,role_conditional,agency; stewardship; interdependence,observer_feedback; artifact; outcome_indicator; longitudinal_review,,Master competency,"Before: Why does this matter now, and what will I deliberately practice? During: What resistance, choice, or pattern appeared? After: What happened, what evidence changed, and what should I repeat or revise?"
Anger and assertive repair,07.05,140,Medium,0.2645,0.5204,0.5258,0.4778,Not started,FALSE,"Emotional Maturity, Resilience, and Mental Well-Being",Emotional Regulation and Resilience,L07,0.35,"L07 Emotional Regulation and Resilience (0.35); L25 Boundaries, Assertiveness, and Self-Respect (0.30); L29 Conflict, Repair, Forgiveness, and Reconciliation (0.25); L23 Communication and Listening (0.10)","Distinguish violated values or boundaries from ego threat, reduce escalation, and communicate directly.","Expresses anger proportionately without intimidation, suppression, or passive aggression.",cross_context_core,cross_tradition_core_or_broadly_recurrent,agency; receptivity; interdependence,self_report; behavioral_adherence; observer_feedback; longitudinal_review,Not therapy or diagnosis; severe or persistent symptoms require qualified mental-health or medical care.,Master competency,"Before: Why does this matter now, and what will I deliberately practice? During: What resistance, choice, or pattern appeared? After: What happened, what evidence changed, and what should I repeat or revise?"
Succession and institutional stewardship,22.12,141,Medium,0.2635,0.5102,0.5167,0.4198,Not started,FALSE,"Leadership, Power, Mentorship, and Institutions","Leadership, Power, Mentorship, and Institutions",L33,0.4,"L33 Leadership, Power, Mentorship, and Institutions (0.40); L37 Legacy, Generativity, and Transmission (0.30); L15 Learning Agility, Memory, and Teaching (0.15); L32 Work, Craft, Professionalism, and Contribution (0.15)","Develop replacements, distribute knowledge, document governance, and reduce dependence on one person.",The group remains capable and principled after leadership changes.,role_conditional,role_conditional,agency; stewardship; interdependence,observer_feedback; artifact; outcome_indicator; longitudinal_review,,Master competency,"Before: Why does this matter now, and what will I deliberately practice? During: What resistance, choice, or pattern appeared? After: What happened, what evidence changed, and what should I repeat or revise?"
Project delivery,21.08,142,Medium,0.2628,0.5317,0.5412,0.5369,Not started,FALSE,"Work, Craft, Professionalism, and Labor Ethics","Work, Craft, Professionalism, and Contribution",L32,0.5,"L32 Work, Craft, Professionalism, and Contribution (0.50); L10 Discipline, Habits, and Follow-Through (0.35); L14 Systems Thinking, Judgment, and Decision-Making (0.15)","Define scope, requirements, milestones, risk, ownership, verification, and acceptance.",Delivers a meaningful project with transparent tradeoffs and lessons captured.,context_sensitive,cross_tradition_core_or_broadly_recurrent,agency; stewardship; interdependence,performance_task; artifact; observer_feedback; objective_indicator,,Master competency,"Before: Why does this matter now, and what will I deliberately practice? During: What resistance, choice, or pattern appeared? After: What happened, what evidence changed, and what should I repeat or revise?"
Consistency and minimum standards,08.08,143,Medium,0.2622,0.5311,0.5399,0.5374,Not started,FALSE,"Attention, Desire, Temperance, and Discipline","Discipline, Habits, and Follow-Through",L10,0.75,"L10 Discipline, Habits, and Follow-Through (0.75); L09 Temperance and Desire Governance (0.15); L36 Life Design, Balance, and Seasonality (0.10)",Define a viable minimum for difficult days while preserving a higher standard for normal conditions.,Maintains continuity without pretending minimal effort equals full performance.,cross_context_core,cross_tradition_core_or_broadly_recurrent,agency; receptivity,behavioral_adherence; artifact; objective_indicator; longitudinal_review,,Master competency,"Before: Why does this matter now, and what will I deliberately practice? During: What resistance, choice, or pattern appeared? After: What happened, what evidence changed, and what should I repeat or revise?"
Sleep and circadian health,12.02,144,Medium,0.2622,0.5133,0.5193,0.4312,Not started,FALSE,"Physical Health, Fitness, and Embodiment","Physical Health, Vitality, and Embodiment",L17,0.85,"L17 Physical Health, Vitality, and Embodiment (0.85); L10 Discipline, Habits, and Follow-Through (0.15)","Manage schedule, light, caffeine, environment, stress, and recovery to support sufficient sleep.","Sleep is regular enough to support cognition, mood, and physical function.",cross_context_core,cross_tradition_core_or_broadly_recurrent,agency; adaptation; stewardship,objective_indicator; behavioral_adherence; qualified_assessment; longitudinal_review,Health and exercise content must be adapted to the person and does not replace licensed medical care.,Master competency,"Before: Why does this matter now, and what will I deliberately practice? During: What resistance, choice, or pattern appeared? After: What happened, what evidence changed, and what should I repeat or revise?"
Strength and muscular capability,12.05,145,Medium,0.2622,0.5133,0.5193,0.4312,Not started,FALSE,"Physical Health, Fitness, and Embodiment","Physical Health, Vitality, and Embodiment",L17,0.85,"L17 Physical Health, Vitality, and Embodiment (0.85); L10 Discipline, Habits, and Follow-Through (0.15)",Train major movement patterns progressively with sound technique and recovery.,Demonstrates measurable strength improvement without avoidable injury.,cross_context_core,cross_tradition_core_or_broadly_recurrent,agency; adaptation; stewardship,objective_indicator; behavioral_adherence; qualified_assessment; longitudinal_review,Health and exercise content must be adapted to the person and does not replace licensed medical care.,Master competency,"Before: Why does this matter now, and what will I deliberately practice? During: What resistance, choice, or pattern appeared? After: What happened, what evidence changed, and what should I repeat or revise?"
Cardiovascular endurance,12.06,146,Medium,0.2622,0.5133,0.5193,0.4312,Not started,FALSE,"Physical Health, Fitness, and Embodiment","Physical Health, Vitality, and Embodiment",L17,0.85,"L17 Physical Health, Vitality, and Embodiment (0.85); L10 Discipline, Habits, and Follow-Through (0.15)","Develop aerobic base, higher-intensity capacity, and recovery appropriate to health and goals.",Can sustain and recover from meaningful cardiovascular effort.,cross_context_core,cross_tradition_core_or_broadly_recurrent,agency; adaptation; stewardship,objective_indicator; behavioral_adherence; qualified_assessment; longitudinal_review,Health and exercise content must be adapted to the person and does not replace licensed medical care.,Master competency,"Before: Why does this matter now, and what will I deliberately practice? During: What resistance, choice, or pattern appeared? After: What happened, what evidence changed, and what should I repeat or revise?"
"Mobility, flexibility, and joint capacity",12.07,147,Medium,0.2617,0.5129,0.5188,0.4247,Not started,FALSE,"Physical Health, Fitness, and Embodiment","Physical Health, Vitality, and Embodiment",L17,0.9,"L17 Physical Health, Vitality, and Embodiment (0.90); L10 Discipline, Habits, and Follow-Through (0.10)","Maintain usable range of motion, tissue tolerance, balance, and stability.",Moves through required daily and recreational ranges with control and minimal limitation.,cross_context_core,cross_tradition_core_or_broadly_recurrent,agency; adaptation; stewardship,objective_indicator; behavioral_adherence; qualified_assessment; longitudinal_review,Health and exercise content must be adapted to the person and does not replace licensed medical care.,Master competency,"Before: Why does this matter now, and what will I deliberately practice? During: What resistance, choice, or pattern appeared? After: What happened, what evidence changed, and what should I repeat or revise?"
"Recovery, fatigue, and injury prevention",12.10,148,Medium,0.2616,0.5145,0.521,0.4334,Not started,FALSE,"Physical Health, Fitness, and Embodiment","Physical Health, Vitality, and Embodiment",L17,0.75,"L17 Physical Health, Vitality, and Embodiment (0.75); L10 Discipline, Habits, and Follow-Through (0.15); L11 Adaptability, Uncertainty, and Learning from Failure (0.10)","Distinguish productive stress from overtraining, pain, illness, and structural injury.","Adjusts load, sleep, nutrition, and care before temporary strain becomes lasting damage.",cross_context_core,cross_tradition_core_or_broadly_recurrent,agency; adaptation; stewardship,objective_indicator; behavioral_adherence; qualified_assessment; longitudinal_review,Health and exercise content must be adapted to the person and does not replace licensed medical care.,Master competency,"Before: Why does this matter now, and what will I deliberately practice? During: What resistance, choice, or pattern appeared? After: What happened, what evidence changed, and what should I repeat or revise?"
Utilities and household systems,13.10,149,Medium,0.2616,0.5249,0.5319,0.4655,Not started,FALSE,"Domestic Competence, Infrastructure, and Material Life",Domestic Competence and Material Self-Sufficiency,L18,0.6,"L18 Domestic Competence and Material Self-Sufficiency (0.60); L20 Safety, Risk, and Preparedness (0.25); L14 Systems Thinking, Judgment, and Decision-Making (0.15)","Understand electrical, plumbing, HVAC, water, internet, and appliance basics.","Can isolate common problems, shut systems down safely, and obtain appropriate help.",context_sensitive,cross_tradition_core_or_broadly_recurrent,agency; stewardship; adaptation,performance_task; artifact; objective_indicator; observer_feedback,,Master competency,"Before: Why does this matter now, and what will I deliberately practice? During: What resistance, choice, or pattern appeared? After: What happened, what evidence changed, and what should I repeat or revise?"
Completion and perseverance,08.10,150,Medium,0.2614,0.5316,0.5415,0.5325,Not started,FALSE,"Attention, Desire, Temperance, and Discipline","Discipline, Habits, and Follow-Through",L10,0.75,"L10 Discipline, Habits, and Follow-Through (0.75); L07 Emotional Regulation and Resilience (0.15); L32 Work, Craft, Professionalism, and Contribution (0.10)","Limit simultaneous commitments, define done, work through plateaus, and close or consciously terminate open loops.","Finishes a meaningful commitment despite boredom or difficulty, or ends it for a reasoned cause.",cross_context_core,cross_tradition_core_or_broadly_recurrent,agency; receptivity,behavioral_adherence; artifact; objective_indicator; longitudinal_review,,Master competency,"Before: Why does this matter now, and what will I deliberately practice? During: What resistance, choice, or pattern appeared? After: What happened, what evidence changed, and what should I repeat or revise?"
Plural ends and reasonable disagreement,01.11,151,Medium,0.2612,0.5244,0.5351,0.4674,Not started,FALSE,"Meaning, Worldview, and Purpose","Justice, Pluralism, and Social Responsibility",L31,0.45,"L31 Justice, Pluralism, and Social Responsibility (0.45); L01 Purpose and Direction (0.30); L24 Empathy, Social Perception, and Perspective-Taking (0.15); L13 Evidence, Truth, and Epistemic Humility (0.10)","Recognize that thoughtful people and traditions rank flourishing, duty, freedom, devotion, achievement, peace, and service differently.",Can explain a competing vision of the good fairly and state where cooperation remains possible.,cross_context_core,cross_tradition_core_or_broadly_recurrent,agency; receptivity; transcendence,conceptual_explanation; artifact; longitudinal_review,,Master competency,"Before: Why does this matter now, and what will I deliberately practice? During: What resistance, choice, or pattern appeared? After: What happened, what evidence changed, and what should I repeat or revise?"
Service and volunteering,20.06,152,Medium,0.2609,0.5306,0.5484,0.4737,Not started,FALSE,"Community, Citizenship, Justice, and Nonviolent Action","Service, Citizenship, and Civic Agency",L30,0.6,"L30 Service, Citizenship, and Civic Agency (0.60); L24 Empathy, Social Perception, and Perspective-Taking (0.20); L26 Friendship, Belonging, and Hospitality (0.10); L10 Discipline, Habits, and Follow-Through (0.10)","Choose recurring work based on real community need, personal capacity, and sustainable contribution.",Service produces tangible benefit and is maintained beyond initial enthusiasm.,cross_context_core,cross_tradition_core_or_broadly_recurrent,interdependence; stewardship; agency,conceptual_explanation; real_world_application; artifact; community_feedback,"Political and civic education only; protest, civil disobedience, and legal rights are jurisdiction-specific and can involve serious risk.",Master competency,"Before: Why does this matter now, and what will I deliberately practice? During: What resistance, choice, or pattern appeared? After: What happened, what evidence changed, and what should I repeat or revise?"
Follow-through and accountability,11.08,153,Medium,0.2606,0.533,0.5432,0.5355,Not started,FALSE,"Time, Priorities, Goals, and Execution","Discipline, Habits, and Follow-Through",L10,0.6,"L10 Discipline, Habits, and Follow-Through (0.60); L02 Values, Integrity, and Moral Courage (0.20); L32 Work, Craft, Professionalism, and Contribution (0.20)","Review commitments, communicate risk early, and complete or renegotiate what was promised.",Others and future self can reliably plan around commitments.,cross_context_core,cross_tradition_core_or_broadly_recurrent,agency; stewardship,artifact; behavioral_adherence; objective_indicator; longitudinal_review,,Master competency,"Before: Why does this matter now, and what will I deliberately practice? During: What resistance, choice, or pattern appeared? After: What happened, what evidence changed, and what should I repeat or revise?"
"Contemplation, prayer, and silence",03.03,154,Medium,0.2599,0.525,0.5344,0.4812,Not started,FALSE,"Spirituality, Religion, Ritual, and Transcendence","Spirituality, Reverence, and Transcendence",L03,0.65,"L03 Spirituality, Reverence, and Transcendence (0.65); L08 Attention and Presence (0.25); L07 Emotional Regulation and Resilience (0.10)","Develop a practice of prayer, meditation, examen, sacred reading, silence, chanting, or attentive presence.","The practice reliably increases honesty, attention, gratitude, moral resolve, or peace.",pathway_dependent,multiple_legitimate_pathways,receptivity; interdependence; transcendence,conceptual_explanation; behavioral_adherence; community_feedback; longitudinal_review,,Master competency,"Before: Why does this matter now, and what will I deliberately practice? During: What resistance, choice, or pattern appeared? After: What happened, what evidence changed, and what should I repeat or revise?"
"Family labor, provision, and invisible work",19.12,155,Medium,0.2598,0.5211,0.5302,0.4539,Not started,FALSE,"Family, Parenting, Reproduction, and Caregiving","Family, Parenting, and Caregiving",L28,0.4,"L28 Family, Parenting, and Caregiving (0.40); L21 Financial Stewardship and Provision (0.20); L31 Justice, Pluralism, and Social Responsibility (0.20); L23 Communication and Listening (0.10); L18 Domestic Competence and Material Self-Sufficiency (0.10)","Recognize domestic, emotional, logistical, financial, and caregiving labor and distribute it fairly.","Responsibilities are visible, negotiated, and reviewed rather than silently assigned.",role_conditional,role_conditional,interdependence; stewardship; receptivity,qualified_assessment; observer_feedback; artifact; longitudinal_review,"Medical, reproductive, child-safety, guardianship, and elder-care decisions require qualified local guidance.",Master competency,"Before: Why does this matter now, and what will I deliberately practice? During: What resistance, choice, or pattern appeared? After: What happened, what evidence changed, and what should I repeat or revise?"
Family systems and intergenerational patterns,19.01,156,Medium,0.2596,0.519,0.5287,0.4417,Not started,FALSE,"Family, Parenting, Reproduction, and Caregiving","Family, Parenting, and Caregiving",L28,0.45,"L28 Family, Parenting, and Caregiving (0.45); L05 Self-Knowledge, Identity, and Humility (0.25); L29 Conflict, Repair, Forgiveness, and Reconciliation (0.20); L31 Justice, Pluralism, and Social Responsibility (0.10)","Recognize roles, alliances, inherited beliefs, trauma, loyalty, estrangement, and repetition across generations.",Preserves what is good and interrupts a harmful pattern with proportionate boundaries or repair.,role_conditional,role_conditional,interdependence; stewardship; receptivity,qualified_assessment; observer_feedback; artifact; longitudinal_review,"Medical, reproductive, child-safety, guardianship, and elder-care decisions require qualified local guidance.",Master competency,"Before: Why does this matter now, and what will I deliberately practice? During: What resistance, choice, or pattern appeared? After: What happened, what evidence changed, and what should I repeat or revise?"
"Mystical, ecstatic, and peak experience",03.13,157,Medium,0.2591,0.5265,0.5394,0.4771,Not started,FALSE,"Spirituality, Religion, Ritual, and Transcendence","Spirituality, Reverence, and Transcendence",L03,0.65,"L03 Spirituality, Reverence, and Transcendence (0.65); L04 Mortality, Suffering, Gratitude, and Hope (0.15); L16 Creativity, Aesthetics, and Cultural Literacy (0.10); L35 Nature, Exploration, and Adventure (0.10)","Understand altered states of awe, unity, devotion, revelation, or transcendence and the risks of overinterpreting them.","Can integrate an intense experience through community, reason, conduct, and time rather than treating intensity as automatic truth.",pathway_dependent,multiple_legitimate_pathways,receptivity; interdependence; transcendence,conceptual_explanation; behavioral_adherence; community_feedback; longitudinal_review,,Master competency,"Before: Why does this matter now, and what will I deliberately practice? During: What resistance, choice, or pattern appeared? After: What happened, what evidence changed, and what should I repeat or revise?"
Developmentally appropriate autonomy and discipline,19.09,158,Medium,0.2591,0.5168,0.5243,0.4261,Not started,FALSE,"Family, Parenting, Reproduction, and Caregiving","Family, Parenting, and Caregiving",L28,0.4,"L28 Family, Parenting, and Caregiving (0.40); L33 Leadership, Power, Mentorship, and Institutions (0.20); L25 Boundaries, Assertiveness, and Self-Respect (0.20); L15 Learning Agility, Memory, and Teaching (0.10); L02 Values, Integrity, and Moral Courage (0.10)","Adjust expectations, explanation, boundaries, consequences, and responsibility to age and ability.","Care increases safety and competence without humiliation, violence, or control beyond developmental need.",role_conditional,role_conditional,interdependence; stewardship; receptivity,qualified_assessment; observer_feedback; artifact; longitudinal_review,"Medical, reproductive, child-safety, guardianship, and elder-care decisions require qualified local guidance.",Master competency,"Before: Why does this matter now, and what will I deliberately practice? During: What resistance, choice, or pattern appeared? After: What happened, what evidence changed, and what should I repeat or revise?"
Embodied and socially situated identity,05.11,159,Medium,0.2585,0.5205,0.5323,0.435,Not started,FALSE,"Self-Knowledge, Identity, and Humility","Self-Knowledge, Identity, and Humility",L05,0.5,"L05 Self-Knowledge, Identity, and Humility (0.50); L17 Physical Health, Vitality, and Embodiment (0.20); L31 Justice, Pluralism, and Social Responsibility (0.20); L24 Empathy, Social Perception, and Perspective-Taking (0.10)","Understand how body, age, sex, race, class, culture, disability, language, geography, and institutions affect experience without reducing identity to any single category.",Can describe both personal agency and structural context without erasing either.,cross_context_core,cross_tradition_core_or_broadly_recurrent,agency; receptivity; interdependence,self_report; observer_feedback; artifact; longitudinal_review,,Master competency,"Before: Why does this matter now, and what will I deliberately practice? During: What resistance, choice, or pattern appeared? After: What happened, what evidence changed, and what should I repeat or revise?"
Pacing and sustainable intensity,11.07,160,Medium,0.2583,0.5324,0.5365,0.5043,Not started,FALSE,"Time, Priorities, Goals, and Execution","Life Design, Balance, and Seasonality",L36,0.35,"L36 Life Design, Balance, and Seasonality (0.35); L10 Discipline, Habits, and Follow-Through (0.30); L17 Physical Health, Vitality, and Embodiment (0.20); L34 Play, Rest, Celebration, and Joy (0.15)","Match effort to urgency, duration, health, quality, and the importance of the outcome.","Can sprint, maintain, or recover deliberately rather than using one pace for everything.",cross_context_core,cross_tradition_core_or_broadly_recurrent,agency; stewardship,artifact; behavioral_adherence; objective_indicator; longitudinal_review,,Master competency,"Before: Why does this matter now, and what will I deliberately practice? During: What resistance, choice, or pattern appeared? After: What happened, what evidence changed, and what should I repeat or revise?"
Action independent of motivation,08.06,161,Medium,0.2574,0.5337,0.5448,0.5157,Not started,FALSE,"Attention, Desire, Temperance, and Discipline","Discipline, Habits, and Follow-Through",L10,0.55,"L10 Discipline, Habits, and Follow-Through (0.55); L09 Temperance and Desire Governance (0.20); L07 Emotional Regulation and Resilience (0.15); L01 Purpose and Direction (0.10)","Begin necessary work at a chosen time without waiting to feel inspired, confident, or energetic.",Demonstrates repeated starts under low motivation.,cross_context_core,cross_tradition_core_or_broadly_recurrent,agency; receptivity,behavioral_adherence; artifact; objective_indicator; longitudinal_review,,Master competency,"Before: Why does this matter now, and what will I deliberately practice? During: What resistance, choice, or pattern appeared? After: What happened, what evidence changed, and what should I repeat or revise?"
Mindfulness and present attention,08.02,162,Medium,0.2573,0.5212,0.5312,0.4413,Not started,FALSE,"Attention, Desire, Temperance, and Discipline",Attention and Presence,L08,0.75,"L08 Attention and Presence (0.75); L03 Spirituality, Reverence, and Transcendence (0.15); L17 Physical Health, Vitality, and Embodiment (0.10)","Attend to the current task, body, person, or environment without constant drift into past, future, or stimulation.",Completes regular periods of sustained presence and catches distraction earlier.,cross_context_core,cross_tradition_core_or_broadly_recurrent,agency; receptivity,behavioral_adherence; artifact; objective_indicator; longitudinal_review,,Master competency,"Before: Why does this matter now, and what will I deliberately practice? During: What resistance, choice, or pattern appeared? After: What happened, what evidence changed, and what should I repeat or revise?"
Habit and environment design,08.07,163,Medium,0.2572,0.5363,0.5462,0.5211,Not started,FALSE,"Attention, Desire, Temperance, and Discipline","Discipline, Habits, and Follow-Through",L10,0.65,"L10 Discipline, Habits, and Follow-Through (0.65); L14 Systems Thinking, Judgment, and Decision-Making (0.20); L18 Domestic Competence and Material Self-Sufficiency (0.15)","Use cues, defaults, friction, accountability, checklists, and physical layout to support chosen behavior.",A recurring behavior becomes more reliable because the environment now carries part of the burden.,cross_context_core,cross_tradition_core_or_broadly_recurrent,agency; receptivity,behavioral_adherence; artifact; objective_indicator; longitudinal_review,,Master competency,"Before: Why does this matter now, and what will I deliberately practice? During: What resistance, choice, or pattern appeared? After: What happened, what evidence changed, and what should I repeat or revise?"
"Cultural appropriation, exchange, and attribution",25.13,164,Medium,0.257,0.5285,0.5371,0.466,Not started,FALSE,"Creativity, Beauty, and Culture","Creativity, Aesthetics, and Cultural Literacy",L16,0.35,"L16 Creativity, Aesthetics, and Cultural Literacy (0.35); L31 Justice, Pluralism, and Social Responsibility (0.35); L02 Values, Integrity, and Moral Courage (0.20); L13 Evidence, Truth, and Epistemic Humility (0.10)","Distinguish respectful learning and exchange from extraction, stereotype, misrepresentation, or uncredited commercial use.","Can explain permission, attribution, context, benefit, and power in a concrete cultural use.",elective_cultivation,elective_but_flourishing_relevant,agency; receptivity; interdependence,artifact; performance_task; audience_feedback; longitudinal_review,,Master competency,"Before: Why does this matter now, and what will I deliberately practice? During: What resistance, choice, or pattern appeared? After: What happened, what evidence changed, and what should I repeat or revise?"
"Power asymmetry, exploitation, and precarity",21.16,165,Medium,0.2569,0.524,0.5349,0.4536,Not started,FALSE,"Work, Craft, Professionalism, and Labor Ethics","Justice, Pluralism, and Social Responsibility",L31,0.45,"L31 Justice, Pluralism, and Social Responsibility (0.45); L32 Work, Craft, Professionalism, and Contribution (0.20); L33 Leadership, Power, Mentorship, and Institutions (0.20); L22 Economic Agency, Entrepreneurship, and Market Literacy (0.15)","Recognize coercive dependence, wage theft, retaliation, unsafe conditions, disposable labor, and the unequal ability to refuse.",Can distinguish a demanding but fair arrangement from exploitative leverage and identify possible remedies.,context_sensitive,cross_tradition_core_or_broadly_recurrent,agency; stewardship; interdependence,performance_task; artifact; observer_feedback; objective_indicator,,Master competency,"Before: Why does this matter now, and what will I deliberately practice? During: What resistance, choice, or pattern appeared? After: What happened, what evidence changed, and what should I repeat or revise?"
"Power, speed, coordination, and agility",12.08,166,Medium,0.256,0.5195,0.5277,0.4219,Not started,FALSE,"Physical Health, Fitness, and Embodiment","Physical Health, Vitality, and Embodiment",L17,0.85,"L17 Physical Health, Vitality, and Embodiment (0.85); L35 Nature, Exploration, and Adventure (0.15)","Train rapid force, reaction, movement skill, and coordination where appropriate.",Performs chosen athletic or practical movements with improving control and efficiency.,cross_context_core,cross_tradition_core_or_broadly_recurrent,agency; adaptation; stewardship,objective_indicator; behavioral_adherence; qualified_assessment; longitudinal_review,Health and exercise content must be adapted to the person and does not replace licensed medical care.,Master competency,"Before: Why does this matter now, and what will I deliberately practice? During: What resistance, choice, or pattern appeared? After: What happened, what evidence changed, and what should I repeat or revise?"
Adaptive movement and fitness,12.15,167,Medium,0.256,0.5194,0.5285,0.4202,Not started,FALSE,"Physical Health, Fitness, and Embodiment","Physical Health, Vitality, and Embodiment",L17,0.65,"L17 Physical Health, Vitality, and Embodiment (0.65); L11 Adaptability, Uncertainty, and Learning from Failure (0.15); L31 Justice, Pluralism, and Social Responsibility (0.10); L05 Self-Knowledge, Identity, and Humility (0.10)","Modify physical activity for disability, chronic illness, pregnancy, aging, injury, environment, and changing capacity.","Maintains safe, meaningful movement using qualified guidance and individualized progression.",cross_context_core,cross_tradition_core_or_broadly_recurrent,agency; adaptation; stewardship,objective_indicator; behavioral_adherence; qualified_assessment; longitudinal_review,Health and exercise content must be adapted to the person and does not replace licensed medical care.,Master competency,"Before: Why does this matter now, and what will I deliberately practice? During: What resistance, choice, or pattern appeared? After: What happened, what evidence changed, and what should I repeat or revise?"
Temperance and moderation,02.08,168,Medium,0.2559,0.5343,0.5456,0.5082,Not started,FALSE,"Ethics, Virtue, and Integrity",Temperance and Desire Governance,L09,0.7,"L09 Temperance and Desire Governance (0.70); L02 Values, Integrity, and Moral Courage (0.20); L10 Discipline, Habits, and Follow-Through (0.10)","Use pleasure, consumption, sex, food, money, entertainment, comfort, and status without becoming ruled by them.","Can enjoy a good without compulsive excess, shame, or rigid purity.",cross_context_core,cross_tradition_core_or_broadly_recurrent,agency; interdependence; stewardship,conceptual_explanation; real_world_application; observer_feedback; longitudinal_review,,Master competency,"Before: Why does this matter now, and what will I deliberately practice? During: What resistance, choice, or pattern appeared? After: What happened, what evidence changed, and what should I repeat or revise?"
Nutrition fundamentals,12.03,169,Medium,0.255,0.5226,0.5317,0.4219,Not started,FALSE,"Physical Health, Fitness, and Embodiment","Physical Health, Vitality, and Embodiment",L17,0.8,"L17 Physical Health, Vitality, and Embodiment (0.80); L13 Evidence, Truth, and Epistemic Humility (0.10); L18 Domestic Competence and Material Self-Sufficiency (0.10)","Understand energy balance, protein, fiber, micronutrients, hydration, food quality, allergies, and individual constraints.",Maintains a practical eating pattern without fad dependence or obsessive control.,cross_context_core,cross_tradition_core_or_broadly_recurrent,agency; adaptation; stewardship,objective_indicator; behavioral_adherence; qualified_assessment; longitudinal_review,Health and exercise content must be adapted to the person and does not replace licensed medical care.,Master competency,"Before: Why does this matter now, and what will I deliberately practice? During: What resistance, choice, or pattern appeared? After: What happened, what evidence changed, and what should I repeat or revise?"
Mentorship and generativity,27.10,170,Medium,0.255,0.5198,0.5299,0.412,Not started,FALSE,"Integration, Life Design, Seasons, and Legacy","Legacy, Generativity, and Transmission",L37,0.35,"L37 Legacy, Generativity, and Transmission (0.35); L33 Leadership, Power, Mentorship, and Institutions (0.25); L15 Learning Agility, Memory, and Teaching (0.20); L28 Family, Parenting, and Caregiving (0.10); L30 Service, Citizenship, and Civic Agency (0.10)","Receive wisdom, teach others, create opportunities, preserve knowledge, and invest in future capability.",Other people become more capable because of sustained involvement.,cross_context_core,cross_tradition_core_or_broadly_recurrent,agency; receptivity; interdependence; stewardship,artifact; observer_feedback; longitudinal_review; outcome_indicator,,Master competency,"Before: Why does this matter now, and what will I deliberately practice? During: What resistance, choice, or pattern appeared? After: What happened, what evidence changed, and what should I repeat or revise?"
Substances and altered states,12.11,171,Medium,0.2547,0.5283,0.5396,0.46,Not started,FALSE,"Physical Health, Fitness, and Embodiment","Physical Health, Vitality, and Embodiment",L17,0.45,"L17 Physical Health, Vitality, and Embodiment (0.45); L09 Temperance and Desire Governance (0.35); L20 Safety, Risk, and Preparedness (0.10); L03 Spirituality, Reverence, and Transcendence (0.10)","Understand alcohol, nicotine, recreational drugs, performance drugs, and medication risks without moral panic or naïveté.",Makes informed choices and seeks help if use becomes unsafe or compulsive.,cross_context_core,cross_tradition_core_or_broadly_recurrent,agency; adaptation; stewardship,objective_indicator; behavioral_adherence; qualified_assessment; longitudinal_review,Health and exercise content must be adapted to the person and does not replace licensed medical care.,Master competency,"Before: Why does this matter now, and what will I deliberately practice? During: What resistance, choice, or pattern appeared? After: What happened, what evidence changed, and what should I repeat or revise?"
Discipline without domination or purity,08.11,172,Medium,0.2545,0.5361,0.5488,0.5088,Not started,FALSE,"Attention, Desire, Temperance, and Discipline","Discipline, Habits, and Follow-Through",L10,0.45,"L10 Discipline, Habits, and Follow-Through (0.45); L09 Temperance and Desire Governance (0.25); L05 Self-Knowledge, Identity, and Humility (0.15); L02 Values, Integrity, and Moral Courage (0.15)","Use structure and restraint as tools for freedom while avoiding self-hatred, compulsive control, and moral superiority.","Can relax or revise a discipline when it no longer serves health, duty, or meaning.",cross_context_core,cross_tradition_core_or_broadly_recurrent,agency; receptivity,behavioral_adherence; artifact; objective_indicator; longitudinal_review,,Master competency,"Before: Why does this matter now, and what will I deliberately practice? During: What resistance, choice, or pattern appeared? After: What happened, what evidence changed, and what should I repeat or revise?"
Project and workflow management,11.06,173,Medium,0.2545,0.5419,0.5544,0.5354,Not started,FALSE,"Time, Priorities, Goals, and Execution","Discipline, Habits, and Follow-Through",L10,0.45,"L10 Discipline, Habits, and Follow-Through (0.45); L32 Work, Craft, Professionalism, and Contribution (0.35); L14 Systems Thinking, Judgment, and Decision-Making (0.20)","Track scope, ownership, dependencies, risk, decisions, status, and definition of done.",A multi-step project reaches completion with fewer hidden surprises and abandoned threads.,cross_context_core,cross_tradition_core_or_broadly_recurrent,agency; stewardship,artifact; behavioral_adherence; objective_indicator; longitudinal_review,,Master competency,"Before: Why does this matter now, and what will I deliberately practice? During: What resistance, choice, or pattern appeared? After: What happened, what evidence changed, and what should I repeat or revise?"
"Hope, optimism, joy, and contentment",07.11,174,Medium,0.2539,0.5333,0.5443,0.4547,Not started,FALSE,"Emotional Maturity, Resilience, and Mental Well-Being",Emotional Regulation and Resilience,L07,0.4,"L07 Emotional Regulation and Resilience (0.40); L34 Play, Rest, Celebration, and Joy (0.25); L04 Mortality, Suffering, Gratitude, and Hope (0.20); L03 Spirituality, Reverence, and Transcendence (0.15)","Cultivate realistic hope, receptivity to joy, appreciation, and enoughness without denying hardship or ambition.",Can identify present goods and future possibilities while facing unpleasant facts.,cross_context_core,cross_tradition_core_or_broadly_recurrent,agency; receptivity; interdependence,self_report; behavioral_adherence; observer_feedback; longitudinal_review,Not therapy or diagnosis; severe or persistent symptoms require qualified mental-health or medical care.,Master competency,"Before: Why does this matter now, and what will I deliberately practice? During: What resistance, choice, or pattern appeared? After: What happened, what evidence changed, and what should I repeat or revise?"
"Collective bargaining, unions, and worker voice",21.17,175,Medium,0.2539,0.5349,0.5504,0.4862,Not started,FALSE,"Work, Craft, Professionalism, and Labor Ethics","Justice, Pluralism, and Social Responsibility",L31,0.35,"L31 Justice, Pluralism, and Social Responsibility (0.35); L30 Service, Citizenship, and Civic Agency (0.25); L32 Work, Craft, Professionalism, and Contribution (0.20); L23 Communication and Listening (0.20)","Understand individual and collective mechanisms for negotiating pay, safety, dignity, and change.","Can evaluate the benefits, costs, legal context, and governance of collective worker action.",context_sensitive,cross_tradition_core_or_broadly_recurrent,agency; stewardship; interdependence,performance_task; artifact; observer_feedback; objective_indicator,,Master competency,"Before: Why does this matter now, and what will I deliberately practice? During: What resistance, choice, or pattern appeared? After: What happened, what evidence changed, and what should I repeat or revise?"
Truthfulness and candor,02.04,176,Later,0.2536,0.5377,0.5488,0.5038,Not started,FALSE,"Ethics, Virtue, and Integrity","Values, Integrity, and Moral Courage",L02,0.5,"L02 Values, Integrity, and Moral Courage (0.50); L23 Communication and Listening (0.30); L25 Boundaries, Assertiveness, and Self-Respect (0.20)","Tell the truth accurately while respecting relevance, confidentiality, timing, uncertainty, and the dignity of others.","Communicates a difficult truth without deception, cruelty, or self-serving omission.",cross_context_core,cross_tradition_core_or_broadly_recurrent,agency; interdependence; stewardship,conceptual_explanation; real_world_application; observer_feedback; longitudinal_review,,Master competency,"Before: Why does this matter now, and what will I deliberately practice? During: What resistance, choice, or pattern appeared? After: What happened, what evidence changed, and what should I repeat or revise?"
Existential responsibility,01.08,177,Later,0.2535,0.5297,0.5428,0.4639,Not started,FALSE,"Meaning, Worldview, and Purpose",Purpose and Direction,L01,0.35,"L01 Purpose and Direction (0.35); L10 Discipline, Habits, and Follow-Through (0.25); L11 Adaptability, Uncertainty, and Learning from Failure (0.20); L05 Self-Knowledge, Identity, and Humility (0.20)","Accept that circumstances constrain life without eliminating personal agency, responsibility, and choice.",Can name what is and is not under personal control and act on the controllable portion.,cross_context_core,cross_tradition_core_or_broadly_recurrent,agency; receptivity; transcendence,conceptual_explanation; artifact; longitudinal_review,,Master competency,"Before: Why does this matter now, and what will I deliberately practice? During: What resistance, choice, or pattern appeared? After: What happened, what evidence changed, and what should I repeat or revise?"
"Accommodation, assistive technology, and universal design",06.09,178,Later,0.2532,0.5308,0.5422,0.4543,Not started,FALSE,"Vulnerability, Trauma, Disability, Neurodiversity, and Dependency","Justice, Pluralism, and Social Responsibility",L31,0.3,"L31 Justice, Pluralism, and Social Responsibility (0.30); L18 Domestic Competence and Material Self-Sufficiency (0.25); L19 Digital Agency, Media Literacy, and Security (0.20); L17 Physical Health, Vitality, and Embodiment (0.15); L11 Adaptability, Uncertainty, and Learning from Failure (0.10)","Use tools, environmental changes, communication supports, and accessible design to expand participation.",A concrete barrier is reduced through an accommodation or design change.,context_contingent,universally_relevant_as_literacy_but_conditionally_practiced,receptivity; interdependence; adaptation,self_report; qualified_assessment; artifact; observer_feedback; longitudinal_review,"Educational and developmental only; trauma, suicidality, abuse, psychosis, addiction, severe functional decline, and medical concerns require qualified professional or emergency support.",Master competency,"Before: Why does this matter now, and what will I deliberately practice? During: What resistance, choice, or pattern appeared? After: What happened, what evidence changed, and what should I repeat or revise?"
Culture and institutional design,22.09,179,Later,0.2528,0.5323,0.5443,0.4429,Not started,FALSE,"Leadership, Power, Mentorship, and Institutions","Leadership, Power, Mentorship, and Institutions",L33,0.4,"L33 Leadership, Power, Mentorship, and Institutions (0.40); L14 Systems Thinking, Judgment, and Decision-Making (0.25); L31 Justice, Pluralism, and Social Responsibility (0.20); L26 Friendship, Belonging, and Hospitality (0.15)","Shape norms, incentives, rituals, information flow, selection, promotion, and consequences.",Desired behavior is supported by the system rather than dependent on speeches.,role_conditional,role_conditional,agency; stewardship; interdependence,observer_feedback; artifact; outcome_indicator; longitudinal_review,,Master competency,"Before: Why does this matter now, and what will I deliberately practice? During: What resistance, choice, or pattern appeared? After: What happened, what evidence changed, and what should I repeat or revise?"
Domestic life under scarcity or instability,13.15,180,Later,0.2525,0.5336,0.5464,0.4587,Not started,FALSE,"Domestic Competence, Infrastructure, and Material Life",Domestic Competence and Material Self-Sufficiency,L18,0.4,"L18 Domestic Competence and Material Self-Sufficiency (0.40); L20 Safety, Risk, and Preparedness (0.25); L21 Financial Stewardship and Provision (0.20); L11 Adaptability, Uncertainty, and Learning from Failure (0.15)","Prioritize hygiene, food, safety, storage, transportation, and documents when money, housing, time, or utilities are insecure.",Can create a realistic minimum-function plan that uses available community and public supports.,context_sensitive,cross_tradition_core_or_broadly_recurrent,agency; stewardship; adaptation,performance_task; artifact; objective_indicator; observer_feedback,,Master competency,"Before: Why does this matter now, and what will I deliberately practice? During: What resistance, choice, or pattern appeared? After: What happened, what evidence changed, and what should I repeat or revise?"
Accountability and standards,22.07,181,Later,0.2525,0.532,0.5454,0.4664,Not started,FALSE,"Leadership, Power, Mentorship, and Institutions","Leadership, Power, Mentorship, and Institutions",L33,0.4,"L33 Leadership, Power, Mentorship, and Institutions (0.40); L10 Discipline, Habits, and Follow-Through (0.25); L02 Values, Integrity, and Moral Courage (0.20); L23 Communication and Listening (0.15)","Set clear expectations, observe performance, recognize success, confront shortfalls, and follow through.","Standards are consistent, humane, and connected to purpose.",role_conditional,role_conditional,agency; stewardship; interdependence,observer_feedback; artifact; outcome_indicator; longitudinal_review,,Master competency,"Before: Why does this matter now, and what will I deliberately practice? During: What resistance, choice, or pattern appeared? After: What happened, what evidence changed, and what should I repeat or revise?"
Work worth doing,21.01,182,Later,0.2519,0.5411,0.5532,0.5179,Not started,FALSE,"Work, Craft, Professionalism, and Labor Ethics","Work, Craft, Professionalism, and Contribution",L32,0.45,"L32 Work, Craft, Professionalism, and Contribution (0.45); L01 Purpose and Direction (0.30); L36 Life Design, Balance, and Seasonality (0.25)","Evaluate roles by aptitude, livelihood, service, meaning, environment, growth, dignity, and real need.",Chooses or redesigns work using explicit criteria rather than prestige alone.,context_sensitive,cross_tradition_core_or_broadly_recurrent,agency; stewardship; interdependence,performance_task; artifact; observer_feedback; objective_indicator,,Master competency,"Before: Why does this matter now, and what will I deliberately practice? During: What resistance, choice, or pattern appeared? After: What happened, what evidence changed, and what should I repeat or revise?"
Whistleblowing and protected dissent,22.15,183,Later,0.2517,0.5295,0.54,0.4465,Not started,FALSE,"Leadership, Power, Mentorship, and Institutions","Justice, Pluralism, and Social Responsibility",L31,0.35,"L31 Justice, Pluralism, and Social Responsibility (0.35); L25 Boundaries, Assertiveness, and Self-Respect (0.25); L33 Leadership, Power, Mentorship, and Institutions (0.20); L02 Values, Integrity, and Moral Courage (0.20)","Assess evidence, severity, internal channels, retaliation risk, confidentiality, legal protection, and public interest.","Can create a defensible escalation plan that protects evidence, affected people, and due process.",role_conditional,role_conditional,agency; stewardship; interdependence,observer_feedback; artifact; outcome_indicator; longitudinal_review,,Master competency,"Before: Why does this matter now, and what will I deliberately practice? During: What resistance, choice, or pattern appeared? After: What happened, what evidence changed, and what should I repeat or revise?"
"Education, formation, and modeling in family life",19.10,184,Later,0.2515,0.5266,0.5376,0.4295,Not started,FALSE,"Family, Parenting, Reproduction, and Caregiving","Family, Parenting, and Caregiving",L28,0.4,"L28 Family, Parenting, and Caregiving (0.40); L15 Learning Agility, Memory, and Teaching (0.30); L02 Values, Integrity, and Moral Courage (0.15); L33 Leadership, Power, Mentorship, and Institutions (0.15)","Teach practical skill, ethics, emotional regulation, culture, faith or worldview, media judgment, and independence through example and instruction.",A dependent person gains real capability and voice rather than merely compliance.,role_conditional,role_conditional,interdependence; stewardship; receptivity,qualified_assessment; observer_feedback; artifact; longitudinal_review,"Medical, reproductive, child-safety, guardianship, and elder-care decisions require qualified local guidance.",Master competency,"Before: Why does this matter now, and what will I deliberately practice? During: What resistance, choice, or pattern appeared? After: What happened, what evidence changed, and what should I repeat or revise?"
Vulnerability as a human condition,06.01,185,Later,0.2511,0.5345,0.5563,0.4408,Not started,FALSE,"Vulnerability, Trauma, Disability, Neurodiversity, and Dependency","Self-Knowledge, Identity, and Humility",L05,0.3,"L05 Self-Knowledge, Identity, and Humility (0.30); L04 Mortality, Suffering, Gratitude, and Hope (0.25); L24 Empathy, Social Perception, and Perspective-Taking (0.20); L28 Family, Parenting, and Caregiving (0.15); L07 Emotional Regulation and Resilience (0.10)","Recognize bodily fragility, emotional exposure, dependence, uncertainty, and the impossibility of total self-sufficiency.","Can receive help, admit need, and remain dignified without equating dependence with failure.",context_contingent,universally_relevant_as_literacy_but_conditionally_practiced,receptivity; interdependence; adaptation,self_report; qualified_assessment; artifact; observer_feedback; longitudinal_review,"Educational and developmental only; trauma, suicidality, abuse, psychosis, addiction, severe functional decline, and medical concerns require qualified professional or emergency support.",Master competency,"Before: Why does this matter now, and what will I deliberately practice? During: What resistance, choice, or pattern appeared? After: What happened, what evidence changed, and what should I repeat or revise?"
Responsible innovation and technological change,24.13,186,Later,0.2511,0.5336,0.5456,0.4559,Not started,FALSE,"Entrepreneurship, Markets, Economics, and Social Systems","Economic Agency, Entrepreneurship, and Market Literacy",L22,0.35,"L22 Economic Agency, Entrepreneurship, and Market Literacy (0.35); L16 Creativity, Aesthetics, and Cultural Literacy (0.25); L31 Justice, Pluralism, and Social Responsibility (0.20); L19 Digital Agency, Media Literacy, and Security (0.10); L14 Systems Thinking, Judgment, and Decision-Making (0.10)","Assess benefits, displacement, safety, privacy, environmental impact, accessibility, and distribution before scaling.","A product or policy includes monitoring, mitigation, and a process for stopping or revising harmful deployment.",role_conditional,role_conditional,agency; stewardship; interdependence,artifact; objective_indicator; real_world_application; longitudinal_review,"Business and economic education only; legal, tax, securities, employment, and regulatory questions require qualified advice.",Master competency,"Before: Why does this matter now, and what will I deliberately practice? During: What resistance, choice, or pattern appeared? After: What happened, what evidence changed, and what should I repeat or revise?"
Narrative identity,05.02,187,Later,0.2508,0.528,0.5426,0.4273,Not started,FALSE,"Self-Knowledge, Identity, and Humility","Self-Knowledge, Identity, and Humility",L05,0.7,"L05 Self-Knowledge, Identity, and Humility (0.70); L01 Purpose and Direction (0.15); L16 Creativity, Aesthetics, and Cultural Literacy (0.15)","Construct a life story that includes agency, circumstance, help, harm, contingency, failure, and change.","Can tell the story without casting the self solely as hero, victim, failure, or exceptional case.",cross_context_core,cross_tradition_core_or_broadly_recurrent,agency; receptivity; interdependence,self_report; observer_feedback; artifact; longitudinal_review,,Master competency,"Before: Why does this matter now, and what will I deliberately practice? During: What resistance, choice, or pattern appeared? After: What happened, what evidence changed, and what should I repeat or revise?"
"Justice, fairness, and equal dignity",02.06,188,Later,0.2504,0.5379,0.5512,0.4796,Not started,FALSE,"Ethics, Virtue, and Integrity","Justice, Pluralism, and Social Responsibility",L31,0.6,"L31 Justice, Pluralism, and Social Responsibility (0.60); L02 Values, Integrity, and Moral Courage (0.30); L24 Empathy, Social Perception, and Perspective-Taking (0.10)","Apply comparable standards across self, allies, strangers, opponents, and people with less status or power.","Can identify and correct favoritism, prejudice, exploitation, or a double standard.",cross_context_core,cross_tradition_core_or_broadly_recurrent,agency; interdependence; stewardship,conceptual_explanation; real_world_application; observer_feedback; longitudinal_review,,Master competency,"Before: Why does this matter now, and what will I deliberately practice? During: What resistance, choice, or pattern appeared? After: What happened, what evidence changed, and what should I repeat or revise?"
Food relationship and body image,12.04,189,Later,0.2504,0.5295,0.542,0.438,Not started,FALSE,"Physical Health, Fitness, and Embodiment","Physical Health, Vitality, and Embodiment",L17,0.5,"L17 Physical Health, Vitality, and Embodiment (0.50); L05 Self-Knowledge, Identity, and Humility (0.20); L09 Temperance and Desire Governance (0.20); L07 Emotional Regulation and Resilience (0.10)","Separate nourishment and health from shame, comparison, compulsive control, or status.",Can pursue health and appearance goals without degrading dignity or creating harmful behavior.,cross_context_core,cross_tradition_core_or_broadly_recurrent,agency; adaptation; stewardship,objective_indicator; behavioral_adherence; qualified_assessment; longitudinal_review,Health and exercise content must be adapted to the person and does not replace licensed medical care.,Master competency,"Before: Why does this matter now, and what will I deliberately practice? During: What resistance, choice, or pattern appeared? After: What happened, what evidence changed, and what should I repeat or revise?"
Functional aging and lifelong movement,12.14,190,Later,0.2504,0.5305,0.5405,0.4462,Not started,FALSE,"Physical Health, Fitness, and Embodiment","Physical Health, Vitality, and Embodiment",L17,0.75,"L17 Physical Health, Vitality, and Embodiment (0.75); L36 Life Design, Balance, and Seasonality (0.15); L10 Discipline, Habits, and Follow-Through (0.10)","Train for independence, bone health, balance, carrying, getting up, mobility, and continued participation over decades.","Current habits explicitly protect future function, not only short-term performance.",cross_context_core,cross_tradition_core_or_broadly_recurrent,agency; adaptation; stewardship,objective_indicator; behavioral_adherence; qualified_assessment; longitudinal_review,Health and exercise content must be adapted to the person and does not replace licensed medical care.,Master competency,"Before: Why does this matter now, and what will I deliberately practice? During: What resistance, choice, or pattern appeared? After: What happened, what evidence changed, and what should I repeat or revise?"
Worker rights and employment law literacy,21.15,191,Later,0.2501,0.5383,0.553,0.4802,Not started,FALSE,"Work, Craft, Professionalism, and Labor Ethics","Justice, Pluralism, and Social Responsibility",L31,0.4,"L31 Justice, Pluralism, and Social Responsibility (0.40); L32 Work, Craft, Professionalism, and Contribution (0.30); L22 Economic Agency, Entrepreneurship, and Market Literacy (0.20); L13 Evidence, Truth, and Epistemic Humility (0.10)","Understand wages, hours, discrimination, accommodation, safety, leave, classification, contracts, and complaint paths in the relevant jurisdiction.",Can identify a workplace right or obligation and locate authoritative guidance.,context_sensitive,cross_tradition_core_or_broadly_recurrent,agency; stewardship; interdependence,performance_task; artifact; observer_feedback; objective_indicator,,Master competency,"Before: Why does this matter now, and what will I deliberately practice? During: What resistance, choice, or pattern appeared? After: What happened, what evidence changed, and what should I repeat or revise?"
Authority and ethical use of power,22.03,192,Later,0.2501,0.5314,0.5456,0.4381,Not started,FALSE,"Leadership, Power, Mentorship, and Institutions","Leadership, Power, Mentorship, and Institutions",L33,0.45,"L33 Leadership, Power, Mentorship, and Institutions (0.45); L02 Values, Integrity, and Moral Courage (0.25); L31 Justice, Pluralism, and Social Responsibility (0.20); L24 Empathy, Social Perception, and Perspective-Taking (0.10)","Recognize formal and informal power, conflicts of interest, coercion, dependency, and accountability.",Uses influence to increase capacity and protect dignity rather than secure obedience or admiration.,role_conditional,role_conditional,agency; stewardship; interdependence,observer_feedback; artifact; outcome_indicator; longitudinal_review,,Master competency,"Before: Why does this matter now, and what will I deliberately practice? During: What resistance, choice, or pattern appeared? After: What happened, what evidence changed, and what should I repeat or revise?"
"Operations, accounting, and compliance",24.06,193,Later,0.2492,0.5363,0.5513,0.4701,Not started,FALSE,"Entrepreneurship, Markets, Economics, and Social Systems","Economic Agency, Entrepreneurship, and Market Literacy",L22,0.45,"L22 Economic Agency, Entrepreneurship, and Market Literacy (0.45); L21 Financial Stewardship and Provision (0.20); L10 Discipline, Habits, and Follow-Through (0.15); L31 Justice, Pluralism, and Social Responsibility (0.10); L32 Work, Craft, Professionalism, and Contribution (0.10)","Build reliable delivery, records, controls, taxes, contracts, quality, privacy, and regulatory compliance.",A small operation can be inspected and continued without hidden chaos.,role_conditional,role_conditional,agency; stewardship; interdependence,artifact; objective_indicator; real_world_application; longitudinal_review,"Business and economic education only; legal, tax, securities, employment, and regulatory questions require qualified advice.",Master competency,"Before: Why does this matter now, and what will I deliberately practice? During: What resistance, choice, or pattern appeared? After: What happened, what evidence changed, and what should I repeat or revise?"
Customer discovery and problem validation,24.04,194,Later,0.2489,0.5451,0.563,0.4759,Not started,FALSE,"Entrepreneurship, Markets, Economics, and Social Systems","Economic Agency, Entrepreneurship, and Market Literacy",L22,0.4,"L22 Economic Agency, Entrepreneurship, and Market Literacy (0.40); L24 Empathy, Social Perception, and Perspective-Taking (0.25); L13 Evidence, Truth, and Epistemic Humility (0.20); L14 Systems Thinking, Judgment, and Decision-Making (0.15)","Test whether a problem is real, costly, frequent, and underserved before building a solution.",Can present evidence from actual users or buyers that changed the proposed offer.,role_conditional,role_conditional,agency; stewardship; interdependence,artifact; objective_indicator; real_world_application; longitudinal_review,"Business and economic education only; legal, tax, securities, employment, and regulatory questions require qualified advice.",Master competency,"Before: Why does this matter now, and what will I deliberately practice? During: What resistance, choice, or pattern appeared? After: What happened, what evidence changed, and what should I repeat or revise?"
Body composition and metabolic health,12.09,195,Later,0.2488,0.5307,0.543,0.4276,Not started,FALSE,"Physical Health, Fitness, and Embodiment","Physical Health, Vitality, and Embodiment",L17,0.8,"L17 Physical Health, Vitality, and Embodiment (0.80); L09 Temperance and Desire Governance (0.10); L13 Evidence, Truth, and Epistemic Humility (0.10)","Understand weight change, muscle, fat, waist, blood markers, and sustainable methods.",Uses health and performance evidence rather than appearance alone to guide change.,cross_context_core,cross_tradition_core_or_broadly_recurrent,agency; adaptation; stewardship,objective_indicator; behavioral_adherence; qualified_assessment; longitudinal_review,Health and exercise content must be adapted to the person and does not replace licensed medical care.,Master competency,"Before: Why does this matter now, and what will I deliberately practice? During: What resistance, choice, or pattern appeared? After: What happened, what evidence changed, and what should I repeat or revise?"
Ambition and contentment,27.08,196,Later,0.2483,0.5433,0.5519,0.4946,Not started,FALSE,"Integration, Life Design, Seasons, and Legacy","Life Design, Balance, and Seasonality",L36,0.4,"L36 Life Design, Balance, and Seasonality (0.40); L01 Purpose and Direction (0.20); L09 Temperance and Desire Governance (0.15); L34 Play, Rest, Celebration, and Joy (0.15); L05 Self-Knowledge, Identity, and Humility (0.10)","Pursue excellence while learning sufficiency, rest, gratitude, and freedom from constant comparison.",Can strive intensely without making future achievement a condition for present dignity.,cross_context_core,cross_tradition_core_or_broadly_recurrent,agency; receptivity; interdependence; stewardship,artifact; observer_feedback; longitudinal_review; outcome_indicator,,Master competency,"Before: Why does this matter now, and what will I deliberately practice? During: What resistance, choice, or pattern appeared? After: What happened, what evidence changed, and what should I repeat or revise?"
Knowledge organization and notes,10.05,197,Later,0.2482,0.5385,0.5522,0.4684,Not started,FALSE,"Learning, Memory, Curiosity, Apprenticeship, and Teaching","Learning Agility, Memory, and Teaching",L15,0.55,"L15 Learning Agility, Memory, and Teaching (0.55); L10 Discipline, Habits, and Follow-Through (0.25); L19 Digital Agency, Media Literacy, and Security (0.20)","Capture, compress, connect, retrieve, and revise information in a sustainable system.",Can find and reuse prior knowledge when solving a new problem.,cross_context_core,cross_tradition_core_or_broadly_recurrent,agency; interdependence; stewardship,performance_task; artifact; observer_feedback; longitudinal_review,,Master competency,"Before: Why does this matter now, and what will I deliberately practice? During: What resistance, choice, or pattern appeared? After: What happened, what evidence changed, and what should I repeat or revise?"
Attention audit,08.01,198,Later,0.2479,0.5391,0.5526,0.4789,Not started,FALSE,"Attention, Desire, Temperance, and Discipline",Attention and Presence,L08,0.6,"L08 Attention and Presence (0.60); L10 Discipline, Habits, and Follow-Through (0.25); L36 Life Design, Balance, and Seasonality (0.15)","Track where attention goes across devices, entertainment, work, relationships, rumination, and deliberate practice.",Can identify major attention leaks and redesign at least one recurring environment.,cross_context_core,cross_tradition_core_or_broadly_recurrent,agency; receptivity,behavioral_adherence; artifact; objective_indicator; longitudinal_review,,Master competency,"Before: Why does this matter now, and what will I deliberately practice? During: What resistance, choice, or pattern appeared? After: What happened, what evidence changed, and what should I repeat or revise?"
Professional and emergency boundaries,06.14,199,Later,0.2471,0.5408,0.5561,0.4669,Not started,FALSE,"Vulnerability, Trauma, Disability, Neurodiversity, and Dependency","Boundaries, Assertiveness, and Self-Respect",L25,0.35,"L25 Boundaries, Assertiveness, and Self-Respect (0.35); L20 Safety, Risk, and Preparedness (0.30); L28 Family, Parenting, and Caregiving (0.20); L32 Work, Craft, Professionalism, and Contribution (0.15)","Know when trauma, suicidality, abuse, psychosis, addiction, severe functional decline, or medical symptoms exceed peer or self-help competence.",Uses qualified clinical or emergency resources promptly and does not substitute the curriculum for treatment.,context_contingent,universally_relevant_as_literacy_but_conditionally_practiced,receptivity; interdependence; adaptation,self_report; qualified_assessment; artifact; observer_feedback; longitudinal_review,"Educational and developmental only; trauma, suicidality, abuse, psychosis, addiction, severe functional decline, and medical concerns require qualified professional or emergency support.",Master competency,"Before: Why does this matter now, and what will I deliberately practice? During: What resistance, choice, or pattern appeared? After: What happened, what evidence changed, and what should I repeat or revise?"
Care-recipient agency and safeguarding,06.12,200,Later,0.2465,0.5378,0.5524,0.4499,Not started,FALSE,"Vulnerability, Trauma, Disability, Neurodiversity, and Dependency","Family, Parenting, and Caregiving",L28,0.3,"L28 Family, Parenting, and Caregiving (0.30); L25 Boundaries, Assertiveness, and Self-Respect (0.25); L31 Justice, Pluralism, and Social Responsibility (0.25); L20 Safety, Risk, and Preparedness (0.20)","Protect consent, privacy, voice, choice, and freedom from neglect or abuse when another person depends on care.","A care plan contains mechanisms for the dependent person's preferences, complaints, and protection.",context_contingent,universally_relevant_as_literacy_but_conditionally_practiced,receptivity; interdependence; adaptation,self_report; qualified_assessment; artifact; observer_feedback; longitudinal_review,"Educational and developmental only; trauma, suicidality, abuse, psychosis, addiction, severe functional decline, and medical concerns require qualified professional or emergency support.",Master competency,"Before: Why does this matter now, and what will I deliberately practice? During: What resistance, choice, or pattern appeared? After: What happened, what evidence changed, and what should I repeat or revise?"
"Income, negotiation, and career economics",24.01,201,Later,0.2458,0.5424,0.5589,0.4744,Not started,FALSE,"Entrepreneurship, Markets, Economics, and Social Systems","Economic Agency, Entrepreneurship, and Market Literacy",L22,0.45,"L22 Economic Agency, Entrepreneurship, and Market Literacy (0.45); L21 Financial Stewardship and Provision (0.20); L23 Communication and Listening (0.15); L32 Work, Craft, Professionalism, and Contribution (0.10); L14 Systems Thinking, Judgment, and Decision-Making (0.10)","Increase earnings through useful capability, negotiation, mobility, and informed tradeoffs.",Income growth is tied to increased value or better market positioning rather than fantasy.,role_conditional,role_conditional,agency; stewardship; interdependence,artifact; objective_indicator; real_world_application; longitudinal_review,"Business and economic education only; legal, tax, securities, employment, and regulatory questions require qualified advice.",Master competency,"Before: Why does this matter now, and what will I deliberately practice? During: What resistance, choice, or pattern appeared? After: What happened, what evidence changed, and what should I repeat or revise?"
Feedback and error correction,10.08,202,Later,0.2457,0.5385,0.5531,0.4464,Not started,FALSE,"Learning, Memory, Curiosity, Apprenticeship, and Teaching","Learning Agility, Memory, and Teaching",L15,0.45,"L15 Learning Agility, Memory, and Teaching (0.45); L11 Adaptability, Uncertainty, and Learning from Failure (0.30); L13 Evidence, Truth, and Epistemic Humility (0.15); L10 Discipline, Habits, and Follow-Through (0.10)","Make errors visible early through testing, critique, rehearsal, instrumentation, and comparison to standards.",A learning process changes because feedback revealed a specific weakness.,cross_context_core,cross_tradition_core_or_broadly_recurrent,agency; interdependence; stewardship,performance_task; artifact; observer_feedback; longitudinal_review,,Master competency,"Before: Why does this matter now, and what will I deliberately practice? During: What resistance, choice, or pattern appeared? After: What happened, what evidence changed, and what should I repeat or revise?"
Vocation and service beyond self,03.08,203,Later,0.2451,0.5429,0.5615,0.4726,Not started,FALSE,"Spirituality, Religion, Ritual, and Transcendence",Purpose and Direction,L01,0.35,"L01 Purpose and Direction (0.35); L03 Spirituality, Reverence, and Transcendence (0.30); L30 Service, Citizenship, and Civic Agency (0.25); L32 Work, Craft, Professionalism, and Contribution (0.10)","Commit to a truth, God, community, craft, cause, future generation, or common good that places real demands on the self.","The commitment alters allocation of time, comfort, money, or status.",pathway_dependent,multiple_legitimate_pathways,receptivity; interdependence; transcendence,conceptual_explanation; behavioral_adherence; community_feedback; longitudinal_review,,Master competency,"Before: Why does this matter now, and what will I deliberately practice? During: What resistance, choice, or pattern appeared? After: What happened, what evidence changed, and what should I repeat or revise?"
Tolerance of discomfort,08.05,204,Later,0.2451,0.5456,0.5613,0.4932,Not started,FALSE,"Attention, Desire, Temperance, and Discipline",Temperance and Desire Governance,L09,0.35,"L09 Temperance and Desire Governance (0.35); L07 Emotional Regulation and Resilience (0.30); L10 Discipline, Habits, and Follow-Through (0.20); L11 Adaptability, Uncertainty, and Learning from Failure (0.15)","Remain present with boredom, uncertainty, frustration, embarrassment, fatigue, craving, and temporary pain.",Completes worthwhile action while discomfort is present and reviews what was learned.,cross_context_core,cross_tradition_core_or_broadly_recurrent,agency; receptivity,behavioral_adherence; artifact; objective_indicator; longitudinal_review,,Master competency,"Before: Why does this matter now, and what will I deliberately practice? During: What resistance, choice, or pattern appeared? After: What happened, what evidence changed, and what should I repeat or revise?"
"Shame, guilt, and remorse",07.07,205,Later,0.2445,0.5428,0.5564,0.4692,Not started,FALSE,"Emotional Maturity, Resilience, and Mental Well-Being",Emotional Awareness and Literacy,L06,0.35,"L06 Emotional Awareness and Literacy (0.35); L07 Emotional Regulation and Resilience (0.25); L02 Values, Integrity, and Moral Courage (0.20); L29 Conflict, Repair, Forgiveness, and Reconciliation (0.20)",Separate global self-condemnation from responsibility for specific behavior.,Uses guilt to repair conduct while refusing shame's claim that change is impossible.,cross_context_core,cross_tradition_core_or_broadly_recurrent,agency; receptivity; interdependence,self_report; behavioral_adherence; observer_feedback; longitudinal_review,Not therapy or diagnosis; severe or persistent symptoms require qualified mental-health or medical care.,Master competency,"Before: Why does this matter now, and what will I deliberately practice? During: What resistance, choice, or pattern appeared? After: What happened, what evidence changed, and what should I repeat or revise?"
The science of learning,10.01,206,Later,0.2441,0.541,0.5556,0.4459,Not started,FALSE,"Learning, Memory, Curiosity, Apprenticeship, and Teaching","Learning Agility, Memory, and Teaching",L15,0.7,"L15 Learning Agility, Memory, and Teaching (0.70); L13 Evidence, Truth, and Epistemic Humility (0.20); L10 Discipline, Habits, and Follow-Through (0.10)","Use retrieval, spacing, interleaving, elaboration, examples, sleep, and feedback rather than passive exposure alone.",Demonstrates retention and transfer after delay.,cross_context_core,cross_tradition_core_or_broadly_recurrent,agency; interdependence; stewardship,performance_task; artifact; observer_feedback; longitudinal_review,,Master competency,"Before: Why does this matter now, and what will I deliberately practice? During: What resistance, choice, or pattern appeared? After: What happened, what evidence changed, and what should I repeat or revise?"
"Pregnancy, birth, and postpartum responsibility",19.05,207,Later,0.2441,0.5368,0.5525,0.4323,Not started,FALSE,"Family, Parenting, Reproduction, and Caregiving","Family, Parenting, and Caregiving",L28,0.5,"L28 Family, Parenting, and Caregiving (0.50); L17 Physical Health, Vitality, and Embodiment (0.30); L21 Financial Stewardship and Provision (0.10); L20 Safety, Risk, and Preparedness (0.10)","Understand bodily risk, consent, support, medical decisions, recovery, infant care, and postpartum mental health.",A practical support and decision plan centers the pregnant or postpartum person's safety and agency.,role_conditional,role_conditional,interdependence; stewardship; receptivity,qualified_assessment; observer_feedback; artifact; longitudinal_review,"Medical, reproductive, child-safety, guardianship, and elder-care decisions require qualified local guidance.",Master competency,"Before: Why does this matter now, and what will I deliberately practice? During: What resistance, choice, or pattern appeared? After: What happened, what evidence changed, and what should I repeat or revise?"
Outdoor competence and responsible recreation,26.05,208,Later,0.2437,0.5434,0.5575,0.4593,Not started,FALSE,"Play, Celebration, Leisure, Nature, and Exploration","Nature, Exploration, and Adventure",L35,0.5,"L35 Nature, Exploration, and Adventure (0.50); L17 Physical Health, Vitality, and Embodiment (0.25); L20 Safety, Risk, and Preparedness (0.15); L34 Play, Rest, Celebration, and Joy (0.10)","Prepare, navigate, minimize impact, respect conditions, and build capability in chosen environments.",Can participate safely while protecting the place and other users.,cross_context_core,cross_tradition_core_or_broadly_recurrent,receptivity; interdependence; transcendence,behavioral_adherence; artifact; community_feedback; longitudinal_review,,Master competency,"Before: Why does this matter now, and what will I deliberately practice? During: What resistance, choice, or pattern appeared? After: What happened, what evidence changed, and what should I repeat or revise?"
Health literacy and preventive care,12.01,209,Later,0.2427,0.5403,0.5558,0.4349,Not started,FALSE,"Physical Health, Fitness, and Embodiment","Physical Health, Vitality, and Embodiment",L17,0.75,"L17 Physical Health, Vitality, and Embodiment (0.75); L13 Evidence, Truth, and Epistemic Humility (0.15); L10 Discipline, Habits, and Follow-Through (0.10)","Understand screening, symptoms, medications, vaccination, dental care, sexual health, and how to work with clinicians.",Maintains appropriate preventive care and seeks qualified evaluation when warranted.,cross_context_core,cross_tradition_core_or_broadly_recurrent,agency; adaptation; stewardship,objective_indicator; behavioral_adherence; qualified_assessment; longitudinal_review,Health and exercise content must be adapted to the person and does not replace licensed medical care.,Master competency,"Before: Why does this matter now, and what will I deliberately practice? During: What resistance, choice, or pattern appeared? After: What happened, what evidence changed, and what should I repeat or revise?"
Purpose and calling,01.05,210,Later,0.2426,0.5462,0.5617,0.4812,Not started,FALSE,"Meaning, Worldview, and Purpose",Purpose and Direction,L01,0.7,"L01 Purpose and Direction (0.70); L36 Life Design, Balance, and Seasonality (0.20); L32 Work, Craft, Professionalism, and Contribution (0.10)","Identify worthwhile roles, responsibilities, problems, communities, and forms of contribution that may constitute a calling.",Has a provisional calling expressed through present commitments rather than only an abstract aspiration.,cross_context_core,cross_tradition_core_or_broadly_recurrent,agency; receptivity; transcendence,conceptual_explanation; artifact; longitudinal_review,,Master competency,"Before: Why does this matter now, and what will I deliberately practice? During: What resistance, choice, or pattern appeared? After: What happened, what evidence changed, and what should I repeat or revise?"
Meaning versus status,01.06,211,Later,0.2425,0.5428,0.5599,0.4596,Not started,FALSE,"Meaning, Worldview, and Purpose",Purpose and Direction,L01,0.45,"L01 Purpose and Direction (0.45); L05 Self-Knowledge, Identity, and Humility (0.30); L09 Temperance and Desire Governance (0.15); L36 Life Design, Balance, and Seasonality (0.10)","Distinguish internally meaningful pursuits from prestige, comparison, insecurity, approval, and borrowed ambition.",Has revised or abandoned at least one goal whose primary function was image or comparison.,cross_context_core,cross_tradition_core_or_broadly_recurrent,agency; receptivity; transcendence,conceptual_explanation; artifact; longitudinal_review,,Master competency,"Before: Why does this matter now, and what will I deliberately practice? During: What resistance, choice, or pattern appeared? After: What happened, what evidence changed, and what should I repeat or revise?"
Nonviolent action and conflict transformation,20.14,212,Later,0.2421,0.544,0.5643,0.4512,Not started,FALSE,"Community, Citizenship, Justice, and Nonviolent Action","Service, Citizenship, and Civic Agency",L30,0.35,"L30 Service, Citizenship, and Civic Agency (0.35); L29 Conflict, Repair, Forgiveness, and Reconciliation (0.30); L31 Justice, Pluralism, and Social Responsibility (0.20); L33 Leadership, Power, Mentorship, and Institutions (0.15)","Understand negotiation, mediation, boycotts, strikes, protest, civil resistance, restorative practice, and escalation dynamics.","Can design a proportionate nonviolent campaign or conflict process with goals, stakeholders, risks, and safeguards.",cross_context_core,cross_tradition_core_or_broadly_recurrent,interdependence; stewardship; agency,conceptual_explanation; real_world_application; artifact; community_feedback,"Political and civic education only; protest, civil disobedience, and legal rights are jurisdiction-specific and can involve serious risk.",Master competency,"Before: Why does this matter now, and what will I deliberately practice? During: What resistance, choice, or pattern appeared? After: What happened, what evidence changed, and what should I repeat or revise?"
Material and ecological stewardship,23.10,213,Later,0.2421,0.545,0.5615,0.4657,Not started,FALSE,"Personal Finance, Provision, and Material Stewardship",Financial Stewardship and Provision,L21,0.4,"L21 Financial Stewardship and Provision (0.40); L35 Nature, Exploration, and Adventure (0.25); L31 Justice, Pluralism, and Social Responsibility (0.20); L18 Domestic Competence and Material Self-Sufficiency (0.15)","Treat possessions, land, energy, time, and capital as resources with social and environmental consequences.","Decisions consider lifecycle, waste, repair, and effects beyond the owner.",context_sensitive,cross_tradition_core_or_broadly_recurrent,agency; stewardship; interdependence,artifact; objective_indicator; behavioral_adherence; longitudinal_review,"Financial education only; tax, investment, insurance, estate, and benefits decisions may require licensed or jurisdiction-specific advice.",Master competency,"Before: Why does this matter now, and what will I deliberately practice? During: What resistance, choice, or pattern appeared? After: What happened, what evidence changed, and what should I repeat or revise?"
Scheduling and realistic capacity,11.05,214,Later,0.242,0.5525,0.5672,0.5155,Not started,FALSE,"Time, Priorities, Goals, and Execution","Discipline, Habits, and Follow-Through",L10,0.45,"L10 Discipline, Habits, and Follow-Through (0.45); L36 Life Design, Balance, and Seasonality (0.30); L17 Physical Health, Vitality, and Embodiment (0.15); L11 Adaptability, Uncertainty, and Learning from Failure (0.10)","Allocate time using duration, energy, buffers, recovery, and competing responsibilities.",Plans survive normal interruption because they reflect actual capacity.,cross_context_core,cross_tradition_core_or_broadly_recurrent,agency; stewardship,artifact; behavioral_adherence; objective_indicator; longitudinal_review,,Master competency,"Before: Why does this matter now, and what will I deliberately practice? During: What resistance, choice, or pattern appeared? After: What happened, what evidence changed, and what should I repeat or revise?"
Breadth and interdisciplinary literacy,10.11,215,Later,0.2416,0.5479,0.5769,0.4256,Not started,FALSE,"Learning, Memory, Curiosity, Apprenticeship, and Teaching","Learning Agility, Memory, and Teaching",L15,0.45,"L15 Learning Agility, Memory, and Teaching (0.45); L12 Critical Reasoning and Logic (0.20); L16 Creativity, Aesthetics, and Cultural Literacy (0.20); L31 Justice, Pluralism, and Social Responsibility (0.15)","Build foundational literacy in science, history, technology, economics, humanities, arts, and society.",Can connect ideas across fields without pretending superficial exposure is expertise.,cross_context_core,cross_tradition_core_or_broadly_recurrent,agency; interdependence; stewardship,performance_task; artifact; observer_feedback; longitudinal_review,,Master competency,"Before: Why does this matter now, and what will I deliberately practice? During: What resistance, choice, or pattern appeared? After: What happened, what evidence changed, and what should I repeat or revise?"
"Disability identity, access, and adaptive excellence",06.06,216,Later,0.2414,0.5424,0.5578,0.4501,Not started,FALSE,"Vulnerability, Trauma, Disability, Neurodiversity, and Dependency","Physical Health, Vitality, and Embodiment",L17,0.25,"L17 Physical Health, Vitality, and Embodiment (0.25); L31 Justice, Pluralism, and Social Responsibility (0.25); L11 Adaptability, Uncertainty, and Learning from Failure (0.20); L05 Self-Knowledge, Identity, and Humility (0.15); L36 Life Design, Balance, and Seasonality (0.15)","Understand disability through medical, social, and identity lenses; use accommodation without shame.","Can identify barriers, request access, and define excellence relative to real function and chosen values.",context_contingent,universally_relevant_as_literacy_but_conditionally_practiced,receptivity; interdependence; adaptation,self_report; qualified_assessment; artifact; observer_feedback; longitudinal_review,"Educational and developmental only; trauma, suicidality, abuse, psychosis, addiction, severe functional decline, and medical concerns require qualified professional or emergency support.",Master competency,"Before: Why does this matter now, and what will I deliberately practice? During: What resistance, choice, or pattern appeared? After: What happened, what evidence changed, and what should I repeat or revise?"
Humility and proportionate self-regard,05.10,217,Later,0.2413,0.5481,0.569,0.458,Not started,FALSE,"Self-Knowledge, Identity, and Humility","Self-Knowledge, Identity, and Humility",L05,0.55,"L05 Self-Knowledge, Identity, and Humility (0.55); L02 Values, Integrity, and Moral Courage (0.20); L24 Empathy, Social Perception, and Perspective-Taking (0.15); L13 Evidence, Truth, and Epistemic Humility (0.10)","See oneself neither as the center of reality nor as worthless; recognize dependence, limits, gifts, and responsibility.","Can accept correction, help, praise, and obscurity without grandiosity or self-erasure.",cross_context_core,cross_tradition_core_or_broadly_recurrent,agency; receptivity; interdependence,self_report; observer_feedback; artifact; longitudinal_review,,Master competency,"Before: Why does this matter now, and what will I deliberately practice? During: What resistance, choice, or pattern appeared? After: What happened, what evidence changed, and what should I repeat or revise?"
"Miscarriage, infertility, and reproductive grief",19.06,218,Later,0.2411,0.5468,0.5721,0.4424,Not started,FALSE,"Family, Parenting, Reproduction, and Caregiving","Family, Parenting, and Caregiving",L28,0.35,"L28 Family, Parenting, and Caregiving (0.35); L04 Mortality, Suffering, Gratitude, and Hope (0.30); L07 Emotional Regulation and Resilience (0.20); L24 Empathy, Social Perception, and Perspective-Taking (0.15)","Recognize grief, ambiguity, medical burden, relationship strain, and differing meanings around reproductive loss.","Can offer or receive support without minimizing, moralizing, or forcing disclosure.",role_conditional,role_conditional,interdependence; stewardship; receptivity,qualified_assessment; observer_feedback; artifact; longitudinal_review,"Medical, reproductive, child-safety, guardianship, and elder-care decisions require qualified local guidance.",Master competency,"Before: Why does this matter now, and what will I deliberately practice? During: What resistance, choice, or pattern appeared? After: What happened, what evidence changed, and what should I repeat or revise?"
Nature connection and ecological awareness,26.04,219,Later,0.2411,0.5462,0.5623,0.4706,Not started,FALSE,"Play, Celebration, Leisure, Nature, and Exploration","Nature, Exploration, and Adventure",L35,0.6,"L35 Nature, Exploration, and Adventure (0.60); L31 Justice, Pluralism, and Social Responsibility (0.20); L03 Spirituality, Reverence, and Transcendence (0.10); L17 Physical Health, Vitality, and Embodiment (0.10)","Observe seasons, weather, land, plants, animals, ecosystems, and human dependence on them.","Regular contact with nature changes attention, gratitude, or stewardship.",cross_context_core,cross_tradition_core_or_broadly_recurrent,receptivity; interdependence; transcendence,behavioral_adherence; artifact; community_feedback; longitudinal_review,,Master competency,"Before: Why does this matter now, and what will I deliberately practice? During: What resistance, choice, or pattern appeared? After: What happened, what evidence changed, and what should I repeat or revise?"
Self-leadership and credibility,22.01,220,Later,0.2409,0.5431,0.5612,0.4487,Not started,FALSE,"Leadership, Power, Mentorship, and Institutions","Leadership, Power, Mentorship, and Institutions",L33,0.4,"L33 Leadership, Power, Mentorship, and Institutions (0.40); L10 Discipline, Habits, and Follow-Through (0.25); L02 Values, Integrity, and Moral Courage (0.20); L05 Self-Knowledge, Identity, and Humility (0.15)","Model the standards, preparation, emotional regulation, and responsibility expected of others.",Influence is supported by conduct rather than title or image alone.,role_conditional,role_conditional,agency; stewardship; interdependence,observer_feedback; artifact; outcome_indicator; longitudinal_review,,Master competency,"Before: Why does this matter now, and what will I deliberately practice? During: What resistance, choice, or pattern appeared? After: What happened, what evidence changed, and what should I repeat or revise?"
"Envy, jealousy, and comparison",07.08,221,Later,0.2407,0.5449,0.5614,0.4548,Not started,FALSE,"Emotional Maturity, Resilience, and Mental Well-Being",Emotional Awareness and Literacy,L06,0.3,"L06 Emotional Awareness and Literacy (0.30); L07 Emotional Regulation and Resilience (0.30); L09 Temperance and Desire Governance (0.20); L05 Self-Knowledge, Identity, and Humility (0.20)","Identify threatened needs, insecurity, admiration, scarcity beliefs, and possessiveness beneath comparison.","Converts comparison into gratitude, boundary setting, learning, or a chosen goal.",cross_context_core,cross_tradition_core_or_broadly_recurrent,agency; receptivity; interdependence,self_report; behavioral_adherence; observer_feedback; longitudinal_review,Not therapy or diagnosis; severe or persistent symptoms require qualified mental-health or medical care.,Master competency,"Before: Why does this matter now, and what will I deliberately practice? During: What resistance, choice, or pattern appeared? After: What happened, what evidence changed, and what should I repeat or revise?"
"Justice, inequality, and social structure",20.04,222,Later,0.24,0.5512,0.5696,0.4728,Not started,FALSE,"Community, Citizenship, Justice, and Nonviolent Action","Justice, Pluralism, and Social Responsibility",L31,0.6,"L31 Justice, Pluralism, and Social Responsibility (0.60); L14 Systems Thinking, Judgment, and Decision-Making (0.20); L24 Empathy, Social Perception, and Perspective-Taking (0.10); L30 Service, Citizenship, and Civic Agency (0.10)","Study how history, class, race, sex, disability, geography, institutions, and incentives shape opportunity and harm.",Can discuss structural and individual causes without reducing people to categories.,cross_context_core,cross_tradition_core_or_broadly_recurrent,interdependence; stewardship; agency,conceptual_explanation; real_world_application; artifact; community_feedback,"Political and civic education only; protest, civil disobedience, and legal rights are jurisdiction-specific and can involve serious risk.",Master competency,"Before: Why does this matter now, and what will I deliberately practice? During: What resistance, choice, or pattern appeared? After: What happened, what evidence changed, and what should I repeat or revise?"
Loyalty and principled dissent,02.10,223,Later,0.2399,0.5479,0.563,0.4682,Not started,FALSE,"Ethics, Virtue, and Integrity","Values, Integrity, and Moral Courage",L02,0.45,"L02 Values, Integrity, and Moral Courage (0.45); L25 Boundaries, Assertiveness, and Self-Respect (0.25); L31 Justice, Pluralism, and Social Responsibility (0.20); L33 Leadership, Power, Mentorship, and Institutions (0.10)",Honor legitimate obligations to people and institutions without becoming complicit in wrongdoing.,Can explain where loyalty ends and has voiced dissent or withdrawn when principle required it.,cross_context_core,cross_tradition_core_or_broadly_recurrent,agency; interdependence; stewardship,conceptual_explanation; real_world_application; observer_feedback; longitudinal_review,,Master competency,"Before: Why does this matter now, and what will I deliberately practice? During: What resistance, choice, or pattern appeared? After: What happened, what evidence changed, and what should I repeat or revise?"
Neurodiversity and cognitive variation,06.07,224,Later,0.2396,0.5438,0.562,0.4357,Not started,FALSE,"Vulnerability, Trauma, Disability, Neurodiversity, and Dependency","Self-Knowledge, Identity, and Humility",L05,0.3,"L05 Self-Knowledge, Identity, and Humility (0.30); L15 Learning Agility, Memory, and Teaching (0.25); L31 Justice, Pluralism, and Social Responsibility (0.20); L11 Adaptability, Uncertainty, and Learning from Failure (0.15); L13 Evidence, Truth, and Epistemic Humility (0.10)","Understand differences in attention, sensory processing, social communication, executive function, learning, and regulation.",Can design supports around a cognitive profile without romanticizing impairment or pathologizing all difference.,context_contingent,universally_relevant_as_literacy_but_conditionally_practiced,receptivity; interdependence; adaptation,self_report; qualified_assessment; artifact; observer_feedback; longitudinal_review,"Educational and developmental only; trauma, suicidality, abuse, psychosis, addiction, severe functional decline, and medical concerns require qualified professional or emergency support.",Master competency,"Before: Why does this matter now, and what will I deliberately practice? During: What resistance, choice, or pattern appeared? After: What happened, what evidence changed, and what should I repeat or revise?"
Metaphysical and spiritual inquiry,03.01,225,Later,0.2395,0.5532,0.5729,0.4837,Not started,FALSE,"Spirituality, Religion, Ritual, and Transcendence","Spirituality, Reverence, and Transcendence",L03,0.55,"L03 Spirituality, Reverence, and Transcendence (0.55); L01 Purpose and Direction (0.25); L13 Evidence, Truth, and Epistemic Humility (0.20)","Examine religious, spiritual, philosophical, and naturalistic accounts of God, consciousness, soul, freedom, providence, and transcendence.",Can state a position or principled uncertainty without pretending proof or dismissing alternatives.,pathway_dependent,multiple_legitimate_pathways,receptivity; interdependence; transcendence,conceptual_explanation; behavioral_adherence; community_feedback; longitudinal_review,,Master competency,"Before: Why does this matter now, and what will I deliberately practice? During: What resistance, choice, or pattern appeared? After: What happened, what evidence changed, and what should I repeat or revise?"
"Promises, reliability, and one's word",02.05,226,Later,0.2388,0.5587,0.577,0.5259,Not started,FALSE,"Ethics, Virtue, and Integrity","Values, Integrity, and Moral Courage",L02,0.5,"L02 Values, Integrity, and Moral Courage (0.50); L10 Discipline, Habits, and Follow-Through (0.35); L32 Work, Craft, Professionalism, and Contribution (0.15)","Make commitments carefully, track them, fulfill them, or renegotiate before failure.","Others can reasonably rely on stated commitments, and broken promises receive prompt repair.",cross_context_core,cross_tradition_core_or_broadly_recurrent,agency; interdependence; stewardship,conceptual_explanation; real_world_application; observer_feedback; longitudinal_review,,Master competency,"Before: Why does this matter now, and what will I deliberately practice? During: What resistance, choice, or pattern appeared? After: What happened, what evidence changed, and what should I repeat or revise?"
Surrender and limits of control,03.06,227,Later,0.2385,0.5489,0.5744,0.4527,Not started,FALSE,"Spirituality, Religion, Ritual, and Transcendence","Spirituality, Reverence, and Transcendence",L03,0.45,"L03 Spirituality, Reverence, and Transcendence (0.45); L04 Mortality, Suffering, Gratitude, and Hope (0.30); L11 Adaptability, Uncertainty, and Learning from Failure (0.25)","Accept finitude, uncertainty, uncontrollable events, and dependence without collapsing into passivity.",Can release what cannot be controlled while acting firmly on what remains possible.,pathway_dependent,multiple_legitimate_pathways,receptivity; interdependence; transcendence,conceptual_explanation; behavioral_adherence; community_feedback; longitudinal_review,,Master competency,"Before: Why does this matter now, and what will I deliberately practice? During: What resistance, choice, or pattern appeared? After: What happened, what evidence changed, and what should I repeat or revise?"
Ecological relationship and reciprocal stewardship,26.14,228,Later,0.2378,0.5511,0.57,0.4724,Not started,FALSE,"Play, Celebration, Leisure, Nature, and Exploration","Nature, Exploration, and Adventure",L35,0.45,"L35 Nature, Exploration, and Adventure (0.45); L31 Justice, Pluralism, and Social Responsibility (0.30); L03 Spirituality, Reverence, and Transcendence (0.15); L30 Service, Citizenship, and Civic Agency (0.10)","Move beyond nature as scenery by learning local ecology, limits, restoration, and reciprocal responsibilities.",Contributes to the health or understanding of a specific place over time.,cross_context_core,cross_tradition_core_or_broadly_recurrent,receptivity; interdependence; transcendence,behavioral_adherence; artifact; community_feedback; longitudinal_review,,Master competency,"Before: Why does this matter now, and what will I deliberately practice? During: What resistance, choice, or pattern appeared? After: What happened, what evidence changed, and what should I repeat or revise?"
Time and energy audit,11.01,229,Later,0.2377,0.5579,0.574,0.5162,Not started,FALSE,"Time, Priorities, Goals, and Execution","Discipline, Habits, and Follow-Through",L10,0.4,"L10 Discipline, Habits, and Follow-Through (0.40); L36 Life Design, Balance, and Seasonality (0.35); L17 Physical Health, Vitality, and Embodiment (0.15); L08 Attention and Presence (0.10)",Measure how time and usable energy are actually spent rather than relying on impression.,Can identify mismatches between stated priorities and lived allocation.,cross_context_core,cross_tradition_core_or_broadly_recurrent,agency; stewardship,artifact; behavioral_adherence; objective_indicator; longitudinal_review,,Master competency,"Before: Why does this matter now, and what will I deliberately practice? During: What resistance, choice, or pattern appeared? After: What happened, what evidence changed, and what should I repeat or revise?"
Personal safety and de-escalation,15.04,230,Later,0.2377,0.5571,0.5789,0.4854,Not started,FALSE,"Safety, Preparedness, Risk, and Mutual Aid","Safety, Risk, and Preparedness",L20,0.45,"L20 Safety, Risk, and Preparedness (0.45); L29 Conflict, Repair, Forgiveness, and Reconciliation (0.25); L25 Boundaries, Assertiveness, and Self-Respect (0.20); L23 Communication and Listening (0.10)","Use boundaries, distance, voice, escape, bystander support, and conflict reduction before force.",Can identify escalation and choose proportionate options that prioritize safety.,context_contingent,universally_relevant_as_literacy_but_conditionally_practiced,agency; interdependence; stewardship,certification; performance_task; artifact; observer_feedback,"Hands-on safety, medical, aquatic, survival, and defensive skills require qualified instruction and compliance with local law.",Master competency,"Before: Why does this matter now, and what will I deliberately practice? During: What resistance, choice, or pattern appeared? After: What happened, what evidence changed, and what should I repeat or revise?"
Triggers and repeated patterns,05.06,231,Later,0.2374,0.5452,0.5641,0.4331,Not started,FALSE,"Self-Knowledge, Identity, and Humility","Self-Knowledge, Identity, and Humility",L05,0.45,"L05 Self-Knowledge, Identity, and Humility (0.45); L06 Emotional Awareness and Literacy (0.25); L07 Emotional Regulation and Resilience (0.20); L08 Attention and Presence (0.10)","Map situations that predict shame, anger, fear, envy, impulsivity, people-pleasing, numbness, or withdrawal.",Has an early-warning map and a tested alternative response.,cross_context_core,cross_tradition_core_or_broadly_recurrent,agency; receptivity; interdependence,self_report; observer_feedback; artifact; longitudinal_review,,Master competency,"Before: Why does this matter now, and what will I deliberately practice? During: What resistance, choice, or pattern appeared? After: What happened, what evidence changed, and what should I repeat or revise?"
Skill decomposition and progression,10.07,232,Later,0.2374,0.553,0.5688,0.4726,Not started,FALSE,"Learning, Memory, Curiosity, Apprenticeship, and Teaching","Learning Agility, Memory, and Teaching",L15,0.5,"L15 Learning Agility, Memory, and Teaching (0.50); L14 Systems Thinking, Judgment, and Decision-Making (0.30); L10 Discipline, Habits, and Follow-Through (0.20)","Break complex abilities into prerequisites, components, milestones, exercises, and integration challenges.",Can design a learning path that exposes dependencies and measurable progression.,cross_context_core,cross_tradition_core_or_broadly_recurrent,agency; interdependence; stewardship,performance_task; artifact; observer_feedback; longitudinal_review,,Master competency,"Before: Why does this matter now, and what will I deliberately practice? During: What resistance, choice, or pattern appeared? After: What happened, what evidence changed, and what should I repeat or revise?"
"Efficiency, thoroughness, and quality tradeoffs",21.14,233,Later,0.2371,0.5633,0.5824,0.529,Not started,FALSE,"Work, Craft, Professionalism, and Labor Ethics","Work, Craft, Professionalism, and Contribution",L32,0.4,"L32 Work, Craft, Professionalism, and Contribution (0.40); L14 Systems Thinking, Judgment, and Decision-Making (0.30); L10 Discipline, Habits, and Follow-Through (0.20); L02 Values, Integrity, and Moral Courage (0.10)","Choose when work should be fast, sufficient, robust, elegant, reversible, or exceptional.",Quality level is consciously matched to consequence rather than driven by haste or perfectionism.,context_sensitive,cross_tradition_core_or_broadly_recurrent,agency; stewardship; interdependence,performance_task; artifact; observer_feedback; objective_indicator,,Master competency,"Before: Why does this matter now, and what will I deliberately practice? During: What resistance, choice, or pattern appeared? After: What happened, what evidence changed, and what should I repeat or revise?"
Cultural self-location and inherited assumptions,05.12,234,Later,0.2349,0.5555,0.5789,0.4526,Not started,FALSE,"Self-Knowledge, Identity, and Humility","Self-Knowledge, Identity, and Humility",L05,0.4,"L05 Self-Knowledge, Identity, and Humility (0.40); L31 Justice, Pluralism, and Social Responsibility (0.30); L13 Evidence, Truth, and Epistemic Humility (0.20); L24 Empathy, Social Perception, and Perspective-Taking (0.10)","Identify norms about family, authority, emotion, work, gender, religion, privacy, and success that feel natural because they are familiar.","Can compare those assumptions with another culture and choose what to retain, revise, or hold provisionally.",cross_context_core,cross_tradition_core_or_broadly_recurrent,agency; receptivity; interdependence,self_report; observer_feedback; artifact; longitudinal_review,,Master competency,"Before: Why does this matter now, and what will I deliberately practice? During: What resistance, choice, or pattern appeared? After: What happened, what evidence changed, and what should I repeat or revise?"
Milestones and task decomposition,11.04,235,Later,0.2348,0.5663,0.5862,0.5307,Not started,FALSE,"Time, Priorities, Goals, and Execution","Discipline, Habits, and Follow-Through",L10,0.45,"L10 Discipline, Habits, and Follow-Through (0.45); L14 Systems Thinking, Judgment, and Decision-Making (0.35); L32 Work, Craft, Professionalism, and Contribution (0.20)","Break outcomes into dependencies, stages, next actions, and checkpoints.",A complex goal can be started immediately and its progress can be inspected.,cross_context_core,cross_tradition_core_or_broadly_recurrent,agency; stewardship,artifact; behavioral_adherence; objective_indicator; longitudinal_review,,Master competency,"Before: Why does this matter now, and what will I deliberately practice? During: What resistance, choice, or pattern appeared? After: What happened, what evidence changed, and what should I repeat or revise?"
Systems and organizational awareness,21.07,236,Later,0.2348,0.5587,0.5784,0.4854,Not started,FALSE,"Work, Craft, Professionalism, and Labor Ethics","Work, Craft, Professionalism, and Contribution",L32,0.35,"L32 Work, Craft, Professionalism, and Contribution (0.35); L14 Systems Thinking, Judgment, and Decision-Making (0.30); L33 Leadership, Power, Mentorship, and Institutions (0.20); L31 Justice, Pluralism, and Social Responsibility (0.15)","See interfaces, incentives, dependencies, constraints, failure modes, and institutional context.",Prevents or solves a problem beyond the immediate assigned task.,context_sensitive,cross_tradition_core_or_broadly_recurrent,agency; stewardship; interdependence,performance_task; artifact; observer_feedback; objective_indicator,,Master competency,"Before: Why does this matter now, and what will I deliberately practice? During: What resistance, choice, or pattern appeared? After: What happened, what evidence changed, and what should I repeat or revise?"
Chronic illness adaptation,06.04,237,Later,0.2346,0.5516,0.5689,0.4522,Not started,FALSE,"Vulnerability, Trauma, Disability, Neurodiversity, and Dependency","Physical Health, Vitality, and Embodiment",L17,0.4,"L17 Physical Health, Vitality, and Embodiment (0.40); L11 Adaptability, Uncertainty, and Learning from Failure (0.25); L07 Emotional Regulation and Resilience (0.20); L36 Life Design, Balance, and Seasonality (0.15)","Build a meaningful life around fluctuating symptoms, treatment, uncertainty, fatigue, and changed capacity.","Can plan with variable energy, communicate limits, and preserve identity beyond illness.",context_contingent,universally_relevant_as_literacy_but_conditionally_practiced,receptivity; interdependence; adaptation,self_report; qualified_assessment; artifact; observer_feedback; longitudinal_review,"Educational and developmental only; trauma, suicidality, abuse, psychosis, addiction, severe functional decline, and medical concerns require qualified professional or emergency support.",Master competency,"Before: Why does this matter now, and what will I deliberately practice? During: What resistance, choice, or pattern appeared? After: What happened, what evidence changed, and what should I repeat or revise?"
"Public finance, taxation, and redistribution",24.10,238,Later,0.2346,0.5514,0.5731,0.4486,Not started,FALSE,"Entrepreneurship, Markets, Economics, and Social Systems","Economic Agency, Entrepreneurship, and Market Literacy",L22,0.35,"L22 Economic Agency, Entrepreneurship, and Market Literacy (0.35); L31 Justice, Pluralism, and Social Responsibility (0.35); L21 Financial Stewardship and Provision (0.15); L30 Service, Citizenship, and Civic Agency (0.15)","Understand tax bases, spending, debt, public goods, incentives, incidence, and distributional choices.","Can compare policy options using fiscal, behavioral, and equity tradeoffs.",role_conditional,role_conditional,agency; stewardship; interdependence,artifact; objective_indicator; real_world_application; longitudinal_review,"Business and economic education only; legal, tax, securities, employment, and regulatory questions require qualified advice.",Master competency,"Before: Why does this matter now, and what will I deliberately practice? During: What resistance, choice, or pattern appeared? After: What happened, what evidence changed, and what should I repeat or revise?"
"Ownership, governance, and alternative enterprise forms",24.12,239,Later,0.2346,0.5492,0.5688,0.4343,Not started,FALSE,"Entrepreneurship, Markets, Economics, and Social Systems","Economic Agency, Entrepreneurship, and Market Literacy",L22,0.4,"L22 Economic Agency, Entrepreneurship, and Market Literacy (0.40); L33 Leadership, Power, Mentorship, and Institutions (0.25); L31 Justice, Pluralism, and Social Responsibility (0.20); L14 Systems Thinking, Judgment, and Decision-Making (0.15)","Compare sole ownership, partnership, corporation, cooperative, employee ownership, nonprofit, and public enterprise.","Chooses or analyzes a form based on capital, control, mission, accountability, and stakeholder effects.",role_conditional,role_conditional,agency; stewardship; interdependence,artifact; objective_indicator; real_world_application; longitudinal_review,"Business and economic education only; legal, tax, securities, employment, and regulatory questions require qualified advice.",Master competency,"Before: Why does this matter now, and what will I deliberately practice? During: What resistance, choice, or pattern appeared? After: What happened, what evidence changed, and what should I repeat or revise?"
Fertility and reproductive health literacy,19.04,240,Later,0.234,0.5511,0.5711,0.4312,Not started,FALSE,"Family, Parenting, Reproduction, and Caregiving","Family, Parenting, and Caregiving",L28,0.4,"L28 Family, Parenting, and Caregiving (0.40); L17 Physical Health, Vitality, and Embodiment (0.40); L13 Evidence, Truth, and Epistemic Humility (0.20)","Understand fertility, contraception, pregnancy, prenatal care, infertility, reproductive aging, and when qualified care is needed.",Can make or support an informed decision using medically reliable information and explicit values.,role_conditional,role_conditional,interdependence; stewardship; receptivity,qualified_assessment; observer_feedback; artifact; longitudinal_review,"Medical, reproductive, child-safety, guardianship, and elder-care decisions require qualified local guidance.",Master competency,"Before: Why does this matter now, and what will I deliberately practice? During: What resistance, choice, or pattern appeared? After: What happened, what evidence changed, and what should I repeat or revise?"
A provisional worldview,01.02,241,Later,0.2337,0.5575,0.5795,0.4674,Not started,FALSE,"Meaning, Worldview, and Purpose",Purpose and Direction,L01,0.45,"L01 Purpose and Direction (0.45); L03 Spirituality, Reverence, and Transcendence (0.25); L13 Evidence, Truth, and Epistemic Humility (0.20); L11 Adaptability, Uncertainty, and Learning from Failure (0.10)","Form a coherent but revisable view of reality, human nature, knowledge, morality, suffering, freedom, and responsibility.","Can state present convictions, uncertainties, and what evidence or experience could change them.",cross_context_core,cross_tradition_core_or_broadly_recurrent,agency; receptivity; transcendence,conceptual_explanation; artifact; longitudinal_review,,Master competency,"Before: Why does this matter now, and what will I deliberately practice? During: What resistance, choice, or pattern appeared? After: What happened, what evidence changed, and what should I repeat or revise?"
Integration of conflicting parts,05.09,242,Later,0.2335,0.55,0.5712,0.4313,Not started,FALSE,"Self-Knowledge, Identity, and Humility","Self-Knowledge, Identity, and Humility",L05,0.6,"L05 Self-Knowledge, Identity, and Humility (0.60); L06 Emotional Awareness and Literacy (0.20); L07 Emotional Regulation and Resilience (0.20)","Work with tensions such as ambition and contentment, reason and emotion, independence and belonging, strength and vulnerability.",Creates a practice that honors the legitimate need on both sides rather than suppressing one.,cross_context_core,cross_tradition_core_or_broadly_recurrent,agency; receptivity; interdependence,self_report; observer_feedback; artifact; longitudinal_review,,Master competency,"Before: Why does this matter now, and what will I deliberately practice? During: What resistance, choice, or pattern appeared? After: What happened, what evidence changed, and what should I repeat or revise?"
Social insurance and welfare-state design,24.11,243,Later,0.2333,0.5532,0.5757,0.4485,Not started,FALSE,"Entrepreneurship, Markets, Economics, and Social Systems","Justice, Pluralism, and Social Responsibility",L31,0.4,"L22 Economic Agency, Entrepreneurship, and Market Literacy (0.30); L31 Justice, Pluralism, and Social Responsibility (0.40); L30 Service, Citizenship, and Civic Agency (0.20); L21 Financial Stewardship and Provision (0.10)","Understand unemployment, health, disability, retirement, family support, and means-tested versus universal programs.","Can evaluate adequacy, access, incentives, dignity, and sustainability.",role_conditional,role_conditional,agency; stewardship; interdependence,artifact; objective_indicator; real_world_application; longitudinal_review,"Business and economic education only; legal, tax, securities, employment, and regulatory questions require qualified advice.",Master competency,"Before: Why does this matter now, and what will I deliberately practice? During: What resistance, choice, or pattern appeared? After: What happened, what evidence changed, and what should I repeat or revise?"
"Travel, geography, and place",26.06,244,Later,0.233,0.5564,0.5765,0.4676,Not started,FALSE,"Play, Celebration, Leisure, Nature, and Exploration","Nature, Exploration, and Adventure",L35,0.55,"L35 Nature, Exploration, and Adventure (0.55); L31 Justice, Pluralism, and Social Responsibility (0.20); L15 Learning Agility, Memory, and Teaching (0.15); L20 Safety, Risk, and Preparedness (0.10)","Understand geography, local history, customs, language basics, etiquette, and the effects of tourism.",Travels with curiosity and respect rather than consuming places as backdrops.,cross_context_core,cross_tradition_core_or_broadly_recurrent,receptivity; interdependence; transcendence,behavioral_adherence; artifact; community_feedback; longitudinal_review,,Master competency,"Before: Why does this matter now, and what will I deliberately practice? During: What resistance, choice, or pattern appeared? After: What happened, what evidence changed, and what should I repeat or revise?"
Child protection and safeguarding,19.08,245,Later,0.2328,0.5559,0.5777,0.4531,Not started,FALSE,"Family, Parenting, Reproduction, and Caregiving","Family, Parenting, and Caregiving",L28,0.35,"L28 Family, Parenting, and Caregiving (0.35); L20 Safety, Risk, and Preparedness (0.30); L31 Justice, Pluralism, and Social Responsibility (0.20); L25 Boundaries, Assertiveness, and Self-Respect (0.15)","Recognize abuse, neglect, grooming, unsafe caregiving, and mandatory or appropriate reporting paths.",Can act promptly to protect a child without conducting an amateur investigation or preserving family image.,role_conditional,role_conditional,interdependence; stewardship; receptivity,qualified_assessment; observer_feedback; artifact; longitudinal_review,"Medical, reproductive, child-safety, guardianship, and elder-care decisions require qualified local guidance.",Master competency,"Before: Why does this matter now, and what will I deliberately practice? During: What resistance, choice, or pattern appeared? After: What happened, what evidence changed, and what should I repeat or revise?"
"Strengths, limitations, and fit",05.03,246,Later,0.2324,0.5587,0.58,0.4771,Not started,FALSE,"Self-Knowledge, Identity, and Humility","Self-Knowledge, Identity, and Humility",L05,0.55,"L05 Self-Knowledge, Identity, and Humility (0.55); L36 Life Design, Balance, and Seasonality (0.25); L32 Work, Craft, Professionalism, and Contribution (0.20)","Identify capabilities, energy patterns, constraints, environments, and roles that improve or impair performance.",Uses strengths deliberately while designing around limits and developing neglected capacities.,cross_context_core,cross_tradition_core_or_broadly_recurrent,agency; receptivity; interdependence,self_report; observer_feedback; artifact; longitudinal_review,,Master competency,"Before: Why does this matter now, and what will I deliberately practice? During: What resistance, choice, or pattern appeared? After: What happened, what evidence changed, and what should I repeat or revise?"
"Sadness, grief, and loss",07.06,247,Later,0.2322,0.5571,0.5845,0.4419,Not started,FALSE,"Emotional Maturity, Resilience, and Mental Well-Being",Emotional Awareness and Literacy,L06,0.3,"L06 Emotional Awareness and Literacy (0.30); L07 Emotional Regulation and Resilience (0.30); L04 Mortality, Suffering, Gratitude, and Hope (0.30); L24 Empathy, Social Perception, and Perspective-Taking (0.10)","Allow sorrow, remembrance, ritual, support, changed expectations, and continued living.","Can name what was lost, what remains, and what must now be carried forward.",cross_context_core,cross_tradition_core_or_broadly_recurrent,agency; receptivity; interdependence,self_report; behavioral_adherence; observer_feedback; longitudinal_review,Not therapy or diagnosis; severe or persistent symptoms require qualified mental-health or medical care.,Master competency,"Before: Why does this matter now, and what will I deliberately practice? During: What resistance, choice, or pattern appeared? After: What happened, what evidence changed, and what should I repeat or revise?"
Chronic pain and pain-related functioning,06.05,248,Later,0.232,0.5552,0.5733,0.4534,Not started,FALSE,"Vulnerability, Trauma, Disability, Neurodiversity, and Dependency","Physical Health, Vitality, and Embodiment",L17,0.45,"L17 Physical Health, Vitality, and Embodiment (0.45); L07 Emotional Regulation and Resilience (0.25); L11 Adaptability, Uncertainty, and Learning from Failure (0.15); L36 Life Design, Balance, and Seasonality (0.15)","Understand pain, pacing, fear avoidance, medical uncertainty, and the difference between cure, management, and adaptation.",Uses qualified care and a sustainable activity plan without interpreting pain as moral weakness.,context_contingent,universally_relevant_as_literacy_but_conditionally_practiced,receptivity; interdependence; adaptation,self_report; qualified_assessment; artifact; observer_feedback; longitudinal_review,"Educational and developmental only; trauma, suicidality, abuse, psychosis, addiction, severe functional decline, and medical concerns require qualified professional or emergency support.",Master competency,"Before: Why does this matter now, and what will I deliberately practice? During: What resistance, choice, or pattern appeared? After: What happened, what evidence changed, and what should I repeat or revise?"
Collective action and organizing,20.08,249,Later,0.2317,0.5576,0.5844,0.4534,Not started,FALSE,"Community, Citizenship, Justice, and Nonviolent Action","Service, Citizenship, and Civic Agency",L30,0.45,"L30 Service, Citizenship, and Civic Agency (0.45); L33 Leadership, Power, Mentorship, and Institutions (0.25); L23 Communication and Listening (0.15); L10 Discipline, Habits, and Follow-Through (0.15)","Define a shared problem, recruit stakeholders, assign roles, coordinate work, and measure outcomes.",A community effort reaches a concrete result and captures lessons.,cross_context_core,cross_tradition_core_or_broadly_recurrent,interdependence; stewardship; agency,conceptual_explanation; real_world_application; artifact; community_feedback,"Political and civic education only; protest, civil disobedience, and legal rights are jurisdiction-specific and can involve serious risk.",Master competency,"Before: Why does this matter now, and what will I deliberately practice? During: What resistance, choice, or pattern appeared? After: What happened, what evidence changed, and what should I repeat or revise?"
Family and intergenerational stewardship,23.09,250,Later,0.2316,0.5548,0.5774,0.4448,Not started,FALSE,"Personal Finance, Provision, and Material Stewardship",Financial Stewardship and Provision,L21,0.4,"L21 Financial Stewardship and Provision (0.40); L28 Family, Parenting, and Caregiving (0.25); L37 Legacy, Generativity, and Transmission (0.20); L30 Service, Citizenship, and Civic Agency (0.15)","Plan for children, elders, education, inheritance, shared property, and financial teaching.",Resources strengthen future agency rather than merely transfer consumption.,context_sensitive,cross_tradition_core_or_broadly_recurrent,agency; stewardship; interdependence,artifact; objective_indicator; behavioral_adherence; longitudinal_review,"Financial education only; tax, investment, insurance, estate, and benefits decisions may require licensed or jurisdiction-specific advice.",Master competency,"Before: Why does this matter now, and what will I deliberately practice? During: What resistance, choice, or pattern appeared? After: What happened, what evidence changed, and what should I repeat or revise?"
Moral perception,02.02,251,Later,0.2314,0.57,0.5918,0.5119,Not started,FALSE,"Ethics, Virtue, and Integrity","Values, Integrity, and Moral Courage",L02,0.6,"L02 Values, Integrity, and Moral Courage (0.60); L24 Empathy, Social Perception, and Perspective-Taking (0.20); L14 Systems Thinking, Judgment, and Decision-Making (0.20)","Notice when an ordinary decision contains questions of dignity, fairness, harm, obligation, consent, truth, or stewardship.",Recognizes ethical dimensions before harm or conflict makes them obvious.,cross_context_core,cross_tradition_core_or_broadly_recurrent,agency; interdependence; stewardship,conceptual_explanation; real_world_application; observer_feedback; longitudinal_review,,Master competency,"Before: Why does this matter now, and what will I deliberately practice? During: What resistance, choice, or pattern appeared? After: What happened, what evidence changed, and what should I repeat or revise?"
The pause between feeling and action,07.03,252,Later,0.2313,0.5594,0.5802,0.4715,Not started,FALSE,"Emotional Maturity, Resilience, and Mental Well-Being",Emotional Regulation and Resilience,L07,0.45,L07 Emotional Regulation and Resilience (0.45); L08 Attention and Presence (0.30); L09 Temperance and Desire Governance (0.25),"Use breath, grounding, movement, delay, prayer, writing, or consultation before consequential reactions.",Prevents a regrettable response without denying the underlying feeling or issue.,cross_context_core,cross_tradition_core_or_broadly_recurrent,agency; receptivity; interdependence,self_report; behavioral_adherence; observer_feedback; longitudinal_review,Not therapy or diagnosis; severe or persistent symptoms require qualified mental-health or medical care.,Master competency,"Before: Why does this matter now, and what will I deliberately practice? During: What resistance, choice, or pattern appeared? After: What happened, what evidence changed, and what should I repeat or revise?"
"Competition, monopoly, and market power",24.07,253,Later,0.2309,0.5568,0.5775,0.4511,Not started,FALSE,"Entrepreneurship, Markets, Economics, and Social Systems","Economic Agency, Entrepreneurship, and Market Literacy",L22,0.35,"L22 Economic Agency, Entrepreneurship, and Market Literacy (0.35); L31 Justice, Pluralism, and Social Responsibility (0.35); L14 Systems Thinking, Judgment, and Decision-Making (0.20); L33 Leadership, Power, Mentorship, and Institutions (0.10)","Understand entry barriers, network effects, lock-in, concentration, predatory conduct, and consumer welfare.","Can analyze when market success reflects value, advantage, capture, or exploitation.",role_conditional,role_conditional,agency; stewardship; interdependence,artifact; objective_indicator; real_world_application; longitudinal_review,"Business and economic education only; legal, tax, securities, employment, and regulatory questions require qualified advice.",Master competency,"Before: Why does this matter now, and what will I deliberately practice? During: What resistance, choice, or pattern appeared? After: What happened, what evidence changed, and what should I repeat or revise?"
"Elder care, dementia, and later-life decision-making",19.11,254,Later,0.2308,0.5546,0.5781,0.4317,Not started,FALSE,"Family, Parenting, Reproduction, and Caregiving","Family, Parenting, and Caregiving",L28,0.5,"L28 Family, Parenting, and Caregiving (0.50); L17 Physical Health, Vitality, and Embodiment (0.20); L14 Systems Thinking, Judgment, and Decision-Making (0.15); L04 Mortality, Suffering, Gratitude, and Hope (0.15)","Understand changing capacity, advance planning, memory loss, safety, autonomy, respite, and family conflict.","A care plan balances protection, dignity, legal authority, and caregiver sustainability.",role_conditional,role_conditional,interdependence; stewardship; receptivity,qualified_assessment; observer_feedback; artifact; longitudinal_review,"Medical, reproductive, child-safety, guardianship, and elder-care decisions require qualified local guidance.",Master competency,"Before: Why does this matter now, and what will I deliberately practice? During: What resistance, choice, or pattern appeared? After: What happened, what evidence changed, and what should I repeat or revise?"
Mutual aid and community resilience,20.16,255,Later,0.2306,0.5645,0.5928,0.4594,Not started,FALSE,"Community, Citizenship, Justice, and Nonviolent Action","Service, Citizenship, and Civic Agency",L30,0.4,"L30 Service, Citizenship, and Civic Agency (0.40); L20 Safety, Risk, and Preparedness (0.25); L28 Family, Parenting, and Caregiving (0.20); L26 Friendship, Belonging, and Hospitality (0.15)","Build reciprocal local capacity for food, transport, information, emergency response, childcare, and support.",Participates in a system where help flows through relationships rather than one-way charity alone.,cross_context_core,cross_tradition_core_or_broadly_recurrent,interdependence; stewardship; agency,conceptual_explanation; real_world_application; artifact; community_feedback,"Political and civic education only; protest, civil disobedience, and legal rights are jurisdiction-specific and can involve serious risk.",Master competency,"Before: Why does this matter now, and what will I deliberately practice? During: What resistance, choice, or pattern appeared? After: What happened, what evidence changed, and what should I repeat or revise?"
Budgeting and cash-flow control,23.02,256,Later,0.23,0.5633,0.5872,0.4866,Not started,FALSE,"Personal Finance, Provision, and Material Stewardship",Financial Stewardship and Provision,L21,0.7,"L21 Financial Stewardship and Provision (0.70); L10 Discipline, Habits, and Follow-Through (0.20); L09 Temperance and Desire Governance (0.10)","Allocate money toward obligations, resilience, goals, generosity, and enjoyment.","Spending reflects stated priorities over time, not only during motivated weeks.",context_sensitive,cross_tradition_core_or_broadly_recurrent,agency; stewardship; interdependence,artifact; objective_indicator; behavioral_adherence; longitudinal_review,"Financial education only; tax, investment, insurance, estate, and benefits decisions may require licensed or jurisdiction-specific advice.",Master competency,"Before: Why does this matter now, and what will I deliberately practice? During: What resistance, choice, or pattern appeared? After: What happened, what evidence changed, and what should I repeat or revise?"
"Governance, checks, and accountable authority",22.16,257,Later,0.2294,0.556,0.5774,0.4362,Not started,FALSE,"Leadership, Power, Mentorship, and Institutions","Leadership, Power, Mentorship, and Institutions",L33,0.4,"L33 Leadership, Power, Mentorship, and Institutions (0.40); L31 Justice, Pluralism, and Social Responsibility (0.35); L14 Systems Thinking, Judgment, and Decision-Making (0.15); L02 Values, Integrity, and Moral Courage (0.10)","Design decision rights, oversight, appeal, succession, transparency, and independent review.",An institution can detect and correct leader error without relying on the leader's virtue alone.,role_conditional,role_conditional,agency; stewardship; interdependence,observer_feedback; artifact; outcome_indicator; longitudinal_review,,Master competency,"Before: Why does this matter now, and what will I deliberately practice? During: What resistance, choice, or pattern appeared? After: What happened, what evidence changed, and what should I repeat or revise?"
Commitment under uncertainty,01.07,258,Later,0.2293,0.5649,0.5863,0.4836,Not started,FALSE,"Meaning, Worldview, and Purpose","Adaptability, Uncertainty, and Learning from Failure",L11,0.45,"L11 Adaptability, Uncertainty, and Learning from Failure (0.45); L14 Systems Thinking, Judgment, and Decision-Making (0.30); L10 Discipline, Habits, and Follow-Through (0.25)","Choose and act without waiting for perfect certainty, while using assumptions, review points, and reversible experiments.",Can make a consequential decision with explicit uncertainty and a scheduled reassessment.,cross_context_core,cross_tradition_core_or_broadly_recurrent,agency; receptivity; transcendence,conceptual_explanation; artifact; longitudinal_review,,Master competency,"Before: Why does this matter now, and what will I deliberately practice? During: What resistance, choice, or pattern appeared? After: What happened, what evidence changed, and what should I repeat or revise?"
"Digital creation, ownership, and attribution",14.11,259,Later,0.2287,0.5673,0.5905,0.4798,Not started,FALSE,"Digital Life, Media, AI, and Information Security","Digital Agency, Media Literacy, and Security",L19,0.4,"L19 Digital Agency, Media Literacy, and Security (0.40); L16 Creativity, Aesthetics, and Cultural Literacy (0.30); L02 Values, Integrity, and Moral Courage (0.15); L31 Justice, Pluralism, and Social Responsibility (0.15)","Understand copyright, licensing, plagiarism, open-source norms, data ownership, and creator compensation.","Publishes or reuses digital work with appropriate permission, attribution, and records.",cross_context_core,cross_tradition_core_or_broadly_recurrent,agency; stewardship; interdependence,performance_task; artifact; behavioral_adherence; longitudinal_review,,Master competency,"Before: Why does this matter now, and what will I deliberately practice? During: What resistance, choice, or pattern appeared? After: What happened, what evidence changed, and what should I repeat or revise?"
Curiosity and question formation,10.03,260,Later,0.2286,0.5621,0.5974,0.4185,Not started,FALSE,"Learning, Memory, Curiosity, Apprenticeship, and Teaching","Learning Agility, Memory, and Teaching",L15,0.55,"L15 Learning Agility, Memory, and Teaching (0.55); L11 Adaptability, Uncertainty, and Learning from Failure (0.25); L12 Critical Reasoning and Logic (0.20)","Turn confusion, observation, and contradiction into precise questions worth investigating.",Maintains a question backlog and resolves or refines questions through inquiry.,cross_context_core,cross_tradition_core_or_broadly_recurrent,agency; interdependence; stewardship,performance_task; artifact; observer_feedback; longitudinal_review,,Master competency,"Before: Why does this matter now, and what will I deliberately practice? During: What resistance, choice, or pattern appeared? After: What happened, what evidence changed, and what should I repeat or revise?"
Externalities and full-cost accounting,24.08,261,Later,0.2284,0.5621,0.5836,0.4643,Not started,FALSE,"Entrepreneurship, Markets, Economics, and Social Systems","Justice, Pluralism, and Social Responsibility",L31,0.35,"L22 Economic Agency, Entrepreneurship, and Market Literacy (0.30); L31 Justice, Pluralism, and Social Responsibility (0.35); L14 Systems Thinking, Judgment, and Decision-Making (0.20); L35 Nature, Exploration, and Adventure (0.15)","Identify costs shifted to workers, communities, public systems, future generations, or the environment.",A decision includes meaningful external costs and mitigation rather than revenue alone.,role_conditional,role_conditional,agency; stewardship; interdependence,artifact; objective_indicator; real_world_application; longitudinal_review,"Business and economic education only; legal, tax, securities, employment, and regulatory questions require qualified advice.",Master competency,"Before: Why does this matter now, and what will I deliberately practice? During: What resistance, choice, or pattern appeared? After: What happened, what evidence changed, and what should I repeat or revise?"
Adventure and calculated challenge,26.08,262,Later,0.2284,0.5614,0.5843,0.4615,Not started,FALSE,"Play, Celebration, Leisure, Nature, and Exploration","Nature, Exploration, and Adventure",L35,0.5,"L35 Nature, Exploration, and Adventure (0.50); L11 Adaptability, Uncertainty, and Learning from Failure (0.20); L20 Safety, Risk, and Preparedness (0.15); L17 Physical Health, Vitality, and Embodiment (0.15)",Choose experiences that expand courage and competence while managing real risk.,"Completes a challenge that required preparation, uncertainty, and adaptive response.",cross_context_core,cross_tradition_core_or_broadly_recurrent,receptivity; interdependence; transcendence,behavioral_adherence; artifact; community_feedback; longitudinal_review,,Master competency,"Before: Why does this matter now, and what will I deliberately practice? During: What resistance, choice, or pattern appeared? After: What happened, what evidence changed, and what should I repeat or revise?"
Self-worth beyond performance,05.08,263,Later,0.2277,0.5587,0.5831,0.4402,Not started,FALSE,"Self-Knowledge, Identity, and Humility","Self-Knowledge, Identity, and Humility",L05,0.55,"L05 Self-Knowledge, Identity, and Humility (0.55); L07 Emotional Regulation and Resilience (0.25); L01 Purpose and Direction (0.20)","Separate dignity from productivity, intelligence, attractiveness, success, status, approval, and failure.",Can experience success or failure without converting it into a total judgment of worth.,cross_context_core,cross_tradition_core_or_broadly_recurrent,agency; receptivity; interdependence,self_report; observer_feedback; artifact; longitudinal_review,,Master competency,"Before: Why does this matter now, and what will I deliberately practice? During: What resistance, choice, or pattern appeared? After: What happened, what evidence changed, and what should I repeat or revise?"
"Conscience, conscientious objection, and civil disobedience",02.14,264,Later,0.2276,0.5638,0.5872,0.4685,Not started,FALSE,"Ethics, Virtue, and Integrity","Justice, Pluralism, and Social Responsibility",L31,0.4,"L31 Justice, Pluralism, and Social Responsibility (0.40); L02 Values, Integrity, and Moral Courage (0.30); L30 Service, Citizenship, and Civic Agency (0.20); L25 Boundaries, Assertiveness, and Self-Respect (0.10)","Understand when law, authority, employment, or group loyalty may be resisted for principled reasons and what responsibilities accompany resistance.","Can justify a refusal or act of disobedience using public reasons, proportionality, nonviolence where possible, and willingness to accept accountability.",cross_context_core,cross_tradition_core_or_broadly_recurrent,agency; interdependence; stewardship,conceptual_explanation; real_world_application; observer_feedback; longitudinal_review,,Master competency,"Before: Why does this matter now, and what will I deliberately practice? During: What resistance, choice, or pattern appeared? After: What happened, what evidence changed, and what should I repeat or revise?"
Moral courage,02.07,265,Later,0.2274,0.5657,0.588,0.4755,Not started,FALSE,"Ethics, Virtue, and Integrity","Values, Integrity, and Moral Courage",L02,0.5,"L02 Values, Integrity, and Moral Courage (0.50); L25 Boundaries, Assertiveness, and Self-Respect (0.30); L30 Service, Citizenship, and Civic Agency (0.20)","Defend what is right when doing so involves fear, inconvenience, uncertainty, or social cost.",Has taken a proportionate stand in a real situation and reviewed whether it was wise and effective.,cross_context_core,cross_tradition_core_or_broadly_recurrent,agency; interdependence; stewardship,conceptual_explanation; real_world_application; observer_feedback; longitudinal_review,,Master competency,"Before: Why does this matter now, and what will I deliberately practice? During: What resistance, choice, or pattern appeared? After: What happened, what evidence changed, and what should I repeat or revise?"
"Applicability, role choice, and the right to leave domains unchosen",27.13,266,Later,0.2274,0.5668,0.5855,0.4902,Not started,FALSE,"Integration, Life Design, Seasons, and Legacy","Life Design, Balance, and Seasonality",L36,0.45,"L36 Life Design, Balance, and Seasonality (0.45); L05 Self-Knowledge, Identity, and Humility (0.20); L25 Boundaries, Assertiveness, and Self-Respect (0.20); L31 Justice, Pluralism, and Social Responsibility (0.15)","Distinguish universal human responsibilities from optional roles such as marriage, parenthood, leadership, entrepreneurship, or particular religious practice.",Can mark a role as not applicable or consciously declined without treating that choice as a moral deficit.,cross_context_core,cross_tradition_core_or_broadly_recurrent,agency; receptivity; interdependence; stewardship,artifact; observer_feedback; longitudinal_review; outcome_indicator,,Master competency,"Before: Why does this matter now, and what will I deliberately practice? During: What resistance, choice, or pattern appeared? After: What happened, what evidence changed, and what should I repeat or revise?"
"Consumption, status, and enoughness",23.07,267,Later,0.2273,0.5668,0.5898,0.4886,Not started,FALSE,"Personal Finance, Provision, and Material Stewardship",Financial Stewardship and Provision,L21,0.35,"L21 Financial Stewardship and Provision (0.35); L09 Temperance and Desire Governance (0.30); L36 Life Design, Balance, and Seasonality (0.20); L05 Self-Knowledge, Identity, and Humility (0.15)","Purchase according to purpose, durability, total cost, maintenance, and actual enjoyment.",Reduces impulsive or status-driven spending without treating all comfort as vice.,context_sensitive,cross_tradition_core_or_broadly_recurrent,agency; stewardship; interdependence,artifact; objective_indicator; behavioral_adherence; longitudinal_review,"Financial education only; tax, investment, insurance, estate, and benefits decisions may require licensed or jurisdiction-specific advice.",Master competency,"Before: Why does this matter now, and what will I deliberately practice? During: What resistance, choice, or pattern appeared? After: What happened, what evidence changed, and what should I repeat or revise?"
"Dying, end-of-life choices, and accompaniment",04.08,268,Later,0.2272,0.5608,0.5946,0.4319,Not started,FALSE,"Mortality, Suffering, Tragedy, and Hope","Mortality, Suffering, Gratitude, and Hope",L04,0.45,"L04 Mortality, Suffering, Gratitude, and Hope (0.45); L28 Family, Parenting, and Caregiving (0.35); L03 Spirituality, Reverence, and Transcendence (0.10); L23 Communication and Listening (0.10)","Understand advance care, palliative care, grief, presence, unfinished relationships, and the dignity of dying persons.",Can prepare basic preferences and accompany serious illness without imposing false reassurance.,cross_context_core,cross_tradition_core_or_broadly_recurrent,receptivity; interdependence; transcendence,reflective_artifact; real_world_application; observer_feedback; longitudinal_review,,Master competency,"Before: Why does this matter now, and what will I deliberately practice? During: What resistance, choice, or pattern appeared? After: What happened, what evidence changed, and what should I repeat or revise?"
Classical and modern rhetoric,16.08,269,Later,0.227,0.5787,0.6222,0.4835,Not started,FALSE,"Communication, Rhetoric, and Social Intelligence",Communication and Listening,L23,0.45,"L23 Communication and Listening (0.45); L12 Critical Reasoning and Logic (0.25); L02 Values, Integrity, and Moral Courage (0.15); L31 Justice, Pluralism, and Social Responsibility (0.15)","Understand ethos, pathos, logos, framing, narrative, evidence, repetition, medium, and audience psychology.",Can analyze persuasion and create an argument without concealing material truth.,cross_context_core,cross_tradition_core_or_broadly_recurrent,agency; interdependence,performance_task; observer_feedback; artifact; longitudinal_review,,Master competency,"Before: Why does this matter now, and what will I deliberately practice? During: What resistance, choice, or pattern appeared? After: What happened, what evidence changed, and what should I repeat or revise?"
"Financial hardship, poverty, and constrained choice",23.11,270,Later,0.227,0.5625,0.5874,0.4569,Not started,FALSE,"Personal Finance, Provision, and Material Stewardship",Financial Stewardship and Provision,L21,0.35,"L21 Financial Stewardship and Provision (0.35); L31 Justice, Pluralism, and Social Responsibility (0.30); L11 Adaptability, Uncertainty, and Learning from Failure (0.15); L20 Safety, Risk, and Preparedness (0.10); L05 Self-Knowledge, Identity, and Humility (0.10)","Understand how scarcity, unstable income, debt traps, benefit cliffs, housing cost, disability, and caregiving restrict options.","Builds a realistic stabilization plan using assistance, negotiation, prioritization, and harm reduction rather than shame.",context_sensitive,cross_tradition_core_or_broadly_recurrent,agency; stewardship; interdependence,artifact; objective_indicator; behavioral_adherence; longitudinal_review,"Financial education only; tax, investment, insurance, estate, and benefits decisions may require licensed or jurisdiction-specific advice.",Master competency,"Before: Why does this matter now, and what will I deliberately practice? During: What resistance, choice, or pattern appeared? After: What happened, what evidence changed, and what should I repeat or revise?"
Multiple pathways to flourishing,27.14,271,Later,0.2255,0.5679,0.5893,0.4846,Not started,FALSE,"Integration, Life Design, Seasons, and Legacy","Life Design, Balance, and Seasonality",L36,0.35,"L36 Life Design, Balance, and Seasonality (0.35); L31 Justice, Pluralism, and Social Responsibility (0.30); L01 Purpose and Direction (0.20); L05 Self-Knowledge, Identity, and Humility (0.15)","Recognize that disability, culture, vocation, faith, family structure, and circumstance produce different legitimate expressions of capability and contribution.","Can define an equivalent pathway when a standard practice is inaccessible, inappropriate, or contrary to conscience.",cross_context_core,cross_tradition_core_or_broadly_recurrent,agency; receptivity; interdependence; stewardship,artifact; observer_feedback; longitudinal_review; outcome_indicator,,Master competency,"Before: Why does this matter now, and what will I deliberately practice? During: What resistance, choice, or pattern appeared? After: What happened, what evidence changed, and what should I repeat or revise?"
Conceptions of flourishing,01.01,272,Later,0.2254,0.5689,0.5907,0.4891,Not started,FALSE,"Meaning, Worldview, and Purpose",Purpose and Direction,L01,0.55,"L01 Purpose and Direction (0.55); L36 Life Design, Balance, and Seasonality (0.25); L02 Values, Integrity, and Moral Courage (0.20)","Study and compare major accounts of the good life—virtue, duty, consequence, freedom, faith, relationship, service, achievement, contentment, and self-actualization.","Can explain the strengths, limits, and practical implications of several competing accounts.",cross_context_core,cross_tradition_core_or_broadly_recurrent,agency; receptivity; transcendence,conceptual_explanation; artifact; longitudinal_review,,Master competency,"Before: Why does this matter now, and what will I deliberately practice? During: What resistance, choice, or pattern appeared? After: What happened, what evidence changed, and what should I repeat or revise?"
Anxiety and courageous exposure,07.04,273,Later,0.225,0.5689,0.5924,0.4804,Not started,FALSE,"Emotional Maturity, Resilience, and Mental Well-Being",Emotional Regulation and Resilience,L07,0.55,"L07 Emotional Regulation and Resilience (0.55); L11 Adaptability, Uncertainty, and Learning from Failure (0.25); L10 Discipline, Habits, and Follow-Through (0.20)",Approach worthwhile feared situations gradually while testing predictions and building tolerance.,Completes repeated exposures and compares feared outcomes with what actually occurred.,cross_context_core,cross_tradition_core_or_broadly_recurrent,agency; receptivity; interdependence,self_report; behavioral_adherence; observer_feedback; longitudinal_review,Not therapy or diagnosis; severe or persistent symptoms require qualified mental-health or medical care.,Master competency,"Before: Why does this matter now, and what will I deliberately practice? During: What resistance, choice, or pattern appeared? After: What happened, what evidence changed, and what should I repeat or revise?"
Chronic dysregulation and skill generalization,07.14,274,Later,0.225,0.5689,0.5924,0.4804,Not started,FALSE,"Emotional Maturity, Resilience, and Mental Well-Being",Emotional Regulation and Resilience,L07,0.55,"L07 Emotional Regulation and Resilience (0.55); L10 Discipline, Habits, and Follow-Through (0.20); L11 Adaptability, Uncertainty, and Learning from Failure (0.15); L08 Attention and Presence (0.10)","Practice regulation skills across different triggers, relationships, stress levels, and environments rather than only under ideal conditions.",Can use more than one strategy in real situations and identify when a strategy stops working.,cross_context_core,cross_tradition_core_or_broadly_recurrent,agency; receptivity; interdependence,self_report; behavioral_adherence; observer_feedback; longitudinal_review,Not therapy or diagnosis; severe or persistent symptoms require qualified mental-health or medical care.,Master competency,"Before: Why does this matter now, and what will I deliberately practice? During: What resistance, choice, or pattern appeared? After: What happened, what evidence changed, and what should I repeat or revise?"
Social insurance and shared risk,20.17,275,Later,0.225,0.5643,0.5914,0.4498,Not started,FALSE,"Community, Citizenship, Justice, and Nonviolent Action","Justice, Pluralism, and Social Responsibility",L31,0.35,"L31 Justice, Pluralism, and Social Responsibility (0.35); L30 Service, Citizenship, and Civic Agency (0.30); L22 Economic Agency, Entrepreneurship, and Market Literacy (0.20); L21 Financial Stewardship and Provision (0.15)","Understand why societies pool risks related to health, unemployment, disability, aging, disaster, and poverty.","Can evaluate a policy using adequacy, incentives, access, dignity, cost, and distribution.",cross_context_core,cross_tradition_core_or_broadly_recurrent,interdependence; stewardship; agency,conceptual_explanation; real_world_application; artifact; community_feedback,"Political and civic education only; protest, civil disobedience, and legal rights are jurisdiction-specific and can involve serious risk.",Master competency,"Before: Why does this matter now, and what will I deliberately practice? During: What resistance, choice, or pattern appeared? After: What happened, what evidence changed, and what should I repeat or revise?"
"Authority, tradition, conscience, and reform",03.11,276,Later,0.2249,0.5719,0.597,0.4873,Not started,FALSE,"Spirituality, Religion, Ritual, and Transcendence","Spirituality, Reverence, and Transcendence",L03,0.35,"L03 Spirituality, Reverence, and Transcendence (0.35); L31 Justice, Pluralism, and Social Responsibility (0.25); L02 Values, Integrity, and Moral Courage (0.20); L13 Evidence, Truth, and Epistemic Humility (0.20)","Discern how sacred texts, teachers, institutions, inherited practices, personal experience, and moral conscience should relate.","Can identify legitimate authority, possible abuse, and a principled process for obedience, dissent, or reform.",pathway_dependent,multiple_legitimate_pathways,receptivity; interdependence; transcendence,conceptual_explanation; behavioral_adherence; community_feedback; longitudinal_review,,Master competency,"Before: Why does this matter now, and what will I deliberately practice? During: What resistance, choice, or pattern appeared? After: What happened, what evidence changed, and what should I repeat or revise?"
Resilience and post-setback adaptation,07.12,277,Later,0.2242,0.5691,0.5928,0.475,Not started,FALSE,"Emotional Maturity, Resilience, and Mental Well-Being",Emotional Regulation and Resilience,L07,0.55,"L07 Emotional Regulation and Resilience (0.55); L11 Adaptability, Uncertainty, and Learning from Failure (0.30); L10 Discipline, Habits, and Follow-Through (0.15)","Separate facts, responsibility, lessons, support, recovery, and the next experiment after failure or disruption.",A setback produces a concrete adjustment and renewed attempt.,cross_context_core,cross_tradition_core_or_broadly_recurrent,agency; receptivity; interdependence,self_report; behavioral_adherence; observer_feedback; longitudinal_review,Not therapy or diagnosis; severe or persistent symptoms require qualified mental-health or medical care.,Master competency,"Before: Why does this matter now, and what will I deliberately practice? During: What resistance, choice, or pattern appeared? After: What happened, what evidence changed, and what should I repeat or revise?"
Stewardship of commons and environment,20.10,278,Later,0.2236,0.5678,0.5943,0.4634,Not started,FALSE,"Community, Citizenship, Justice, and Nonviolent Action","Justice, Pluralism, and Social Responsibility",L31,0.3,"L31 Justice, Pluralism, and Social Responsibility (0.30); L35 Nature, Exploration, and Adventure (0.30); L30 Service, Citizenship, and Civic Agency (0.20); L21 Financial Stewardship and Provision (0.20)","Care for public spaces, ecosystems, shared knowledge, institutional trust, and resources used by others.","Leaves a shared system more usable, resilient, or understood.",cross_context_core,cross_tradition_core_or_broadly_recurrent,interdependence; stewardship; agency,conceptual_explanation; real_world_application; artifact; community_feedback,"Political and civic education only; protest, civil disobedience, and legal rights are jurisdiction-specific and can involve serious risk.",Master competency,"Before: Why does this matter now, and what will I deliberately practice? During: What resistance, choice, or pattern appeared? After: What happened, what evidence changed, and what should I repeat or revise?"
"Business models, pricing, and unit economics",24.05,279,Later,0.2235,0.5671,0.5918,0.4559,Not started,FALSE,"Entrepreneurship, Markets, Economics, and Social Systems","Economic Agency, Entrepreneurship, and Market Literacy",L22,0.6,"L22 Economic Agency, Entrepreneurship, and Market Literacy (0.60); L21 Financial Stewardship and Provision (0.20); L14 Systems Thinking, Judgment, and Decision-Making (0.20)","Understand revenue, cost, margin, cash conversion, retention, acquisition, risk, and scalability.",Can explain whether an offer creates and captures enough value to remain viable.,role_conditional,role_conditional,agency; stewardship; interdependence,artifact; objective_indicator; real_world_application; longitudinal_review,"Business and economic education only; legal, tax, securities, employment, and regulatory questions require qualified advice.",Master competency,"Before: Why does this matter now, and what will I deliberately practice? During: What resistance, choice, or pattern appeared? After: What happened, what evidence changed, and what should I repeat or revise?"
Public discourse and information responsibility,20.09,280,Later,0.2233,0.5749,0.6042,0.4796,Not started,FALSE,"Community, Citizenship, Justice, and Nonviolent Action","Justice, Pluralism, and Social Responsibility",L31,0.3,"L31 Justice, Pluralism, and Social Responsibility (0.30); L23 Communication and Listening (0.25); L13 Evidence, Truth, and Epistemic Humility (0.25); L30 Service, Citizenship, and Civic Agency (0.20)","Consume and share news with verification, context, proportionality, and awareness of manipulation.",Can remain informed without becoming addicted to outrage or spreading weak claims.,cross_context_core,cross_tradition_core_or_broadly_recurrent,interdependence; stewardship; agency,conceptual_explanation; real_world_application; artifact; community_feedback,"Political and civic education only; protest, civil disobedience, and legal rights are jurisdiction-specific and can involve serious risk.",Master competency,"Before: Why does this matter now, and what will I deliberately practice? During: What resistance, choice, or pattern appeared? After: What happened, what evidence changed, and what should I repeat or revise?"
Chosen and inherited values,01.03,281,Later,0.2232,0.5674,0.5928,0.4609,Not started,FALSE,"Meaning, Worldview, and Purpose","Self-Knowledge, Identity, and Humility",L05,0.45,"L05 Self-Knowledge, Identity, and Humility (0.45); L02 Values, Integrity, and Moral Courage (0.40); L31 Justice, Pluralism, and Social Responsibility (0.15)","Trace important values to family, culture, religion, temperament, admiration, fear, experience, and deliberate reasoning.",Can distinguish inherited commitments from those consciously reaffirmed or rejected.,cross_context_core,cross_tradition_core_or_broadly_recurrent,agency; receptivity; transcendence,conceptual_explanation; artifact; longitudinal_review,,Master competency,"Before: Why does this matter now, and what will I deliberately practice? During: What resistance, choice, or pattern appeared? After: What happened, what evidence changed, and what should I repeat or revise?"
"Insurance, estate, and dependent protection",23.06,282,Later,0.2225,0.5684,0.5952,0.456,Not started,FALSE,"Personal Finance, Provision, and Material Stewardship",Financial Stewardship and Provision,L21,0.5,"L21 Financial Stewardship and Provision (0.50); L28 Family, Parenting, and Caregiving (0.20); L20 Safety, Risk, and Preparedness (0.15); L37 Legacy, Generativity, and Transmission (0.15)","Maintain suitable insurance, beneficiaries, powers, records, wills, and continuity plans.",Essential people can act if the individual is unavailable or incapacitated.,context_sensitive,cross_tradition_core_or_broadly_recurrent,agency; stewardship; interdependence,artifact; objective_indicator; behavioral_adherence; longitudinal_review,"Financial education only; tax, investment, insurance, estate, and benefits decisions may require licensed or jurisdiction-specific advice.",Master competency,"Before: Why does this matter now, and what will I deliberately practice? During: What resistance, choice, or pattern appeared? After: What happened, what evidence changed, and what should I repeat or revise?"
Self-compassion with standards,07.10,283,Later,0.2224,0.5715,0.5971,0.4766,Not started,FALSE,"Emotional Maturity, Resilience, and Mental Well-Being",Emotional Regulation and Resilience,L07,0.4,"L07 Emotional Regulation and Resilience (0.40); L05 Self-Knowledge, Identity, and Humility (0.30); L10 Discipline, Habits, and Follow-Through (0.20); L02 Values, Integrity, and Moral Courage (0.10)","Respond to suffering and failure with care while preserving accountability, effort, and consequences.",The internal response supports repair and renewed action rather than indulgence or punishment.,cross_context_core,cross_tradition_core_or_broadly_recurrent,agency; receptivity; interdependence,self_report; behavioral_adherence; observer_feedback; longitudinal_review,Not therapy or diagnosis; severe or persistent symptoms require qualified mental-health or medical care.,Master competency,"Before: Why does this matter now, and what will I deliberately practice? During: What resistance, choice, or pattern appeared? After: What happened, what evidence changed, and what should I repeat or revise?"
Dignity under limitation and loss of role,06.10,284,Later,0.2223,0.5644,0.5976,0.4247,Not started,FALSE,"Vulnerability, Trauma, Disability, Neurodiversity, and Dependency","Self-Knowledge, Identity, and Humility",L05,0.35,"L05 Self-Knowledge, Identity, and Humility (0.35); L04 Mortality, Suffering, Gratitude, and Hope (0.30); L01 Purpose and Direction (0.20); L31 Justice, Pluralism, and Social Responsibility (0.15)","Separate human worth from independence, productivity, cognition, appearance, or social usefulness.",Can sustain self-respect and relationship when a valued ability or role is reduced.,context_contingent,universally_relevant_as_literacy_but_conditionally_practiced,receptivity; interdependence; adaptation,self_report; qualified_assessment; artifact; observer_feedback; longitudinal_review,"Educational and developmental only; trauma, suicidality, abuse, psychosis, addiction, severe functional decline, and medical concerns require qualified professional or emergency support.",Master competency,"Before: Why does this matter now, and what will I deliberately practice? During: What resistance, choice, or pattern appeared? After: What happened, what evidence changed, and what should I repeat or revise?"
"Direction, vision, and priorities",22.02,285,Later,0.2216,0.5677,0.5914,0.4489,Not started,FALSE,"Leadership, Power, Mentorship, and Institutions","Leadership, Power, Mentorship, and Institutions",L33,0.4,"L33 Leadership, Power, Mentorship, and Institutions (0.40); L01 Purpose and Direction (0.25); L36 Life Design, Balance, and Seasonality (0.20); L14 Systems Thinking, Judgment, and Decision-Making (0.15)","Define a worthwhile future, explain why it matters, and translate it into limited priorities.",People understand both destination and immediate focus.,role_conditional,role_conditional,agency; stewardship; interdependence,observer_feedback; artifact; outcome_indicator; longitudinal_review,,Master competency,"Before: Why does this matter now, and what will I deliberately practice? During: What resistance, choice, or pattern appeared? After: What happened, what evidence changed, and what should I repeat or revise?"
"Global trade, development, and supply chains",24.14,286,Later,0.2216,0.57,0.5962,0.4562,Not started,FALSE,"Entrepreneurship, Markets, Economics, and Social Systems","Economic Agency, Entrepreneurship, and Market Literacy",L22,0.4,"L22 Economic Agency, Entrepreneurship, and Market Literacy (0.40); L31 Justice, Pluralism, and Social Responsibility (0.25); L14 Systems Thinking, Judgment, and Decision-Making (0.20); L30 Service, Citizenship, and Civic Agency (0.15)","Understand comparative advantage, labor conditions, logistics, resilience, sanctions, exchange, and unequal bargaining power.",Can trace a product or policy through major cross-border dependencies and ethical tradeoffs.,role_conditional,role_conditional,agency; stewardship; interdependence,artifact; objective_indicator; real_world_application; longitudinal_review,"Business and economic education only; legal, tax, securities, employment, and regulatory questions require qualified advice.",Master competency,"Before: Why does this matter now, and what will I deliberately practice? During: What resistance, choice, or pattern appeared? After: What happened, what evidence changed, and what should I repeat or revise?"
Pain literacy and safe response,12.16,287,Later,0.2211,0.569,0.5951,0.4404,Not started,FALSE,"Physical Health, Fitness, and Embodiment","Physical Health, Vitality, and Embodiment",L17,0.6,"L17 Physical Health, Vitality, and Embodiment (0.60); L20 Safety, Risk, and Preparedness (0.20); L07 Emotional Regulation and Resilience (0.10); L13 Evidence, Truth, and Epistemic Humility (0.10)","Distinguish soreness, acute injury, chronic pain, referred symptoms, red flags, and fear-driven avoidance.",Uses appropriate load modification and professional evaluation rather than reckless persistence or total withdrawal.,cross_context_core,cross_tradition_core_or_broadly_recurrent,agency; adaptation; stewardship,objective_indicator; behavioral_adherence; qualified_assessment; longitudinal_review,Health and exercise content must be adapted to the person and does not replace licensed medical care.,Master competency,"Before: Why does this matter now, and what will I deliberately practice? During: What resistance, choice, or pattern appeared? After: What happened, what evidence changed, and what should I repeat or revise?"
Receiving as well as achieving,27.15,288,Later,0.2211,0.5733,0.6007,0.4634,Not started,FALSE,"Integration, Life Design, Seasons, and Legacy","Life Design, Balance, and Seasonality",L36,0.35,"L36 Life Design, Balance, and Seasonality (0.35); L04 Mortality, Suffering, Gratitude, and Hope (0.25); L05 Self-Knowledge, Identity, and Humility (0.20); L28 Family, Parenting, and Caregiving (0.10); L34 Play, Rest, Celebration, and Joy (0.10)","Integrate grace, dependence, inheritance, help, contemplation, celebration, and care into a model otherwise oriented toward action.","A life review names what was received and how to respond, not only what was accomplished.",cross_context_core,cross_tradition_core_or_broadly_recurrent,agency; receptivity; interdependence; stewardship,artifact; observer_feedback; longitudinal_review; outcome_indicator,,Master competency,"Before: Why does this matter now, and what will I deliberately practice? During: What resistance, choice, or pattern appeared? After: What happened, what evidence changed, and what should I repeat or revise?"
"Review, measurement, and adaptation",11.09,289,Later,0.2207,0.5804,0.6045,0.5127,Not started,FALSE,"Time, Priorities, Goals, and Execution","Discipline, Habits, and Follow-Through",L10,0.35,"L10 Discipline, Habits, and Follow-Through (0.35); L14 Systems Thinking, Judgment, and Decision-Making (0.30); L11 Adaptability, Uncertainty, and Learning from Failure (0.20); L36 Life Design, Balance, and Seasonality (0.15)","Compare outcomes with plans, identify causes, and revise methods rather than merely judging success or failure.",Regular reviews produce decisions and changed behavior.,cross_context_core,cross_tradition_core_or_broadly_recurrent,agency; stewardship,artifact; behavioral_adherence; objective_indicator; longitudinal_review,,Master competency,"Before: Why does this matter now, and what will I deliberately practice? During: What resistance, choice, or pattern appeared? After: What happened, what evidence changed, and what should I repeat or revise?"
Mental-health literacy and help-seeking,07.13,290,Later,0.22,0.5734,0.5984,0.4547,Not started,FALSE,"Emotional Maturity, Resilience, and Mental Well-Being",Emotional Regulation and Resilience,L07,0.35,"L07 Emotional Regulation and Resilience (0.35); L17 Physical Health, Vitality, and Embodiment (0.25); L25 Boundaries, Assertiveness, and Self-Respect (0.20); L13 Evidence, Truth, and Epistemic Humility (0.20)","Recognize the limits of self-help and signs requiring medical, psychological, spiritual, legal, or emergency support.",Maintains a practical support plan and uses qualified help when functioning or safety is impaired.,cross_context_core,cross_tradition_core_or_broadly_recurrent,agency; receptivity; interdependence,self_report; behavioral_adherence; observer_feedback; longitudinal_review,Not therapy or diagnosis; severe or persistent symptoms require qualified mental-health or medical care.,Master competency,"Before: Why does this matter now, and what will I deliberately practice? During: What resistance, choice, or pattern appeared? After: What happened, what evidence changed, and what should I repeat or revise?"
Coherence without rigidity,27.09,291,Later,0.2197,0.5759,0.5991,0.4887,Not started,FALSE,"Integration, Life Design, Seasons, and Legacy","Life Design, Balance, and Seasonality",L36,0.45,"L36 Life Design, Balance, and Seasonality (0.45); L11 Adaptability, Uncertainty, and Learning from Failure (0.25); L05 Self-Knowledge, Identity, and Humility (0.15); L01 Purpose and Direction (0.15)","Integrate principles into a stable identity while remaining capable of revision, surprise, and growth.",Can change a method or belief without losing the larger moral direction of life.,cross_context_core,cross_tradition_core_or_broadly_recurrent,agency; receptivity; interdependence; stewardship,artifact; observer_feedback; longitudinal_review; outcome_indicator,,Master competency,"Before: Why does this matter now, and what will I deliberately practice? During: What resistance, choice, or pattern appeared? After: What happened, what evidence changed, and what should I repeat or revise?"
Anti-corruption and conflicts of interest,22.13,292,Later,0.219,0.5721,0.5992,0.4481,Not started,FALSE,"Leadership, Power, Mentorship, and Institutions","Leadership, Power, Mentorship, and Institutions",L33,0.3,"L33 Leadership, Power, Mentorship, and Institutions (0.30); L31 Justice, Pluralism, and Social Responsibility (0.30); L02 Values, Integrity, and Moral Courage (0.25); L13 Evidence, Truth, and Epistemic Humility (0.15)","Recognize bribery, favoritism, self-dealing, undisclosed interests, procurement abuse, and normalization of small violations.","Uses disclosure, recusal, separation of duties, audit, and enforcement appropriate to the risk.",role_conditional,role_conditional,agency; stewardship; interdependence,observer_feedback; artifact; outcome_indicator; longitudinal_review,,Master competency,"Before: Why does this matter now, and what will I deliberately practice? During: What resistance, choice, or pattern appeared? After: What happened, what evidence changed, and what should I repeat or revise?"
Feedback and disconfirmation,05.07,293,Later,0.2189,0.5749,0.6045,0.4493,Not started,FALSE,"Self-Knowledge, Identity, and Humility","Self-Knowledge, Identity, and Humility",L05,0.4,"L05 Self-Knowledge, Identity, and Humility (0.40); L13 Evidence, Truth, and Epistemic Humility (0.30); L15 Learning Agility, Memory, and Teaching (0.20); L23 Communication and Listening (0.10)","Invite observations about the gap between intention and impact, especially from people who are safe but not deferential.",Can summarize feedback accurately and test a change without immediate rebuttal.,cross_context_core,cross_tradition_core_or_broadly_recurrent,agency; receptivity; interdependence,self_report; observer_feedback; artifact; longitudinal_review,,Master competency,"Before: Why does this matter now, and what will I deliberately practice? During: What resistance, choice, or pattern appeared? After: What happened, what evidence changed, and what should I repeat or revise?"
Annual reckoning and recommitment,27.12,294,Later,0.2187,0.5814,0.6052,0.5148,Not started,FALSE,"Integration, Life Design, Seasons, and Legacy","Life Design, Balance, and Seasonality",L36,0.5,"L36 Life Design, Balance, and Seasonality (0.50); L05 Self-Knowledge, Identity, and Humility (0.20); L10 Discipline, Habits, and Follow-Through (0.20); L01 Purpose and Direction (0.10)","Review who was becoming, what was served, where harm occurred, what changed, and what the next season requires.",Produces an honest annual account and a limited set of renewed commitments.,cross_context_core,cross_tradition_core_or_broadly_recurrent,agency; receptivity; interdependence; stewardship,artifact; observer_feedback; longitudinal_review; outcome_indicator,,Master competency,"Before: Why does this matter now, and what will I deliberately practice? During: What resistance, choice, or pattern appeared? After: What happened, what evidence changed, and what should I repeat or revise?"
Integrity across contexts,02.12,295,Later,0.2185,0.5809,0.6071,0.5072,Not started,FALSE,"Ethics, Virtue, and Integrity","Values, Integrity, and Moral Courage",L02,0.7,"L02 Values, Integrity, and Moral Courage (0.70); L10 Discipline, Habits, and Follow-Through (0.20); L05 Self-Knowledge, Identity, and Humility (0.10)","Align private behavior, public claims, means, ends, incentives, and identity.","Conduct remains recognizably principled when unobserved, pressured, rewarded, or tempted.",cross_context_core,cross_tradition_core_or_broadly_recurrent,agency; interdependence; stewardship,conceptual_explanation; real_world_application; observer_feedback; longitudinal_review,,Master competency,"Before: Why does this matter now, and what will I deliberately practice? During: What resistance, choice, or pattern appeared? After: What happened, what evidence changed, and what should I repeat or revise?"
Institutional capture and concentrated power,22.14,296,Later,0.2185,0.5724,0.5989,0.4444,Not started,FALSE,"Leadership, Power, Mentorship, and Institutions","Justice, Pluralism, and Social Responsibility",L31,0.4,"L31 Justice, Pluralism, and Social Responsibility (0.40); L33 Leadership, Power, Mentorship, and Institutions (0.30); L14 Systems Thinking, Judgment, and Decision-Making (0.20); L13 Evidence, Truth, and Epistemic Humility (0.10)","Understand how regulators, boards, professions, parties, donors, or leaders can become controlled by the interests they should govern.","Can identify capture mechanisms and propose checks, transparency, rotation, or countervailing power.",role_conditional,role_conditional,agency; stewardship; interdependence,observer_feedback; artifact; outcome_indicator; longitudinal_review,,Master competency,"Before: Why does this matter now, and what will I deliberately practice? During: What resistance, choice, or pattern appeared? After: What happened, what evidence changed, and what should I repeat or revise?"
Roles and responsibility portfolio,27.04,297,Later,0.2183,0.5814,0.6066,0.5064,Not started,FALSE,"Integration, Life Design, Seasons, and Legacy","Life Design, Balance, and Seasonality",L36,0.45,"L36 Life Design, Balance, and Seasonality (0.45); L28 Family, Parenting, and Caregiving (0.15); L32 Work, Craft, Professionalism, and Contribution (0.15); L30 Service, Citizenship, and Civic Agency (0.15); L01 Purpose and Direction (0.10)","Clarify obligations as individual, partner, relative, friend, worker, citizen, caregiver, and community member.",Can identify neglected roles and limits rather than allowing the loudest role to consume all others.,cross_context_core,cross_tradition_core_or_broadly_recurrent,agency; receptivity; interdependence; stewardship,artifact; observer_feedback; longitudinal_review; outcome_indicator,,Master competency,"Before: Why does this matter now, and what will I deliberately practice? During: What resistance, choice, or pattern appeared? After: What happened, what evidence changed, and what should I repeat or revise?"
Meaning after disillusionment,01.10,298,Later,0.218,0.5706,0.6083,0.4238,Not started,FALSE,"Meaning, Worldview, and Purpose","Mortality, Suffering, Gratitude, and Hope",L04,0.45,"L04 Mortality, Suffering, Gratitude, and Hope (0.45); L01 Purpose and Direction (0.35); L11 Adaptability, Uncertainty, and Learning from Failure (0.20)","Reconstruct meaning when success, institutions, relationships, faith, or prior identity no longer sustain the life story.","Can name what failed, what remains true, and a next commitment that does not depend on restoring the old certainty.",cross_context_core,cross_tradition_core_or_broadly_recurrent,agency; receptivity; transcendence,conceptual_explanation; artifact; longitudinal_review,,Master competency,"Before: Why does this matter now, and what will I deliberately practice? During: What resistance, choice, or pattern appeared? After: What happened, what evidence changed, and what should I repeat or revise?"
"Rights, duties, law, and civil liberty",20.03,299,Later,0.2177,0.5763,0.6059,0.4612,Not started,FALSE,"Community, Citizenship, Justice, and Nonviolent Action","Justice, Pluralism, and Social Responsibility",L31,0.55,"L31 Justice, Pluralism, and Social Responsibility (0.55); L30 Service, Citizenship, and Civic Agency (0.25); L02 Values, Integrity, and Moral Courage (0.10); L13 Evidence, Truth, and Epistemic Humility (0.10)","Understand basic legal rights, due process, obligations, and tensions between freedom, safety, and order.","Can defend rights consistently, including for disliked groups.",cross_context_core,cross_tradition_core_or_broadly_recurrent,interdependence; stewardship; agency,conceptual_explanation; real_world_application; artifact; community_feedback,"Political and civic education only; protest, civil disobedience, and legal rights are jurisdiction-specific and can involve serious risk.",Master competency,"Before: Why does this matter now, and what will I deliberately practice? During: What resistance, choice, or pattern appeared? After: What happened, what evidence changed, and what should I repeat or revise?"
Receiving care and seasons of reduced agency,06.08,300,Later,0.2176,0.5729,0.6046,0.4434,Not started,FALSE,"Vulnerability, Trauma, Disability, Neurodiversity, and Dependency","Family, Parenting, and Caregiving",L28,0.35,"L28 Family, Parenting, and Caregiving (0.35); L04 Mortality, Suffering, Gratitude, and Hope (0.25); L05 Self-Knowledge, Identity, and Humility (0.20); L36 Life Design, Balance, and Seasonality (0.20)","Practice being cared for during illness, injury, grief, unemployment, aging, or crisis while maintaining communication and consent.",Can accept appropriate dependence and participate in decisions to the extent possible.,context_contingent,universally_relevant_as_literacy_but_conditionally_practiced,receptivity; interdependence; adaptation,self_report; qualified_assessment; artifact; observer_feedback; longitudinal_review,"Educational and developmental only; trauma, suicidality, abuse, psychosis, addiction, severe functional decline, and medical concerns require qualified professional or emergency support.",Master competency,"Before: Why does this matter now, and what will I deliberately practice? During: What resistance, choice, or pattern appeared? After: What happened, what evidence changed, and what should I repeat or revise?"
Online communication and community conduct,14.10,301,Later,0.2174,0.5851,0.6162,0.5028,Not started,FALSE,"Digital Life, Media, AI, and Information Security","Digital Agency, Media Literacy, and Security",L19,0.45,"L19 Digital Agency, Media Literacy, and Security (0.45); L23 Communication and Listening (0.25); L31 Justice, Pluralism, and Social Responsibility (0.20); L02 Values, Integrity, and Moral Courage (0.10)","Apply consent, privacy, context, permanence, moderation, and de-escalation in online spaces.","Participates without harassment, pile-ons, deceptive identity use, or careless disclosure.",cross_context_core,cross_tradition_core_or_broadly_recurrent,agency; stewardship; interdependence,performance_task; artifact; behavioral_adherence; longitudinal_review,,Master competency,"Before: Why does this matter now, and what will I deliberately practice? During: What resistance, choice, or pattern appeared? After: What happened, what evidence changed, and what should I repeat or revise?"
Behavioral definitions of virtue,02.03,302,Later,0.2166,0.5822,0.6093,0.501,Not started,FALSE,"Ethics, Virtue, and Integrity","Values, Integrity, and Moral Courage",L02,0.7,"L02 Values, Integrity, and Moral Courage (0.70); L10 Discipline, Habits, and Follow-Through (0.15); L05 Self-Knowledge, Identity, and Humility (0.15)","Define virtues such as courage, honesty, justice, temperance, compassion, humility, loyalty, patience, and wisdom in observable terms.","Can distinguish each virtue from its excess, deficiency, and counterfeit.",cross_context_core,cross_tradition_core_or_broadly_recurrent,agency; interdependence; stewardship,conceptual_explanation; real_world_application; observer_feedback; longitudinal_review,,Master competency,"Before: Why does this matter now, and what will I deliberately practice? During: What resistance, choice, or pattern appeared? After: What happened, what evidence changed, and what should I repeat or revise?"
Goals as experiments,27.06,303,Later,0.2154,0.5865,0.6112,0.5153,Not started,FALSE,"Integration, Life Design, Seasons, and Legacy","Life Design, Balance, and Seasonality",L36,0.4,"L36 Life Design, Balance, and Seasonality (0.40); L11 Adaptability, Uncertainty, and Learning from Failure (0.25); L10 Discipline, Habits, and Follow-Through (0.20); L14 Systems Thinking, Judgment, and Decision-Making (0.15)","Treat major pursuits as hypotheses with measures, time limits, assumptions, and learning questions.","Can continue, adapt, or stop without turning revision into identity failure.",cross_context_core,cross_tradition_core_or_broadly_recurrent,agency; receptivity; interdependence; stewardship,artifact; observer_feedback; longitudinal_review; outcome_indicator,,Master competency,"Before: Why does this matter now, and what will I deliberately practice? During: What resistance, choice, or pattern appeared? After: What happened, what evidence changed, and what should I repeat or revise?"
Life review and philosophical revision,01.09,304,Later,0.2141,0.584,0.6097,0.495,Not started,FALSE,"Meaning, Worldview, and Purpose","Life Design, Balance, and Seasonality",L36,0.5,"L36 Life Design, Balance, and Seasonality (0.50); L05 Self-Knowledge, Identity, and Humility (0.25); L01 Purpose and Direction (0.25)",Review whether daily life still reflects stated beliefs and revise the philosophy when experience exposes contradictions.,Maintains a recurring review that produces actual changes in priorities or conduct.,cross_context_core,cross_tradition_core_or_broadly_recurrent,agency; receptivity; transcendence,conceptual_explanation; artifact; longitudinal_review,,Master competency,"Before: Why does this matter now, and what will I deliberately practice? During: What resistance, choice, or pattern appeared? After: What happened, what evidence changed, and what should I repeat or revise?"
"Irreversibility, remorse, and living after the unfixable",04.10,305,Later,0.2137,0.5816,0.6205,0.4518,Not started,FALSE,"Mortality, Suffering, Tragedy, and Hope","Mortality, Suffering, Gratitude, and Hope",L04,0.45,"L04 Mortality, Suffering, Gratitude, and Hope (0.45); L29 Conflict, Repair, Forgiveness, and Reconciliation (0.25); L07 Emotional Regulation and Resilience (0.15); L02 Values, Integrity, and Moral Courage (0.15)","Learn how to continue when restitution is incomplete, opportunities are gone, or consequences cannot be undone.","Can accept permanent consequence while continuing responsibility, service, and moral growth.",cross_context_core,cross_tradition_core_or_broadly_recurrent,receptivity; interdependence; transcendence,reflective_artifact; real_world_application; observer_feedback; longitudinal_review,,Master competency,"Before: Why does this matter now, and what will I deliberately practice? During: What resistance, choice, or pattern appeared? After: What happened, what evidence changed, and what should I repeat or revise?"
An honest personal inventory,05.01,306,Later,0.2136,0.5779,0.6095,0.4412,Not started,FALSE,"Self-Knowledge, Identity, and Humility","Self-Knowledge, Identity, and Humility",L05,0.75,"L05 Self-Knowledge, Identity, and Humility (0.75); L13 Evidence, Truth, and Epistemic Humility (0.15); L36 Life Design, Balance, and Seasonality (0.10)","Document strengths, weaknesses, fears, wounds, privileges, habits, obligations, dependencies, and recurring outcomes.",The inventory includes concrete evidence and truths that are neither flattering nor catastrophizing.,cross_context_core,cross_tradition_core_or_broadly_recurrent,agency; receptivity; interdependence,self_report; observer_feedback; artifact; longitudinal_review,,Master competency,"Before: Why does this matter now, and what will I deliberately practice? During: What resistance, choice, or pattern appeared? After: What happened, what evidence changed, and what should I repeat or revise?"
"Business, markets, and economics",24.03,307,Later,0.2135,0.5814,0.6109,0.4558,Not started,FALSE,"Entrepreneurship, Markets, Economics, and Social Systems","Economic Agency, Entrepreneurship, and Market Literacy",L22,0.65,"L22 Economic Agency, Entrepreneurship, and Market Literacy (0.65); L14 Systems Thinking, Judgment, and Decision-Making (0.20); L13 Evidence, Truth, and Epistemic Humility (0.15)","Understand incentives, competition, pricing, marketing, operations, accounting, macroeconomics, and regulation.",Can reason about a business or market beyond slogans and revenue alone.,role_conditional,role_conditional,agency; stewardship; interdependence,artifact; objective_indicator; real_world_application; longitudinal_review,"Business and economic education only; legal, tax, securities, employment, and regulatory questions require qualified advice.",Master competency,"Before: Why does this matter now, and what will I deliberately practice? During: What resistance, choice, or pattern appeared? After: What happened, what evidence changed, and what should I repeat or revise?"
Situational awareness,15.03,308,Later,0.2134,0.5894,0.6257,0.4816,Not started,FALSE,"Safety, Preparedness, Risk, and Mutual Aid","Safety, Risk, and Preparedness",L20,0.65,"L20 Safety, Risk, and Preparedness (0.65); L08 Attention and Presence (0.20); L24 Empathy, Social Perception, and Perspective-Taking (0.15)","Observe environment, exits, people, hazards, anomalies, and changes without living in paranoia.",Notices relevant risk early while remaining socially and emotionally functional.,context_contingent,universally_relevant_as_literacy_but_conditionally_practiced,agency; interdependence; stewardship,certification; performance_task; artifact; observer_feedback,"Hands-on safety, medical, aquatic, survival, and defensive skills require qualified instruction and compliance with local law.",Master competency,"Before: Why does this matter now, and what will I deliberately practice? During: What resistance, choice, or pattern appeared? After: What happened, what evidence changed, and what should I repeat or revise?"
Generosity and responsible provision,23.08,309,Later,0.2131,0.5809,0.6129,0.4597,Not started,FALSE,"Personal Finance, Provision, and Material Stewardship",Financial Stewardship and Provision,L21,0.4,"L21 Financial Stewardship and Provision (0.40); L30 Service, Citizenship, and Civic Agency (0.25); L28 Family, Parenting, and Caregiving (0.20); L02 Values, Integrity, and Moral Courage (0.15)","Share money, access, knowledge, and opportunity sustainably while meeting legitimate obligations.",Giving responds to real need and does not create hidden resentment or dependence.,context_sensitive,cross_tradition_core_or_broadly_recurrent,agency; stewardship; interdependence,artifact; objective_indicator; behavioral_adherence; longitudinal_review,"Financial education only; tax, investment, insurance, estate, and benefits decisions may require licensed or jurisdiction-specific advice.",Master competency,"Before: Why does this matter now, and what will I deliberately practice? During: What resistance, choice, or pattern appeared? After: What happened, what evidence changed, and what should I repeat or revise?"
Debt and credit,23.04,310,Later,0.2129,0.5844,0.6147,0.4799,Not started,FALSE,"Personal Finance, Provision, and Material Stewardship",Financial Stewardship and Provision,L21,0.7,"L21 Financial Stewardship and Provision (0.70); L14 Systems Thinking, Judgment, and Decision-Making (0.15); L09 Temperance and Desire Governance (0.15)","Evaluate purpose, terms, total cost, leverage, collateral, default risk, and repayment.",Can justify each debt and maintain a credible exit plan.,context_sensitive,cross_tradition_core_or_broadly_recurrent,agency; stewardship; interdependence,artifact; objective_indicator; behavioral_adherence; longitudinal_review,"Financial education only; tax, investment, insurance, estate, and benefits decisions may require licensed or jurisdiction-specific advice.",Master competency,"Before: Why does this matter now, and what will I deliberately practice? During: What resistance, choice, or pattern appeared? After: What happened, what evidence changed, and what should I repeat or revise?"
Endurance without self-optimization,04.06,311,Later,0.2124,0.5805,0.6184,0.4289,Not started,FALSE,"Mortality, Suffering, Tragedy, and Hope","Mortality, Suffering, Gratitude, and Hope",L04,0.45,"L04 Mortality, Suffering, Gratitude, and Hope (0.45); L07 Emotional Regulation and Resilience (0.30); L05 Self-Knowledge, Identity, and Humility (0.15); L34 Play, Rest, Celebration, and Joy (0.10)","Learn forms of patience, lament, companionship, rest, and faithfulness appropriate when improvement is slow or impossible.",Can remain present and humane during a season that cannot be converted into a productivity project.,cross_context_core,cross_tradition_core_or_broadly_recurrent,receptivity; interdependence; transcendence,reflective_artifact; real_world_application; observer_feedback; longitudinal_review,,Master competency,"Before: Why does this matter now, and what will I deliberately practice? During: What resistance, choice, or pattern appeared? After: What happened, what evidence changed, and what should I repeat or revise?"
Civil disobedience and principled lawbreaking,20.15,312,Later,0.212,0.5839,0.6166,0.4665,Not started,FALSE,"Community, Citizenship, Justice, and Nonviolent Action","Justice, Pluralism, and Social Responsibility",L31,0.4,"L31 Justice, Pluralism, and Social Responsibility (0.40); L30 Service, Citizenship, and Civic Agency (0.30); L02 Values, Integrity, and Moral Courage (0.20); L20 Safety, Risk, and Preparedness (0.10)","Examine when public, conscientious breach of law may be justified and how proportionality, nonviolence, transparency, and accountability matter.",Can distinguish principled civil disobedience from opportunistic rule-breaking in a case analysis.,cross_context_core,cross_tradition_core_or_broadly_recurrent,interdependence; stewardship; agency,conceptual_explanation; real_world_application; artifact; community_feedback,"Political and civic education only; protest, civil disobedience, and legal rights are jurisdiction-specific and can involve serious risk.",Master competency,"Before: Why does this matter now, and what will I deliberately practice? During: What resistance, choice, or pattern appeared? After: What happened, what evidence changed, and what should I repeat or revise?"
Self-protection and lawful force,15.05,313,Later,0.2117,0.5875,0.6206,0.4751,Not started,FALSE,"Safety, Preparedness, Risk, and Mutual Aid","Safety, Risk, and Preparedness",L20,0.55,"L20 Safety, Risk, and Preparedness (0.55); L25 Boundaries, Assertiveness, and Self-Respect (0.20); L31 Justice, Pluralism, and Social Responsibility (0.15); L09 Temperance and Desire Governance (0.10)","Understand avoidance, physical defense, local law, moral limits, and aftermath.",Has realistic training and a clear threshold for action rather than fantasy or bravado.,context_contingent,universally_relevant_as_literacy_but_conditionally_practiced,agency; interdependence; stewardship,certification; performance_task; artifact; observer_feedback,"Hands-on safety, medical, aquatic, survival, and defensive skills require qualified instruction and compliance with local law.",Master competency,"Before: Why does this matter now, and what will I deliberately practice? During: What resistance, choice, or pattern appeared? After: What happened, what evidence changed, and what should I repeat or revise?"
Personality as hypothesis,05.04,314,Later,0.2115,0.5809,0.6143,0.4359,Not started,FALSE,"Self-Knowledge, Identity, and Humility","Self-Knowledge, Identity, and Humility",L05,0.6,"L05 Self-Knowledge, Identity, and Humility (0.60); L13 Evidence, Truth, and Epistemic Humility (0.25); L11 Adaptability, Uncertainty, and Learning from Failure (0.15)","Use temperament, attachment, MBTI, Enneagram, Big Five, or other models as provisional lenses rather than fixed identity.","Can name useful predictions, failures of the model, and one opposite capacity to practice.",cross_context_core,cross_tradition_core_or_broadly_recurrent,agency; receptivity; interdependence,self_report; observer_feedback; artifact; longitudinal_review,,Master competency,"Before: Why does this matter now, and what will I deliberately practice? During: What resistance, choice, or pattern appeared? After: What happened, what evidence changed, and what should I repeat or revise?"
Travel and unfamiliar-environment safety,15.08,315,Later,0.2097,0.5928,0.6289,0.4834,Not started,FALSE,"Safety, Preparedness, Risk, and Mutual Aid","Safety, Risk, and Preparedness",L20,0.55,"L20 Safety, Risk, and Preparedness (0.55); L35 Nature, Exploration, and Adventure (0.25); L11 Adaptability, Uncertainty, and Learning from Failure (0.10); L24 Empathy, Social Perception, and Perspective-Taking (0.10)","Research local laws, culture, health, transport, scams, communication, documents, and contingency plans.",Can travel with proportionate preparation and recover from common disruptions.,context_contingent,universally_relevant_as_literacy_but_conditionally_practiced,agency; interdependence; stewardship,certification; performance_task; artifact; observer_feedback,"Hands-on safety, medical, aquatic, survival, and defensive skills require qualified instruction and compliance with local law.",Master competency,"Before: Why does this matter now, and what will I deliberately practice? During: What resistance, choice, or pattern appeared? After: What happened, what evidence changed, and what should I repeat or revise?"
Personal operating reviews,27.05,316,Later,0.2097,0.5951,0.6224,0.5245,Not started,FALSE,"Integration, Life Design, Seasons, and Legacy","Life Design, Balance, and Seasonality",L36,0.45,"L36 Life Design, Balance, and Seasonality (0.45); L10 Discipline, Habits, and Follow-Through (0.25); L05 Self-Knowledge, Identity, and Humility (0.15); L14 Systems Thinking, Judgment, and Decision-Making (0.15)","Review commitments, health, relationships, money, learning, work, service, and direction at sustainable intervals.","Reviews produce decisions, scheduled actions, and removed obligations.",cross_context_core,cross_tradition_core_or_broadly_recurrent,agency; receptivity; interdependence; stewardship,artifact; observer_feedback; longitudinal_review; outcome_indicator,,Master competency,"Before: Why does this matter now, and what will I deliberately practice? During: What resistance, choice, or pattern appeared? After: What happened, what evidence changed, and what should I repeat or revise?"
Defenses and self-deception,05.05,317,Later,0.2092,0.5846,0.6186,0.4374,Not started,FALSE,"Self-Knowledge, Identity, and Humility","Self-Knowledge, Identity, and Humility",L05,0.55,"L05 Self-Knowledge, Identity, and Humility (0.55); L13 Evidence, Truth, and Epistemic Humility (0.30); L06 Emotional Awareness and Literacy (0.15)","Recognize avoidance, rationalization, blame, perfectionism, control, withdrawal, intellectualization, and performative humility.",Catches one defense in real time and chooses a more honest response.,cross_context_core,cross_tradition_core_or_broadly_recurrent,agency; receptivity; interdependence,self_report; observer_feedback; artifact; longitudinal_review,,Master competency,"Before: Why does this matter now, and what will I deliberately practice? During: What resistance, choice, or pattern appeared? After: What happened, what evidence changed, and what should I repeat or revise?"
"Suffering, evil, and lament",04.01,318,Later,0.2091,0.583,0.6285,0.422,Not started,FALSE,"Mortality, Suffering, Tragedy, and Hope","Mortality, Suffering, Gratitude, and Hope",L04,0.65,"L04 Mortality, Suffering, Gratitude, and Hope (0.65); L03 Spirituality, Reverence, and Transcendence (0.20); L06 Emotional Awareness and Literacy (0.15)","Develop an honest response to pain, injustice, tragedy, apparent meaninglessness, and unanswered prayer.",Can lament without denial and continue acting without requiring a simplistic explanation.,cross_context_core,cross_tradition_core_or_broadly_recurrent,receptivity; interdependence; transcendence,reflective_artifact; real_world_application; observer_feedback; longitudinal_review,,Master competency,"Before: Why does this matter now, and what will I deliberately practice? During: What resistance, choice, or pattern appeared? After: What happened, what evidence changed, and what should I repeat or revise?"
Goal definition and success criteria,11.03,319,Later,0.2083,0.5998,0.6274,0.5392,Not started,FALSE,"Time, Priorities, Goals, and Execution","Life Design, Balance, and Seasonality",L36,0.4,"L36 Life Design, Balance, and Seasonality (0.40); L10 Discipline, Habits, and Follow-Through (0.35); L14 Systems Thinking, Judgment, and Decision-Making (0.25)","Translate aspirations into specific outcomes, constraints, measures, and reasons.",A goal is clear enough to know whether it was achieved and whether it remains worth pursuing.,cross_context_core,cross_tradition_core_or_broadly_recurrent,agency; stewardship,artifact; behavioral_adherence; objective_indicator; longitudinal_review,,Master competency,"Before: Why does this matter now, and what will I deliberately practice? During: What resistance, choice, or pattern appeared? After: What happened, what evidence changed, and what should I repeat or revise?"
Workplace and activity-specific safety,15.14,320,Later,0.2082,0.598,0.6353,0.5092,Not started,FALSE,"Safety, Preparedness, Risk, and Mutual Aid","Safety, Risk, and Preparedness",L20,0.6,"L20 Safety, Risk, and Preparedness (0.60); L32 Work, Craft, Professionalism, and Contribution (0.25); L10 Discipline, Habits, and Follow-Through (0.15)","Learn hazard analysis, protective equipment, lockout or isolation, ergonomics, reporting, and stop-work responsibility.",Identifies hazards before work and can halt unsafe activity without normalization of deviance.,context_contingent,universally_relevant_as_literacy_but_conditionally_practiced,agency; interdependence; stewardship,certification; performance_task; artifact; observer_feedback,"Hands-on safety, medical, aquatic, survival, and defensive skills require qualified instruction and compliance with local law.",Master competency,"Before: Why does this matter now, and what will I deliberately practice? During: What resistance, choice, or pattern appeared? After: What happened, what evidence changed, and what should I repeat or revise?"
Emergency reserves and liquidity,23.03,321,Later,0.208,0.5919,0.6269,0.4843,Not started,FALSE,"Personal Finance, Provision, and Material Stewardship",Financial Stewardship and Provision,L21,0.6,"L21 Financial Stewardship and Provision (0.60); L20 Safety, Risk, and Preparedness (0.25); L10 Discipline, Habits, and Follow-Through (0.15)",Estimate foreseeable disruptions and build accessible reserves.,Common emergencies no longer require immediate panic or high-cost debt.,context_sensitive,cross_tradition_core_or_broadly_recurrent,agency; stewardship; interdependence,artifact; objective_indicator; behavioral_adherence; longitudinal_review,"Financial education only; tax, investment, insurance, estate, and benefits decisions may require licensed or jurisdiction-specific advice.",Master competency,"Before: Why does this matter now, and what will I deliberately practice? During: What resistance, choice, or pattern appeared? After: What happened, what evidence changed, and what should I repeat or revise?"
"Relapse, recurrence, and nonlinear recovery",06.11,322,Later,0.2073,0.5888,0.6233,0.4607,Not started,FALSE,"Vulnerability, Trauma, Disability, Neurodiversity, and Dependency",Emotional Regulation and Resilience,L07,0.35,"L07 Emotional Regulation and Resilience (0.35); L11 Adaptability, Uncertainty, and Learning from Failure (0.30); L04 Mortality, Suffering, Gratitude, and Hope (0.20); L36 Life Design, Balance, and Seasonality (0.15)",Expect setbacks and fluctuating capacity without treating them as proof that all progress was false.,"Maintains a relapse or recurrence plan that includes support, reduced demands, and re-entry.",context_contingent,universally_relevant_as_literacy_but_conditionally_practiced,receptivity; interdependence; adaptation,self_report; qualified_assessment; artifact; observer_feedback; longitudinal_review,"Educational and developmental only; trauma, suicidality, abuse, psychosis, addiction, severe functional decline, and medical concerns require qualified professional or emergency support.",Master competency,"Before: Why does this matter now, and what will I deliberately practice? During: What resistance, choice, or pattern appeared? After: What happened, what evidence changed, and what should I repeat or revise?"
Bystander intervention and violence prevention,15.13,323,Later,0.2072,0.5911,0.6272,0.4622,Not started,FALSE,"Safety, Preparedness, Risk, and Mutual Aid","Safety, Risk, and Preparedness",L20,0.4,"L20 Safety, Risk, and Preparedness (0.40); L30 Service, Citizenship, and Civic Agency (0.25); L25 Boundaries, Assertiveness, and Self-Respect (0.20); L31 Justice, Pluralism, and Social Responsibility (0.15)","Recognize harassment, abuse, escalating conflict, and unsafe conditions; use direct, distract, delegate, document, or delay strategies.",Can choose a safe intervention and obtain support without escalating beyond competence.,context_contingent,universally_relevant_as_literacy_but_conditionally_practiced,agency; interdependence; stewardship,certification; performance_task; artifact; observer_feedback,"Hands-on safety, medical, aquatic, survival, and defensive skills require qualified instruction and compliance with local law.",Master competency,"Before: Why does this matter now, and what will I deliberately practice? During: What resistance, choice, or pattern appeared? After: What happened, what evidence changed, and what should I repeat or revise?"
Practical wisdom and context,09.11,324,Later,0.2067,0.5985,0.6291,0.4995,Not started,FALSE,"Reasoning, Science, Truth, and Decision-Making","Systems Thinking, Judgment, and Decision-Making",L14,0.5,"L14 Systems Thinking, Judgment, and Decision-Making (0.50); L02 Values, Integrity, and Moral Courage (0.25); L11 Adaptability, Uncertainty, and Learning from Failure (0.15); L24 Empathy, Social Perception, and Perspective-Taking (0.10)","Apply principles with sensitivity to timing, role, relationship, capability, culture, and exceptional circumstances.",Can explain why similar rules may require different actions in materially different cases.,cross_context_core,cross_tradition_core_or_broadly_recurrent,agency; stewardship,conceptual_explanation; artifact; performance_task; longitudinal_review,,Master competency,"Before: Why does this matter now, and what will I deliberately practice? During: What resistance, choice, or pattern appeared? After: What happened, what evidence changed, and what should I repeat or revise?"
Civic and governmental literacy,20.02,325,Later,0.2063,0.5892,0.6259,0.4461,Not started,FALSE,"Community, Citizenship, Justice, and Nonviolent Action","Service, Citizenship, and Civic Agency",L30,0.4,"L30 Service, Citizenship, and Civic Agency (0.40); L31 Justice, Pluralism, and Social Responsibility (0.35); L13 Evidence, Truth, and Epistemic Humility (0.15); L33 Leadership, Power, Mentorship, and Institutions (0.10)","Understand levels of government, elections, agencies, courts, public finance, and channels of participation.",Can identify who holds authority over a real issue and how to engage responsibly.,cross_context_core,cross_tradition_core_or_broadly_recurrent,interdependence; stewardship; agency,conceptual_explanation; real_world_application; artifact; community_feedback,"Political and civic education only; protest, civil disobedience, and legal rights are jurisdiction-specific and can involve serious risk.",Master competency,"Before: Why does this matter now, and what will I deliberately practice? During: What resistance, choice, or pattern appeared? After: What happened, what evidence changed, and what should I repeat or revise?"
Moral injury and compromised action,04.07,326,Later,0.2053,0.5928,0.6339,0.4602,Not started,FALSE,"Mortality, Suffering, Tragedy, and Hope","Mortality, Suffering, Gratitude, and Hope",L04,0.4,"L04 Mortality, Suffering, Gratitude, and Hope (0.40); L02 Values, Integrity, and Moral Courage (0.35); L29 Conflict, Repair, Forgiveness, and Reconciliation (0.15); L07 Emotional Regulation and Resilience (0.10)","Recognize distress caused by perpetrating, witnessing, failing to prevent, or being betrayed around morally serious events.","Can distinguish guilt, shame, trauma, responsibility, repair, and the need for qualified support.",cross_context_core,cross_tradition_core_or_broadly_recurrent,receptivity; interdependence; transcendence,reflective_artifact; real_world_application; observer_feedback; longitudinal_review,,Master competency,"Before: Why does this matter now, and what will I deliberately practice? During: What resistance, choice, or pattern appeared? After: What happened, what evidence changed, and what should I repeat or revise?"
Seasons and changing emphasis,27.03,327,Later,0.205,0.5959,0.6273,0.4929,Not started,FALSE,"Integration, Life Design, Seasons, and Legacy","Life Design, Balance, and Seasonality",L36,0.55,"L36 Life Design, Balance, and Seasonality (0.55); L11 Adaptability, Uncertainty, and Learning from Failure (0.20); L04 Mortality, Suffering, Gratitude, and Hope (0.15); L17 Physical Health, Vitality, and Embodiment (0.10)","Recognize periods of building, maintenance, caregiving, recovery, exploration, grief, and transition.","Defines what must advance, what must be protected, and what can temporarily wait.",cross_context_core,cross_tradition_core_or_broadly_recurrent,agency; receptivity; interdependence; stewardship,artifact; observer_feedback; longitudinal_review; outcome_indicator,,Master competency,"Before: Why does this matter now, and what will I deliberately practice? During: What resistance, choice, or pattern appeared? After: What happened, what evidence changed, and what should I repeat or revise?"
Water competence and rescue awareness,15.07,328,Later,0.2042,0.5933,0.6299,0.4556,Not started,FALSE,"Safety, Preparedness, Risk, and Mutual Aid","Safety, Risk, and Preparedness",L20,0.55,"L20 Safety, Risk, and Preparedness (0.55); L17 Physical Health, Vitality, and Embodiment (0.30); L28 Family, Parenting, and Caregiving (0.15)","Swim, float, tread water, manage cold or moving water, and avoid unsafe rescue attempts.",Demonstrates basic aquatic competence and recognizes environmental hazards.,context_contingent,universally_relevant_as_literacy_but_conditionally_practiced,agency; interdependence; stewardship,certification; performance_task; artifact; observer_feedback,"Hands-on safety, medical, aquatic, survival, and defensive skills require qualified instruction and compliance with local law.",Master competency,"Before: Why does this matter now, and what will I deliberately practice? During: What resistance, choice, or pattern appeared? After: What happened, what evidence changed, and what should I repeat or revise?"
"Propaganda, polarization, and democratic resilience",20.13,329,Later,0.2039,0.5996,0.6356,0.4793,Not started,FALSE,"Community, Citizenship, Justice, and Nonviolent Action","Justice, Pluralism, and Social Responsibility",L31,0.35,"L31 Justice, Pluralism, and Social Responsibility (0.35); L13 Evidence, Truth, and Epistemic Humility (0.30); L19 Digital Agency, Media Literacy, and Security (0.20); L29 Conflict, Repair, Forgiveness, and Reconciliation (0.15)","Recognize dehumanization, scapegoating, conspiracy, manufactured outrage, authoritarian rhetoric, and epistemic capture.",Can resist sharing manipulative content and engage without reproducing the tactic.,cross_context_core,cross_tradition_core_or_broadly_recurrent,interdependence; stewardship; agency,conceptual_explanation; real_world_application; artifact; community_feedback,"Political and civic education only; protest, civil disobedience, and legal rights are jurisdiction-specific and can involve serious risk.",Master competency,"Before: Why does this matter now, and what will I deliberately practice? During: What resistance, choice, or pattern appeared? After: What happened, what evidence changed, and what should I repeat or revise?"
Digital and media self-governance,14.01,330,Later,0.2032,0.6009,0.6383,0.4929,Not started,FALSE,"Digital Life, Media, AI, and Information Security","Digital Agency, Media Literacy, and Security",L19,0.55,"L19 Digital Agency, Media Literacy, and Security (0.55); L08 Attention and Presence (0.20); L09 Temperance and Desire Governance (0.15); L10 Discipline, Habits, and Follow-Through (0.10)","Control notifications, feeds, pornography, gaming, outrage, and compulsive checking through boundaries and friction.",Media use reflects explicit purposes and limits rather than default consumption.,cross_context_core,cross_tradition_core_or_broadly_recurrent,agency; stewardship; interdependence,performance_task; artifact; behavioral_adherence; longitudinal_review,,Master competency,"Before: Why does this matter now, and what will I deliberately practice? During: What resistance, choice, or pattern appeared? After: What happened, what evidence changed, and what should I repeat or revise?"
Macroeconomics and economic cycles,24.09,331,Later,0.2031,0.5962,0.6303,0.462,Not started,FALSE,"Entrepreneurship, Markets, Economics, and Social Systems","Economic Agency, Entrepreneurship, and Market Literacy",L22,0.55,"L22 Economic Agency, Entrepreneurship, and Market Literacy (0.55); L14 Systems Thinking, Judgment, and Decision-Making (0.25); L13 Evidence, Truth, and Epistemic Humility (0.20)","Understand inflation, unemployment, productivity, growth, interest rates, monetary policy, fiscal policy, and recession at a practical level.",Can interpret a major economic development without confusing household and national accounting.,role_conditional,role_conditional,agency; stewardship; interdependence,artifact; objective_indicator; real_world_application; longitudinal_review,"Business and economic education only; legal, tax, securities, employment, and regulatory questions require qualified advice.",Master competency,"Before: Why does this matter now, and what will I deliberately practice? During: What resistance, choice, or pattern appeared? After: What happened, what evidence changed, and what should I repeat or revise?"
"Absurdity, existential anxiety, and meaninglessness",04.05,332,Later,0.2024,0.5919,0.637,0.4303,Not started,FALSE,"Mortality, Suffering, Tragedy, and Hope","Mortality, Suffering, Gratitude, and Hope",L04,0.5,"L04 Mortality, Suffering, Gratitude, and Hope (0.50); L01 Purpose and Direction (0.30); L07 Emotional Regulation and Resilience (0.20)","Examine experiences in which life feels arbitrary, empty, repetitive, or unsupported by certainty.",Can act from chosen responsibility or faith without pretending the existential question has been conclusively solved.,cross_context_core,cross_tradition_core_or_broadly_recurrent,receptivity; interdependence; transcendence,reflective_artifact; real_world_application; observer_feedback; longitudinal_review,,Master competency,"Before: Why does this matter now, and what will I deliberately practice? During: What resistance, choice, or pattern appeared? After: What happened, what evidence changed, and what should I repeat or revise?"
Digital citizenship and platform governance,14.13,333,Later,0.2017,0.5977,0.6355,0.4647,Not started,FALSE,"Digital Life, Media, AI, and Information Security","Digital Agency, Media Literacy, and Security",L19,0.4,"L19 Digital Agency, Media Literacy, and Security (0.40); L31 Justice, Pluralism, and Social Responsibility (0.35); L30 Service, Citizenship, and Civic Agency (0.15); L33 Leadership, Power, Mentorship, and Institutions (0.10)","Understand moderation, platform incentives, digital rights, surveillance, accessibility, and public-policy tradeoffs.","Can evaluate a platform policy through user safety, free expression, privacy, competition, and due process.",cross_context_core,cross_tradition_core_or_broadly_recurrent,agency; stewardship; interdependence,performance_task; artifact; behavioral_adherence; longitudinal_review,,Master competency,"Before: Why does this matter now, and what will I deliberately practice? During: What resistance, choice, or pattern appeared? After: What happened, what evidence changed, and what should I repeat or revise?"
Institutional and media-system literacy,20.12,334,Later,0.201,0.5982,0.6353,0.4549,Not started,FALSE,"Community, Citizenship, Justice, and Nonviolent Action","Justice, Pluralism, and Social Responsibility",L31,0.35,"L31 Justice, Pluralism, and Social Responsibility (0.35); L13 Evidence, Truth, and Epistemic Humility (0.25); L33 Leadership, Power, Mentorship, and Institutions (0.20); L19 Digital Agency, Media Literacy, and Security (0.20)","Understand how journalism, parties, agencies, courts, universities, corporations, nonprofits, and platforms create and filter public knowledge.","Can trace a public claim through institutions, incentives, evidence, and accountability mechanisms.",cross_context_core,cross_tradition_core_or_broadly_recurrent,interdependence; stewardship; agency,conceptual_explanation; real_world_application; artifact; community_feedback,"Political and civic education only; protest, civil disobedience, and legal rights are jurisdiction-specific and can involve serious risk.",Master competency,"Before: Why does this matter now, and what will I deliberately practice? During: What resistance, choice, or pattern appeared? After: What happened, what evidence changed, and what should I repeat or revise?"
Crisis leadership,22.11,335,Later,0.2009,0.5942,0.63,0.4388,Not started,FALSE,"Leadership, Power, Mentorship, and Institutions","Leadership, Power, Mentorship, and Institutions",L33,0.45,"L33 Leadership, Power, Mentorship, and Institutions (0.45); L20 Safety, Risk, and Preparedness (0.25); L14 Systems Thinking, Judgment, and Decision-Making (0.20); L07 Emotional Regulation and Resilience (0.10)","Stabilize, communicate, prioritize safety, assign ownership, make decisions, and preserve learning under pressure.","People know what is happening, what to do, and when the plan will be reassessed.",role_conditional,role_conditional,agency; stewardship; interdependence,observer_feedback; artifact; outcome_indicator; longitudinal_review,,Master competency,"Before: Why does this matter now, and what will I deliberately practice? During: What resistance, choice, or pattern appeared? After: What happened, what evidence changed, and what should I repeat or revise?"
Trauma and post-traumatic stress literacy,06.02,336,Later,0.1998,0.5999,0.6356,0.4618,Not started,FALSE,"Vulnerability, Trauma, Disability, Neurodiversity, and Dependency",Emotional Regulation and Resilience,L07,0.4,"L07 Emotional Regulation and Resilience (0.40); L17 Physical Health, Vitality, and Embodiment (0.20); L13 Evidence, Truth, and Epistemic Humility (0.15); L20 Safety, Risk, and Preparedness (0.15); L28 Family, Parenting, and Caregiving (0.10)","Understand trauma responses involving threat, avoidance, intrusion, dissociation, shame, hyperarousal, memory, and attachment.",Can recognize possible trauma effects and seek trauma-informed professional support rather than forcing self-exposure.,context_contingent,universally_relevant_as_literacy_but_conditionally_practiced,receptivity; interdependence; adaptation,self_report; qualified_assessment; artifact; observer_feedback; longitudinal_review,"Educational and developmental only; trauma, suicidality, abuse, psychosis, addiction, severe functional decline, and medical concerns require qualified professional or emergency support.",Master competency,"Before: Why does this matter now, and what will I deliberately practice? During: What resistance, choice, or pattern appeared? After: What happened, what evidence changed, and what should I repeat or revise?"
Decision-making under responsibility,22.04,337,Later,0.1991,0.5983,0.6329,0.4522,Not started,FALSE,"Leadership, Power, Mentorship, and Institutions","Leadership, Power, Mentorship, and Institutions",L33,0.4,"L33 Leadership, Power, Mentorship, and Institutions (0.40); L14 Systems Thinking, Judgment, and Decision-Making (0.35); L02 Values, Integrity, and Moral Courage (0.15); L20 Safety, Risk, and Preparedness (0.10)","Make timely choices with incomplete information while considering expertise, dissent, risk, and affected people.",Owns outcomes and revises decisions when evidence changes.,role_conditional,role_conditional,agency; stewardship; interdependence,observer_feedback; artifact; outcome_indicator; longitudinal_review,,Master competency,"Before: Why does this matter now, and what will I deliberately practice? During: What resistance, choice, or pattern appeared? After: What happened, what evidence changed, and what should I repeat or revise?"
Priority hierarchy,11.02,338,Later,0.1989,0.6086,0.6396,0.5195,Not started,FALSE,"Time, Priorities, Goals, and Execution","Life Design, Balance, and Seasonality",L36,0.4,"L36 Life Design, Balance, and Seasonality (0.40); L14 Systems Thinking, Judgment, and Decision-Making (0.30); L01 Purpose and Direction (0.20); L10 Discipline, Habits, and Follow-Through (0.10)","Rank obligations, relationships, projects, maintenance, growth, and leisure using explicit criteria.",Can decide what receives attention first and what will intentionally wait.,cross_context_core,cross_tradition_core_or_broadly_recurrent,agency; stewardship,artifact; behavioral_adherence; objective_indicator; longitudinal_review,,Master competency,"Before: Why does this matter now, and what will I deliberately practice? During: What resistance, choice, or pattern appeared? After: What happened, what evidence changed, and what should I repeat or revise?"
"Saving, investing, and retirement",23.05,339,Later,0.1989,0.6037,0.6381,0.492,Not started,FALSE,"Personal Finance, Provision, and Material Stewardship",Financial Stewardship and Provision,L21,0.65,"L21 Financial Stewardship and Provision (0.65); L36 Life Design, Balance, and Seasonality (0.20); L14 Systems Thinking, Judgment, and Decision-Making (0.15)","Understand diversification, fees, taxes, compounding, volatility, horizon, and the limits of prediction.",Uses a simple long-term strategy appropriate to goals and risk tolerance.,context_sensitive,cross_tradition_core_or_broadly_recurrent,agency; stewardship; interdependence,artifact; objective_indicator; behavioral_adherence; longitudinal_review,"Financial education only; tax, investment, insurance, estate, and benefits decisions may require licensed or jurisdiction-specific advice.",Master competency,"Before: Why does this matter now, and what will I deliberately practice? During: What resistance, choice, or pattern appeared? After: What happened, what evidence changed, and what should I repeat or revise?"
Meaning after catastrophic loss,04.04,340,Later,0.1975,0.5975,0.6471,0.4235,Not started,FALSE,"Mortality, Suffering, Tragedy, and Hope","Mortality, Suffering, Gratitude, and Hope",L04,0.6,"L04 Mortality, Suffering, Gratitude, and Hope (0.60); L01 Purpose and Direction (0.25); L07 Emotional Regulation and Resilience (0.15)","Rebuild orientation after bereavement, betrayal, disaster, illness, displacement, or collapse of a central identity.","Can identify what has ended, what remains, what support is needed, and one life-giving commitment that is still possible.",cross_context_core,cross_tradition_core_or_broadly_recurrent,receptivity; interdependence; transcendence,reflective_artifact; real_world_application; observer_feedback; longitudinal_review,,Master competency,"Before: Why does this matter now, and what will I deliberately practice? During: What resistance, choice, or pattern appeared? After: What happened, what evidence changed, and what should I repeat or revise?"
Automation dependence and operational resilience,14.12,341,Later,0.1968,0.6083,0.6487,0.48,Not started,FALSE,"Digital Life, Media, AI, and Information Security","Digital Agency, Media Literacy, and Security",L19,0.45,"L19 Digital Agency, Media Literacy, and Security (0.45); L20 Safety, Risk, and Preparedness (0.25); L18 Domestic Competence and Material Self-Sufficiency (0.15); L11 Adaptability, Uncertainty, and Learning from Failure (0.15)","Identify critical activities that depend on cloud services, algorithms, AI, or connected devices.","Maintains manual fallback, export, backup, or alternative access for an important dependency.",cross_context_core,cross_tradition_core_or_broadly_recurrent,agency; stewardship; interdependence,performance_task; artifact; behavioral_adherence; longitudinal_review,,Master competency,"Before: Why does this matter now, and what will I deliberately practice? During: What resistance, choice, or pattern appeared? After: What happened, what evidence changed, and what should I repeat or revise?"
"Moral luck, complicity, and dirty hands",02.13,342,Later,0.1963,0.6068,0.6446,0.4827,Not started,FALSE,"Ethics, Virtue, and Integrity","Values, Integrity, and Moral Courage",L02,0.4,"L02 Values, Integrity, and Moral Courage (0.40); L14 Systems Thinking, Judgment, and Decision-Making (0.25); L31 Justice, Pluralism, and Social Responsibility (0.20); L04 Mortality, Suffering, Gratitude, and Hope (0.15)","Examine responsibility when outcomes depend partly on chance, systems implicate everyone, or every available option causes harm.","Can distinguish direct action, negligence, benefit, complicity, constraint, and residual responsibility in a hard case.",cross_context_core,cross_tradition_core_or_broadly_recurrent,agency; interdependence; stewardship,conceptual_explanation; real_world_application; observer_feedback; longitudinal_review,,Master competency,"Before: Why does this matter now, and what will I deliberately practice? During: What resistance, choice, or pattern appeared? After: What happened, what evidence changed, and what should I repeat or revise?"
Transition preparedness,27.07,343,Later,0.1954,0.6089,0.6466,0.4929,Not started,FALSE,"Integration, Life Design, Seasons, and Legacy","Life Design, Balance, and Seasonality",L36,0.4,"L36 Life Design, Balance, and Seasonality (0.40); L20 Safety, Risk, and Preparedness (0.20); L11 Adaptability, Uncertainty, and Learning from Failure (0.20); L21 Financial Stewardship and Provision (0.10); L04 Mortality, Suffering, Gratitude, and Hope (0.10)","Anticipate changes in work, location, partnership, parenthood, health, aging, dependency, and loss.",Creates practical and emotional preparation for at least one foreseeable transition.,cross_context_core,cross_tradition_core_or_broadly_recurrent,agency; receptivity; interdependence; stewardship,artifact; observer_feedback; longitudinal_review; outcome_indicator,,Master competency,"Before: Why does this matter now, and what will I deliberately practice? During: What resistance, choice, or pattern appeared? After: What happened, what evidence changed, and what should I repeat or revise?"
Personal financial literacy,23.01,344,Later,0.1953,0.607,0.646,0.4743,Not started,FALSE,"Personal Finance, Provision, and Material Stewardship",Financial Stewardship and Provision,L21,0.75,"L21 Financial Stewardship and Provision (0.75); L13 Evidence, Truth, and Epistemic Humility (0.15); L14 Systems Thinking, Judgment, and Decision-Making (0.10)","Understand income, expenses, cash flow, interest, inflation, taxes, credit, risk, and opportunity cost.",Can explain current financial position and major vulnerabilities accurately.,context_sensitive,cross_tradition_core_or_broadly_recurrent,agency; stewardship; interdependence,artifact; objective_indicator; behavioral_adherence; longitudinal_review,"Financial education only; tax, investment, insurance, estate, and benefits decisions may require licensed or jurisdiction-specific advice.",Master competency,"Before: Why does this matter now, and what will I deliberately practice? During: What resistance, choice, or pattern appeared? After: What happened, what evidence changed, and what should I repeat or revise?"
Household emergency planning,15.02,345,Later,0.1945,0.6107,0.6532,0.475,Not started,FALSE,"Safety, Preparedness, Risk, and Mutual Aid","Safety, Risk, and Preparedness",L20,0.75,"L20 Safety, Risk, and Preparedness (0.75); L18 Domestic Competence and Material Self-Sufficiency (0.15); L28 Family, Parenting, and Caregiving (0.10)","Prepare for fire, power loss, evacuation, severe weather, medical emergencies, and unavailable services.","Maintains supplies, contacts, documents, roles, and practiced response plans.",context_contingent,universally_relevant_as_literacy_but_conditionally_practiced,agency; interdependence; stewardship,certification; performance_task; artifact; observer_feedback,"Hands-on safety, medical, aquatic, survival, and defensive skills require qualified instruction and compliance with local law.",Master competency,"Before: Why does this matter now, and what will I deliberately practice? During: What resistance, choice, or pattern appeared? After: What happened, what evidence changed, and what should I repeat or revise?"
Life architecture,27.01,346,Later,0.1945,0.6145,0.6459,0.5276,Not started,FALSE,"Integration, Life Design, Seasons, and Legacy","Life Design, Balance, and Seasonality",L36,0.65,"L36 Life Design, Balance, and Seasonality (0.65); L01 Purpose and Direction (0.20); L14 Systems Thinking, Judgment, and Decision-Making (0.15)","Translate beliefs and values into calendar, environment, finances, relationships, roles, and recurring practices.",An ordinary week visibly reflects declared priorities.,cross_context_core,cross_tradition_core_or_broadly_recurrent,agency; receptivity; interdependence; stewardship,artifact; observer_feedback; longitudinal_review; outcome_indicator,,Master competency,"Before: Why does this matter now, and what will I deliberately practice? During: What resistance, choice, or pattern appeared? After: What happened, what evidence changed, and what should I repeat or revise?"
Research and information gathering,10.04,347,Later,0.1931,0.6112,0.6512,0.4614,Not started,FALSE,"Learning, Memory, Curiosity, Apprenticeship, and Teaching","Learning Agility, Memory, and Teaching",L15,0.4,"L15 Learning Agility, Memory, and Teaching (0.40); L13 Evidence, Truth, and Epistemic Humility (0.40); L19 Digital Agency, Media Literacy, and Security (0.20)","Search broadly, locate primary and expert sources, compare perspectives, and document provenance.",Produces a research summary whose claims can be traced and checked.,cross_context_core,cross_tradition_core_or_broadly_recurrent,agency; interdependence; stewardship,performance_task; artifact; observer_feedback; longitudinal_review,,Master competency,"Before: Why does this matter now, and what will I deliberately practice? During: What resistance, choice, or pattern appeared? After: What happened, what evidence changed, and what should I repeat or revise?"
Community disaster readiness and mutual aid,15.11,348,Later,0.1931,0.6066,0.6506,0.4495,Not started,FALSE,"Safety, Preparedness, Risk, and Mutual Aid","Safety, Risk, and Preparedness",L20,0.45,"L20 Safety, Risk, and Preparedness (0.45); L30 Service, Citizenship, and Civic Agency (0.25); L28 Family, Parenting, and Caregiving (0.15); L33 Leadership, Power, Mentorship, and Institutions (0.15)","Coordinate neighbors, skills, communication, supplies, transportation, welfare checks, and recovery support.",Participates in a realistic community plan or exercise rather than preparing only as an isolated household.,context_contingent,universally_relevant_as_literacy_but_conditionally_practiced,agency; interdependence; stewardship,certification; performance_task; artifact; observer_feedback,"Hands-on safety, medical, aquatic, survival, and defensive skills require qualified instruction and compliance with local law.",Master competency,"Before: Why does this matter now, and what will I deliberately practice? During: What resistance, choice, or pattern appeared? After: What happened, what evidence changed, and what should I repeat or revise?"
Outdoor survival fundamentals,15.06,349,Later,0.1918,0.6122,0.6548,0.4742,Not started,FALSE,"Safety, Preparedness, Risk, and Mutual Aid","Safety, Risk, and Preparedness",L20,0.6,"L20 Safety, Risk, and Preparedness (0.60); L35 Nature, Exploration, and Adventure (0.25); L17 Physical Health, Vitality, and Embodiment (0.15)","Secure shelter, water, warmth, navigation, signaling, fire, and food priorities.",Can complete a safe supervised exercise and explain survival priorities.,context_contingent,universally_relevant_as_literacy_but_conditionally_practiced,agency; interdependence; stewardship,certification; performance_task; artifact; observer_feedback,"Hands-on safety, medical, aquatic, survival, and defensive skills require qualified instruction and compliance with local law.",Master competency,"Before: Why does this matter now, and what will I deliberately practice? During: What resistance, choice, or pattern appeared? After: What happened, what evidence changed, and what should I repeat or revise?"
Tragic knowledge and the limits of control,04.03,350,Later,0.1913,0.6067,0.657,0.4292,Not started,FALSE,"Mortality, Suffering, Tragedy, and Hope","Mortality, Suffering, Gratitude, and Hope",L04,0.55,"L04 Mortality, Suffering, Gratitude, and Hope (0.55); L11 Adaptability, Uncertainty, and Learning from Failure (0.25); L14 Systems Thinking, Judgment, and Decision-Making (0.20)","Understand that good people can suffer, worthy efforts can fail, and some conflicts cannot be resolved without loss.","Can face an irreversible or no-win reality without denial, magical thinking, or automatic nihilism.",cross_context_core,cross_tradition_core_or_broadly_recurrent,receptivity; interdependence; transcendence,reflective_artifact; real_world_application; observer_feedback; longitudinal_review,,Master competency,"Before: Why does this matter now, and what will I deliberately practice? During: What resistance, choice, or pattern appeared? After: What happened, what evidence changed, and what should I repeat or revise?"
Mortality and impermanence,04.02,351,Later,0.1907,0.6077,0.6631,0.4289,Not started,FALSE,"Mortality, Suffering, Tragedy, and Hope","Mortality, Suffering, Gratitude, and Hope",L04,0.75,"L04 Mortality, Suffering, Gratitude, and Hope (0.75); L03 Spirituality, Reverence, and Transcendence (0.15); L36 Life Design, Balance, and Seasonality (0.10)","Contemplate death, aging, loss, and the temporary nature of possessions, achievements, bodies, and relationships.",A concrete priority or reconciliation changes because time is understood as finite.,cross_context_core,cross_tradition_core_or_broadly_recurrent,receptivity; interdependence; transcendence,reflective_artifact; real_world_application; observer_feedback; longitudinal_review,,Master competency,"Before: Why does this matter now, and what will I deliberately practice? During: What resistance, choice, or pattern appeared? After: What happened, what evidence changed, and what should I repeat or revise?"
Algorithmic feeds and persuasive design,14.06,352,Later,0.1884,0.6197,0.6638,0.4855,Not started,FALSE,"Digital Life, Media, AI, and Information Security","Digital Agency, Media Literacy, and Security",L19,0.5,"L19 Digital Agency, Media Literacy, and Security (0.50); L08 Attention and Presence (0.20); L09 Temperance and Desire Governance (0.15); L13 Evidence, Truth, and Epistemic Humility (0.15)","Understand recommender systems, engagement optimization, personalization, filter bubbles, and variable reward.",Can describe how a feed shapes attention and redesign use around chosen purposes.,cross_context_core,cross_tradition_core_or_broadly_recurrent,agency; stewardship; interdependence,performance_task; artifact; behavioral_adherence; longitudinal_review,,Master competency,"Before: Why does this matter now, and what will I deliberately practice? During: What resistance, choice, or pattern appeared? After: What happened, what evidence changed, and what should I repeat or revise?"
Moral frameworks,02.01,353,Later,0.1865,0.6242,0.6783,0.4753,Not started,FALSE,"Ethics, Virtue, and Integrity","Values, Integrity, and Moral Courage",L02,0.6,"L02 Values, Integrity, and Moral Courage (0.60); L12 Critical Reasoning and Logic (0.20); L31 Justice, Pluralism, and Social Responsibility (0.20)","Understand virtue ethics, deontology, consequentialism, care ethics, natural-law or religious ethics, rights, justice, and moral particularism.",Can analyze one difficult choice through several frameworks without caricaturing them.,cross_context_core,cross_tradition_core_or_broadly_recurrent,agency; interdependence; stewardship,conceptual_explanation; real_world_application; observer_feedback; longitudinal_review,,Master competency,"Before: Why does this matter now, and what will I deliberately practice? During: What resistance, choice, or pattern appeared? After: What happened, what evidence changed, and what should I repeat or revise?"
A hierarchy of goods,01.04,354,Later,0.1841,0.6275,0.6649,0.5212,Not started,FALSE,"Meaning, Worldview, and Purpose","Values, Integrity, and Moral Courage",L02,0.45,"L02 Values, Integrity, and Moral Courage (0.45); L14 Systems Thinking, Judgment, and Decision-Making (0.30); L36 Life Design, Balance, and Seasonality (0.25)","Rank competing goods such as truth, love, justice, loyalty, freedom, security, achievement, pleasure, family, and service.",Can use the hierarchy to resolve a real conflict instead of claiming every value is equally important.,cross_context_core,cross_tradition_core_or_broadly_recurrent,agency; receptivity; transcendence,conceptual_explanation; artifact; longitudinal_review,,Master competency,"Before: Why does this matter now, and what will I deliberately practice? During: What resistance, choice, or pattern appeared? After: What happened, what evidence changed, and what should I repeat or revise?"
"First aid, CPR, and emergency response",15.01,355,Later,0.184,0.6222,0.6696,0.47,Not started,FALSE,"Safety, Preparedness, Risk, and Mutual Aid","Safety, Risk, and Preparedness",L20,0.75,"L20 Safety, Risk, and Preparedness (0.75); L17 Physical Health, Vitality, and Embodiment (0.15); L28 Family, Parenting, and Caregiving (0.10)","Learn bleeding control, CPR/AED, choking, shock, burns, poisoning, and emergency communication.",Completes recognized training or demonstrates procedures accurately.,context_contingent,universally_relevant_as_literacy_but_conditionally_practiced,agency; interdependence; stewardship,certification; performance_task; artifact; observer_feedback,"Hands-on safety, medical, aquatic, survival, and defensive skills require qualified instruction and compliance with local law.",Master competency,"Before: Why does this matter now, and what will I deliberately practice? During: What resistance, choice, or pattern appeared? After: What happened, what evidence changed, and what should I repeat or revise?"
Digital competence and data hygiene,14.02,356,Later,0.1836,0.6279,0.6745,0.5007,Not started,FALSE,"Digital Life, Media, AI, and Information Security","Digital Agency, Media Literacy, and Security",L19,0.75,"L19 Digital Agency, Media Literacy, and Security (0.75); L10 Discipline, Habits, and Follow-Through (0.15); L15 Learning Agility, Memory, and Teaching (0.10)","Manage devices, backups, accounts, passwords, files, privacy, updates, and common troubleshooting.","Personal data and essential services remain organized, recoverable, and reasonably secure.",cross_context_core,cross_tradition_core_or_broadly_recurrent,agency; stewardship; interdependence,performance_task; artifact; behavioral_adherence; longitudinal_review,,Master competency,"Before: Why does this matter now, and what will I deliberately practice? During: What resistance, choice, or pattern appeared? After: What happened, what evidence changed, and what should I repeat or revise?"
Tradeoffs and opportunity cost,09.09,357,Later,0.1827,0.628,0.6659,0.506,Not started,FALSE,"Reasoning, Science, Truth, and Decision-Making","Systems Thinking, Judgment, and Decision-Making",L14,0.55,"L14 Systems Thinking, Judgment, and Decision-Making (0.55); L36 Life Design, Balance, and Seasonality (0.25); L22 Economic Agency, Entrepreneurship, and Market Literacy (0.20)","Compare alternatives across benefits, costs, reversibility, time, risk, affected parties, and foregone options.",Can justify a choice while naming what was sacrificed.,cross_context_core,cross_tradition_core_or_broadly_recurrent,agency; stewardship,conceptual_explanation; artifact; performance_task; longitudinal_review,,Master competency,"Before: Why does this matter now, and what will I deliberately practice? During: What resistance, choice, or pattern appeared? After: What happened, what evidence changed, and what should I repeat or revise?"
Balancing competing goods,27.02,358,Later,0.1815,0.6326,0.6694,0.5348,Not started,FALSE,"Integration, Life Design, Seasons, and Legacy","Life Design, Balance, and Seasonality",L36,0.55,"L36 Life Design, Balance, and Seasonality (0.55); L14 Systems Thinking, Judgment, and Decision-Making (0.25); L02 Values, Integrity, and Moral Courage (0.20)","Choose among work, family, health, service, rest, growth, pleasure, and security without pretending all can be maximized.",Makes difficult tradeoffs transparently and later reviews whether they were wise.,cross_context_core,cross_tradition_core_or_broadly_recurrent,agency; receptivity; interdependence; stewardship,artifact; observer_feedback; longitudinal_review; outcome_indicator,,Master competency,"Before: Why does this matter now, and what will I deliberately practice? During: What resistance, choice, or pattern appeared? After: What happened, what evidence changed, and what should I repeat or revise?"
Risk ownership and contingency thinking,15.10,359,Later,0.1809,0.632,0.6783,0.5051,Not started,FALSE,"Safety, Preparedness, Risk, and Mutual Aid","Safety, Risk, and Preparedness",L20,0.5,"L20 Safety, Risk, and Preparedness (0.50); L14 Systems Thinking, Judgment, and Decision-Making (0.30); L10 Discipline, Habits, and Follow-Through (0.20)","Identify dependencies, single points of failure, failure modes, reserves, and recovery options.","A meaningful plan includes prevention, detection, response, and recovery.",context_contingent,universally_relevant_as_literacy_but_conditionally_practiced,agency; interdependence; stewardship,certification; performance_task; artifact; observer_feedback,"Hands-on safety, medical, aquatic, survival, and defensive skills require qualified instruction and compliance with local law.",Master competency,"Before: Why does this matter now, and what will I deliberately practice? During: What resistance, choice, or pattern appeared? After: What happened, what evidence changed, and what should I repeat or revise?"
Public-health emergency competence,15.12,360,Later,0.1807,0.6262,0.6754,0.4647,Not started,FALSE,"Safety, Preparedness, Risk, and Mutual Aid","Safety, Risk, and Preparedness",L20,0.55,"L20 Safety, Risk, and Preparedness (0.55); L17 Physical Health, Vitality, and Embodiment (0.20); L30 Service, Citizenship, and Civic Agency (0.15); L13 Evidence, Truth, and Epistemic Humility (0.10)","Understand infection control, credible health guidance, risk communication, isolation, vaccination, and support for vulnerable people.",Can follow and explain proportionate protective measures during an outbreak or environmental hazard.,context_contingent,universally_relevant_as_literacy_but_conditionally_practiced,agency; interdependence; stewardship,certification; performance_task; artifact; observer_feedback,"Hands-on safety, medical, aquatic, survival, and defensive skills require qualified instruction and compliance with local law.",Master competency,"Before: Why does this matter now, and what will I deliberately practice? During: What resistance, choice, or pattern appeared? After: What happened, what evidence changed, and what should I repeat or revise?"
"Online fraud, scams, and social engineering",14.05,361,Later,0.1778,0.638,0.6899,0.4976,Not started,FALSE,"Digital Life, Media, AI, and Information Security","Digital Agency, Media Literacy, and Security",L19,0.5,"L19 Digital Agency, Media Literacy, and Security (0.50); L20 Safety, Risk, and Preparedness (0.30); L24 Empathy, Social Perception, and Perspective-Taking (0.10); L13 Evidence, Truth, and Epistemic Humility (0.10)","Recognize phishing, impersonation, romance scams, investment fraud, extortion, false urgency, and malicious links.",Verifies suspicious requests through an independent channel and knows how to report a suspected incident.,cross_context_core,cross_tradition_core_or_broadly_recurrent,agency; stewardship; interdependence,performance_task; artifact; behavioral_adherence; longitudinal_review,,Master competency,"Before: Why does this matter now, and what will I deliberately practice? During: What resistance, choice, or pattern appeared? After: What happened, what evidence changed, and what should I repeat or revise?"
"Digital identity, privacy, and data rights",14.03,362,Later,0.1743,0.6383,0.6894,0.4915,Not started,FALSE,"Digital Life, Media, AI, and Information Security","Digital Agency, Media Literacy, and Security",L19,0.65,"L19 Digital Agency, Media Literacy, and Security (0.65); L31 Justice, Pluralism, and Social Responsibility (0.20); L20 Safety, Risk, and Preparedness (0.15)","Understand data collection, tracking, identity linkage, consent, platform policies, and the persistence of online records.","Can audit major accounts and change settings, sharing, or services to match stated privacy priorities.",cross_context_core,cross_tradition_core_or_broadly_recurrent,agency; stewardship; interdependence,performance_task; artifact; behavioral_adherence; longitudinal_review,,Master competency,"Before: Why does this matter now, and what will I deliberately practice? During: What resistance, choice, or pattern appeared? After: What happened, what evidence changed, and what should I repeat or revise?"
Decision records and updating,09.12,363,Later,0.1742,0.6423,0.6878,0.5088,Not started,FALSE,"Reasoning, Science, Truth, and Decision-Making","Systems Thinking, Judgment, and Decision-Making",L14,0.55,"L14 Systems Thinking, Judgment, and Decision-Making (0.55); L13 Evidence, Truth, and Epistemic Humility (0.25); L10 Discipline, Habits, and Follow-Through (0.20)","Document important choices, predictions, assumptions, dissent, review dates, and outcomes.",Uses past decisions to improve judgment rather than rewrite memory around results.,cross_context_core,cross_tradition_core_or_broadly_recurrent,agency; stewardship,conceptual_explanation; artifact; performance_task; longitudinal_review,,Master competency,"Before: Why does this matter now, and what will I deliberately practice? During: What resistance, choice, or pattern appeared? After: What happened, what evidence changed, and what should I repeat or revise?"
Hope without denial,04.09,364,Later,0.1729,0.6329,0.6916,0.4387,Not started,FALSE,"Mortality, Suffering, Tragedy, and Hope","Mortality, Suffering, Gratitude, and Hope",L04,0.5,"L04 Mortality, Suffering, Gratitude, and Hope (0.50); L07 Emotional Regulation and Resilience (0.30); L13 Evidence, Truth, and Epistemic Humility (0.20)","Cultivate realistic hope grounded in relationship, possibility, faith, meaning, or action while acknowledging adverse probabilities.",Can name reasons for hope and reasons for grief in the same situation.,cross_context_core,cross_tradition_core_or_broadly_recurrent,receptivity; interdependence; transcendence,reflective_artifact; real_world_application; observer_feedback; longitudinal_review,,Master competency,"Before: Why does this matter now, and what will I deliberately practice? During: What resistance, choice, or pattern appeared? After: What happened, what evidence changed, and what should I repeat or revise?"
AI literacy and appropriate use,14.07,365,Later,0.1726,0.6407,0.6914,0.4869,Not started,FALSE,"Digital Life, Media, AI, and Information Security","Digital Agency, Media Literacy, and Security",L19,0.55,"L19 Digital Agency, Media Literacy, and Security (0.55); L13 Evidence, Truth, and Epistemic Humility (0.20); L15 Learning Agility, Memory, and Teaching (0.15); L02 Values, Integrity, and Moral Courage (0.10)","Understand generative models, uncertainty, hallucination, bias, privacy, automation, and human oversight.","Uses AI with verification, disclosure where relevant, and clear boundaries around high-stakes decisions.",cross_context_core,cross_tradition_core_or_broadly_recurrent,agency; stewardship; interdependence,performance_task; artifact; behavioral_adherence; longitudinal_review,,Master competency,"Before: Why does this matter now, and what will I deliberately practice? During: What resistance, choice, or pattern appeared? After: What happened, what evidence changed, and what should I repeat or revise?"
Cybersecurity and account resilience,14.04,366,Later,0.1674,0.6493,0.7047,0.5021,Not started,FALSE,"Digital Life, Media, AI, and Information Security","Digital Agency, Media Literacy, and Security",L19,0.6,"L19 Digital Agency, Media Literacy, and Security (0.60); L20 Safety, Risk, and Preparedness (0.30); L10 Discipline, Habits, and Follow-Through (0.10)","Use strong authentication, updates, backups, encryption, recovery plans, and safe device practices.",Can recover access or data and demonstrates reduced exposure to common compromise paths.,cross_context_core,cross_tradition_core_or_broadly_recurrent,agency; stewardship; interdependence,performance_task; artifact; behavioral_adherence; longitudinal_review,,Master competency,"Before: Why does this matter now, and what will I deliberately practice? During: What resistance, choice, or pattern appeared? After: What happened, what evidence changed, and what should I repeat or revise?"
"Synthetic media, deepfakes, and provenance",14.08,367,Later,0.1616,0.6561,0.7128,0.4879,Not started,FALSE,"Digital Life, Media, AI, and Information Security","Digital Agency, Media Literacy, and Security",L19,0.5,"L19 Digital Agency, Media Literacy, and Security (0.50); L13 Evidence, Truth, and Epistemic Humility (0.35); L31 Justice, Pluralism, and Social Responsibility (0.15)","Recognize that audio, image, video, and documents can be generated or altered convincingly.",Checks provenance and corroboration before acting on consequential synthetic or uncertain media.,cross_context_core,cross_tradition_core_or_broadly_recurrent,agency; stewardship; interdependence,performance_task; artifact; behavioral_adherence; longitudinal_review,,Master competency,"Before: Why does this matter now, and what will I deliberately practice? During: What resistance, choice, or pattern appeared? After: What happened, what evidence changed, and what should I repeat or revise?"
Epistemic humility,09.05,368,Later,0.1597,0.6576,0.7215,0.4561,Not started,FALSE,"Reasoning, Science, Truth, and Decision-Making","Evidence, Truth, and Epistemic Humility",L13,0.6,"L13 Evidence, Truth, and Epistemic Humility (0.60); L05 Self-Knowledge, Identity, and Humility (0.20); L31 Justice, Pluralism, and Social Responsibility (0.10); L12 Critical Reasoning and Logic (0.10)","State confidence levels, assumptions, unknowns, limitations, and what would change a belief.","Updates a meaningful belief without humiliation, evasion, or pretending the prior view was never held.",cross_context_core,cross_tradition_core_or_broadly_recurrent,agency; stewardship,conceptual_explanation; artifact; performance_task; longitudinal_review,,Master competency,"Before: Why does this matter now, and what will I deliberately practice? During: What resistance, choice, or pattern appeared? After: What happened, what evidence changed, and what should I repeat or revise?"
Root-cause problem solving,09.08,369,Later,0.1572,0.6677,0.7375,0.4844,Not started,FALSE,"Reasoning, Science, Truth, and Decision-Making","Systems Thinking, Judgment, and Decision-Making",L14,0.6,"L14 Systems Thinking, Judgment, and Decision-Making (0.60); L12 Critical Reasoning and Logic (0.25); L32 Work, Craft, Professionalism, and Contribution (0.15)","Define the problem, distinguish symptoms from causes, gather evidence, test hypotheses, and verify improvement.",A recurring problem improves through a documented causal process.,cross_context_core,cross_tradition_core_or_broadly_recurrent,agency; stewardship,conceptual_explanation; artifact; performance_task; longitudinal_review,,Master competency,"Before: Why does this matter now, and what will I deliberately practice? During: What resistance, choice, or pattern appeared? After: What happened, what evidence changed, and what should I repeat or revise?"
"Cybersecurity, fraud, and identity protection",15.09,370,Later,0.1567,0.6623,0.723,0.4951,Not started,FALSE,"Safety, Preparedness, Risk, and Mutual Aid","Safety, Risk, and Preparedness",L20,0.5,"L20 Safety, Risk, and Preparedness (0.50); L19 Digital Agency, Media Literacy, and Security (0.50)","Recognize phishing, social engineering, scams, insecure access, data exposure, and financial fraud.",Uses strong account security and can respond to a suspected compromise.,context_contingent,universally_relevant_as_literacy_but_conditionally_practiced,agency; interdependence; stewardship,certification; performance_task; artifact; observer_feedback,"Hands-on safety, medical, aquatic, survival, and defensive skills require qualified instruction and compliance with local law.",Master competency,"Before: Why does this matter now, and what will I deliberately practice? During: What resistance, choice, or pattern appeared? After: What happened, what evidence changed, and what should I repeat or revise?"
Risk assessment and precaution,09.10,371,Later,0.1545,0.6657,0.7223,0.4964,Not started,FALSE,"Reasoning, Science, Truth, and Decision-Making","Systems Thinking, Judgment, and Decision-Making",L14,0.45,"L14 Systems Thinking, Judgment, and Decision-Making (0.45); L20 Safety, Risk, and Preparedness (0.40); L13 Evidence, Truth, and Epistemic Humility (0.15)","Estimate severity, likelihood, exposure, detectability, controllability, and mitigation without demanding zero risk.",Uses proportionate safeguards and avoids both recklessness and paralysis.,cross_context_core,cross_tradition_core_or_broadly_recurrent,agency; stewardship,conceptual_explanation; artifact; performance_task; longitudinal_review,,Master competency,"Before: Why does this matter now, and what will I deliberately practice? During: What resistance, choice, or pattern appeared? After: What happened, what evidence changed, and what should I repeat or revise?"
Systems and causal reasoning,09.07,372,Later,0.1509,0.6732,0.7409,0.4805,Not started,FALSE,"Reasoning, Science, Truth, and Decision-Making","Systems Thinking, Judgment, and Decision-Making",L14,0.7,"L14 Systems Thinking, Judgment, and Decision-Making (0.70); L12 Critical Reasoning and Logic (0.20); L31 Justice, Pluralism, and Social Responsibility (0.10)","Map components, interfaces, feedback loops, delays, incentives, unintended effects, and second-order consequences.",Explains why a system behaves as it does and identifies leverage points or failure modes.,cross_context_core,cross_tradition_core_or_broadly_recurrent,agency; stewardship,conceptual_explanation; artifact; performance_task; longitudinal_review,,Master competency,"Before: Why does this matter now, and what will I deliberately practice? During: What resistance, choice, or pattern appeared? After: What happened, what evidence changed, and what should I repeat or revise?"
Cognitive and motivational bias,09.03,373,Later,0.1498,0.6719,0.7464,0.4492,Not started,FALSE,"Reasoning, Science, Truth, and Decision-Making","Evidence, Truth, and Epistemic Humility",L13,0.45,"L13 Evidence, Truth, and Epistemic Humility (0.45); L05 Self-Knowledge, Identity, and Humility (0.25); L12 Critical Reasoning and Logic (0.20); L14 Systems Thinking, Judgment, and Decision-Making (0.10)","Recognize confirmation, availability, anchoring, sunk cost, overconfidence, tribal reasoning, and self-serving bias.",Identifies a bias in a real choice and changes the decision process accordingly.,cross_context_core,cross_tradition_core_or_broadly_recurrent,agency; stewardship,conceptual_explanation; artifact; performance_task; longitudinal_review,,Master competency,"Before: Why does this matter now, and what will I deliberately practice? During: What resistance, choice, or pattern appeared? After: What happened, what evidence changed, and what should I repeat or revise?"
Adversarial reasoning and information operations,09.17,374,Later,0.1414,0.6861,0.7684,0.4583,Not started,FALSE,"Reasoning, Science, Truth, and Decision-Making","Evidence, Truth, and Epistemic Humility",L13,0.4,"L13 Evidence, Truth, and Epistemic Humility (0.40); L12 Critical Reasoning and Logic (0.25); L19 Digital Agency, Media Literacy, and Security (0.20); L31 Justice, Pluralism, and Social Responsibility (0.15)","Recognize propaganda, deception, selective evidence, narrative warfare, coordinated manipulation, and strategic ambiguity.",Can analyze likely incentives and verify a consequential claim through independent channels.,cross_context_core,cross_tradition_core_or_broadly_recurrent,agency; stewardship,conceptual_explanation; artifact; performance_task; longitudinal_review,,Master competency,"Before: Why does this matter now, and what will I deliberately practice? During: What resistance, choice, or pattern appeared? After: What happened, what evidence changed, and what should I repeat or revise?"
Probabilistic and scenario thinking,09.06,375,Later,0.1378,0.6915,0.7703,0.4763,Not started,FALSE,"Reasoning, Science, Truth, and Decision-Making","Systems Thinking, Judgment, and Decision-Making",L14,0.6,"L14 Systems Thinking, Judgment, and Decision-Making (0.60); L12 Critical Reasoning and Logic (0.25); L20 Safety, Risk, and Preparedness (0.15)","Use ranges, likelihoods, base rates, scenarios, sensitivity, and expected value instead of binary predictions.","Makes forecasts, records them, and later evaluates calibration.",cross_context_core,cross_tradition_core_or_broadly_recurrent,agency; stewardship,conceptual_explanation; artifact; performance_task; longitudinal_review,,Master competency,"Before: Why does this matter now, and what will I deliberately practice? During: What resistance, choice, or pattern appeared? After: What happened, what evidence changed, and what should I repeat or revise?"
Scientific reasoning and research design,09.14,376,Later,0.1376,0.6912,0.7781,0.4439,Not started,FALSE,"Reasoning, Science, Truth, and Decision-Making","Evidence, Truth, and Epistemic Humility",L13,0.55,"L13 Evidence, Truth, and Epistemic Humility (0.55); L12 Critical Reasoning and Logic (0.30); L15 Learning Agility, Memory, and Teaching (0.15)","Understand hypotheses, measurement, controls, confounding, replication, peer review, and limits of inference.",Can critique a study design and propose a better test of the claim.,cross_context_core,cross_tradition_core_or_broadly_recurrent,agency; stewardship,conceptual_explanation; artifact; performance_task; longitudinal_review,,Master competency,"Before: Why does this matter now, and what will I deliberately practice? During: What resistance, choice, or pattern appeared? After: What happened, what evidence changed, and what should I repeat or revise?"
Digital information verification,14.09,377,Later,0.1374,0.6905,0.7654,0.481,Not started,FALSE,"Digital Life, Media, AI, and Information Security","Digital Agency, Media Literacy, and Security",L19,0.45,"L19 Digital Agency, Media Literacy, and Security (0.45); L13 Evidence, Truth, and Epistemic Humility (0.45); L12 Critical Reasoning and Logic (0.10)","Use lateral reading, source tracing, timestamps, reverse search, primary records, and cross-source comparison.",Can verify or appropriately suspend judgment on a viral claim.,cross_context_core,cross_tradition_core_or_broadly_recurrent,agency; stewardship; interdependence,performance_task; artifact; behavioral_adherence; longitudinal_review,,Master competency,"Before: Why does this matter now, and what will I deliberately practice? During: What resistance, choice, or pattern appeared? After: What happened, what evidence changed, and what should I repeat or revise?"
Causal inference and intervention logic,09.15,378,Later,0.1372,0.6916,0.7646,0.4812,Not started,FALSE,"Reasoning, Science, Truth, and Decision-Making","Systems Thinking, Judgment, and Decision-Making",L14,0.5,"L14 Systems Thinking, Judgment, and Decision-Making (0.50); L13 Evidence, Truth, and Epistemic Humility (0.35); L12 Critical Reasoning and Logic (0.15)","Distinguish association from cause and examine mechanisms, counterfactuals, selection effects, and unintended consequences.",Can explain why an observed relationship may or may not support an intervention.,cross_context_core,cross_tradition_core_or_broadly_recurrent,agency; stewardship,conceptual_explanation; artifact; performance_task; longitudinal_review,,Master competency,"Before: Why does this matter now, and what will I deliberately practice? During: What resistance, choice, or pattern appeared? After: What happened, what evidence changed, and what should I repeat or revise?"
Observation versus interpretation,09.01,379,Later,0.134,0.6953,0.788,0.4356,Not started,FALSE,"Reasoning, Science, Truth, and Decision-Making","Evidence, Truth, and Epistemic Humility",L13,0.45,"L13 Evidence, Truth, and Epistemic Humility (0.45); L12 Critical Reasoning and Logic (0.35); L05 Self-Knowledge, Identity, and Humility (0.20)","Separate events and evidence from assumptions, stories, emotions, motives, predictions, and conclusions.","Can rewrite a disputed situation into facts, interpretations, and unknowns.",cross_context_core,cross_tradition_core_or_broadly_recurrent,agency; stewardship,conceptual_explanation; artifact; performance_task; longitudinal_review,,Master competency,"Before: Why does this matter now, and what will I deliberately practice? During: What resistance, choice, or pattern appeared? After: What happened, what evidence changed, and what should I repeat or revise?"
"Models, simulations, and abstraction limits",09.16,380,Later,0.1276,0.706,0.7939,0.466,Not started,FALSE,"Reasoning, Science, Truth, and Decision-Making","Systems Thinking, Judgment, and Decision-Making",L14,0.45,"L14 Systems Thinking, Judgment, and Decision-Making (0.45); L12 Critical Reasoning and Logic (0.30); L13 Evidence, Truth, and Epistemic Humility (0.25)","Use models as purposeful simplifications while tracking assumptions, sensitivity, validation, and domains of failure.",Can state what a model omits and identify evidence that would make it unreliable.,cross_context_core,cross_tradition_core_or_broadly_recurrent,agency; stewardship,conceptual_explanation; artifact; performance_task; longitudinal_review,,Master competency,"Before: Why does this matter now, and what will I deliberately practice? During: What resistance, choice, or pattern appeared? After: What happened, what evidence changed, and what should I repeat or revise?"
Source and evidence evaluation,09.04,381,Later,0.1273,0.7047,0.7873,0.4684,Not started,FALSE,"Reasoning, Science, Truth, and Decision-Making","Evidence, Truth, and Epistemic Humility",L13,0.75,"L13 Evidence, Truth, and Epistemic Humility (0.75); L12 Critical Reasoning and Logic (0.15); L19 Digital Agency, Media Literacy, and Security (0.10)","Assess expertise, incentives, methodology, sample quality, replication, uncertainty, and competing explanations.",Produces a calibrated confidence judgment rather than reflexive acceptance or dismissal.,cross_context_core,cross_tradition_core_or_broadly_recurrent,agency; stewardship,conceptual_explanation; artifact; performance_task; longitudinal_review,,Master competency,"Before: Why does this matter now, and what will I deliberately practice? During: What resistance, choice, or pattern appeared? After: What happened, what evidence changed, and what should I repeat or revise?"
Logic and argument structure,09.02,382,Later,0.1182,0.726,0.8531,0.4199,Not started,FALSE,"Reasoning, Science, Truth, and Decision-Making",Critical Reasoning and Logic,L12,0.75,"L12 Critical Reasoning and Logic (0.75); L23 Communication and Listening (0.15); L13 Evidence, Truth, and Epistemic Humility (0.10)","Understand premises, conclusions, validity, soundness, contradiction, inference, fallacy, and burden of proof.",Can reconstruct and evaluate an argument rather than reacting only to its conclusion.,cross_context_core,cross_tradition_core_or_broadly_recurrent,agency; stewardship,conceptual_explanation; artifact; performance_task; longitudinal_review,,Master competency,"Before: Why does this matter now, and what will I deliberately practice? During: What resistance, choice, or pattern appeared? After: What happened, what evidence changed, and what should I repeat or revise?"
Statistical literacy,09.13,383,Later,0.1084,0.7333,0.8444,0.4388,Not started,FALSE,"Reasoning, Science, Truth, and Decision-Making","Evidence, Truth, and Epistemic Humility",L13,0.55,"L13 Evidence, Truth, and Epistemic Humility (0.55); L12 Critical Reasoning and Logic (0.45)","Understand distributions, sampling, uncertainty, correlation, effect size, regression, base rates, and misleading presentation.",Can interpret a common statistical claim and identify what the data do and do not establish.,cross_context_core,cross_tradition_core_or_broadly_recurrent,agency; stewardship,conceptual_explanation; artifact; performance_task; longitudinal_review,,Master competency,"Before: Why does this matter now, and what will I deliberately practice? During: What resistance, choice, or pattern appeared? After: What happened, what evidence changed, and what should I repeat or revise?"
