competency_id,domain_id,domain_name,competency_name,lever_1_id,lever_1_name,lever_1_weight,lever_2_id,lever_2_name,lever_2_weight,lever_3_id,lever_3_name,lever_3_weight,lever_4_id,lever_4_name,lever_4_weight,lever_5_id,lever_5_name,lever_5_weight,top_archetype_1,top_archetype_1_affinity,top_archetype_2,top_archetype_2_affinity,top_archetype_3,top_archetype_3_affinity
01.01,01,"Meaning, Worldview, and Purpose",Conceptions of flourishing,L01,Purpose and Direction,0.55,L36,"Life Design, Balance, and Seasonality",0.25,L02,"Values, Integrity, and Moral Courage",0.2,,,,,,,The Steward,0.705,The Seeker,0.62,The Reformer,0.505
01.02,01,"Meaning, Worldview, and Purpose",A provisional worldview,L01,Purpose and Direction,0.45,L03,"Spirituality, Reverence, and Transcendence",0.25,L13,"Evidence, Truth, and Epistemic Humility",0.2,L11,"Adaptability, Uncertainty, and Learning from Failure",0.1,,,,The Seeker,0.775,The Steward,0.645,The Creator,0.575
01.03,01,"Meaning, Worldview, and Purpose",Chosen and inherited values,L05,"Self-Knowledge, Identity, and Humility",0.45,L02,"Values, Integrity, and Moral Courage",0.4,L31,"Justice, Pluralism, and Social Responsibility",0.15,,,,,,,The Seeker,0.542,The Architect,0.5,The Steward,0.453
01.04,01,"Meaning, Worldview, and Purpose",A hierarchy of goods,L02,"Values, Integrity, and Moral Courage",0.45,L14,"Systems Thinking, Judgment, and Decision-Making",0.3,L36,"Life Design, Balance, and Seasonality",0.25,,,,,,,The Architect,0.56,The Steward,0.515,The Builder,0.505
01.05,01,"Meaning, Worldview, and Purpose",Purpose and calling,L01,Purpose and Direction,0.7,L36,"Life Design, Balance, and Seasonality",0.2,L32,"Work, Craft, Professionalism, and Contribution",0.1,,,,,,,The Steward,0.695,The Seeker,0.655,The Reformer,0.515
01.06,01,"Meaning, Worldview, and Purpose",Meaning versus status,L01,Purpose and Direction,0.45,L05,"Self-Knowledge, Identity, and Humility",0.3,L09,Temperance and Desire Governance,0.15,L36,"Life Design, Balance, and Seasonality",0.1,,,,The Seeker,0.648,The Steward,0.538,The Reformer,0.45
01.07,01,"Meaning, Worldview, and Purpose",Commitment under uncertainty,L11,"Adaptability, Uncertainty, and Learning from Failure",0.45,L14,"Systems Thinking, Judgment, and Decision-Making",0.3,L10,"Discipline, Habits, and Follow-Through",0.25,,,,,,,The Strategist,0.583,The Trailblazer,0.542,The Builder,0.495
01.08,01,"Meaning, Worldview, and Purpose",Existential responsibility,L01,Purpose and Direction,0.35,L10,"Discipline, Habits, and Follow-Through",0.25,L11,"Adaptability, Uncertainty, and Learning from Failure",0.2,L05,"Self-Knowledge, Identity, and Humility",0.2,,,,The Seeker,0.505,The Reformer,0.468,The Strategist,0.432
01.09,01,"Meaning, Worldview, and Purpose",Life review and philosophical revision,L36,"Life Design, Balance, and Seasonality",0.5,L05,"Self-Knowledge, Identity, and Humility",0.25,L01,Purpose and Direction,0.25,,,,,,,The Seeker,0.575,The Steward,0.5,The Architect,0.475
01.10,01,"Meaning, Worldview, and Purpose",Meaning after disillusionment,L04,"Mortality, Suffering, Gratitude, and Hope",0.45,L01,Purpose and Direction,0.35,L11,"Adaptability, Uncertainty, and Learning from Failure",0.2,,,,,,,The Seeker,0.655,The Reformer,0.605,The Healer,0.59
01.11,01,"Meaning, Worldview, and Purpose",Plural ends and reasonable disagreement,L31,"Justice, Pluralism, and Social Responsibility",0.45,L01,Purpose and Direction,0.3,L24,"Empathy, Social Perception, and Perspective-Taking",0.15,L13,"Evidence, Truth, and Epistemic Humility",0.1,,,,The Seeker,0.56,The Steward,0.527,The Healer,0.482
02.01,02,"Ethics, Virtue, and Integrity",Moral frameworks,L02,"Values, Integrity, and Moral Courage",0.6,L12,Critical Reasoning and Logic,0.2,L31,"Justice, Pluralism, and Social Responsibility",0.2,,,,,,,The Architect,0.56,The Steward,0.55,The Builder,0.49
02.02,02,"Ethics, Virtue, and Integrity",Moral perception,L02,"Values, Integrity, and Moral Courage",0.6,L24,"Empathy, Social Perception, and Perspective-Taking",0.2,L14,"Systems Thinking, Judgment, and Decision-Making",0.2,,,,,,,The Steward,0.49,The Architect,0.47,The Builder,0.45
02.03,02,"Ethics, Virtue, and Integrity",Behavioral definitions of virtue,L02,"Values, Integrity, and Moral Courage",0.7,L10,"Discipline, Habits, and Follow-Through",0.15,L05,"Self-Knowledge, Identity, and Humility",0.15,,,,,,,The Steward,0.572,The Builder,0.555,The Architect,0.492
02.04,02,"Ethics, Virtue, and Integrity",Truthfulness and candor,L02,"Values, Integrity, and Moral Courage",0.5,L23,Communication and Listening,0.3,L25,"Boundaries, Assertiveness, and Self-Respect",0.2,,,,,,,The Builder,0.485,The Guardian,0.465,The Steward,0.42
02.05,02,"Ethics, Virtue, and Integrity","Promises, reliability, and one's word",L02,"Values, Integrity, and Moral Courage",0.5,L10,"Discipline, Habits, and Follow-Through",0.35,L32,"Work, Craft, Professionalism, and Contribution",0.15,,,,,,,The Builder,0.72,The Steward,0.525,The Reformer,0.495
02.06,02,"Ethics, Virtue, and Integrity","Justice, fairness, and equal dignity",L31,"Justice, Pluralism, and Social Responsibility",0.6,L02,"Values, Integrity, and Moral Courage",0.3,L24,"Empathy, Social Perception, and Perspective-Taking",0.1,,,,,,,The Steward,0.55,The Architect,0.465,The Guardian,0.455
02.07,02,"Ethics, Virtue, and Integrity",Moral courage,L02,"Values, Integrity, and Moral Courage",0.5,L25,"Boundaries, Assertiveness, and Self-Respect",0.3,L30,"Service, Citizenship, and Civic Agency",0.2,,,,,,,The Builder,0.545,The Steward,0.51,The Guardian,0.45
02.08,02,"Ethics, Virtue, and Integrity",Temperance and moderation,L09,Temperance and Desire Governance,0.7,L02,"Values, Integrity, and Moral Courage",0.2,L10,"Discipline, Habits, and Follow-Through",0.1,,,,,,,The Builder,0.735,The Reformer,0.575,The Strategist,0.51
02.09,02,"Ethics, Virtue, and Integrity","Compassion, mercy, and forgiveness",L29,"Conflict, Repair, Forgiveness, and Reconciliation",0.4,L24,"Empathy, Social Perception, and Perspective-Taking",0.35,L02,"Values, Integrity, and Moral Courage",0.25,,,,,,,The Healer,0.577,The Guardian,0.568,The Catalyst,0.537
02.10,02,"Ethics, Virtue, and Integrity",Loyalty and principled dissent,L02,"Values, Integrity, and Moral Courage",0.45,L25,"Boundaries, Assertiveness, and Self-Respect",0.25,L31,"Justice, Pluralism, and Social Responsibility",0.2,L33,"Leadership, Power, Mentorship, and Institutions",0.1,,,,The Builder,0.548,The Steward,0.515,The Architect,0.463
02.11,02,"Ethics, Virtue, and Integrity","Responsibility, apology, and restitution",L29,"Conflict, Repair, Forgiveness, and Reconciliation",0.55,L02,"Values, Integrity, and Moral Courage",0.25,L23,Communication and Listening,0.2,,,,,,,The Guardian,0.54,The Catalyst,0.528,The Healer,0.495
02.12,02,"Ethics, Virtue, and Integrity",Integrity across contexts,L02,"Values, Integrity, and Moral Courage",0.7,L10,"Discipline, Habits, and Follow-Through",0.2,L05,"Self-Knowledge, Identity, and Humility",0.1,,,,,,,The Builder,0.6,The Steward,0.58,The Architect,0.49
02.13,02,"Ethics, Virtue, and Integrity","Moral luck, complicity, and dirty hands",L02,"Values, Integrity, and Moral Courage",0.4,L14,"Systems Thinking, Judgment, and Decision-Making",0.25,L31,"Justice, Pluralism, and Social Responsibility",0.2,L04,"Mortality, Suffering, Gratitude, and Hope",0.15,,,,The Steward,0.542,The Architect,0.49,The Seeker,0.468
02.14,02,"Ethics, Virtue, and Integrity","Conscience, conscientious objection, and civil disobedience",L31,"Justice, Pluralism, and Social Responsibility",0.4,L02,"Values, Integrity, and Moral Courage",0.3,L30,"Service, Citizenship, and Civic Agency",0.2,L25,"Boundaries, Assertiveness, and Self-Respect",0.1,,,,The Steward,0.55,The Builder,0.475,The Architect,0.455
02.15,02,"Ethics, Virtue, and Integrity",Ethics of care and dependency,L28,"Family, Parenting, and Caregiving",0.35,L24,"Empathy, Social Perception, and Perspective-Taking",0.3,L02,"Values, Integrity, and Moral Courage",0.2,L31,"Justice, Pluralism, and Social Responsibility",0.15,,,,The Guardian,0.623,The Healer,0.537,The Counselor,0.47
03.01,03,"Spirituality, Religion, Ritual, and Transcendence",Metaphysical and spiritual inquiry,L03,"Spirituality, Reverence, and Transcendence",0.55,L01,Purpose and Direction,0.25,L13,"Evidence, Truth, and Epistemic Humility",0.2,,,,,,,The Seeker,0.855,The Steward,0.745,The Healer,0.72
03.02,03,"Spirituality, Religion, Ritual, and Transcendence",Serious study of a wisdom tradition,L03,"Spirituality, Reverence, and Transcendence",0.6,L15,"Learning Agility, Memory, and Teaching",0.25,L31,"Justice, Pluralism, and Social Responsibility",0.15,,,,,,,The Seeker,0.708,The Healer,0.698,The Creator,0.653
03.03,03,"Spirituality, Religion, Ritual, and Transcendence","Contemplation, prayer, and silence",L03,"Spirituality, Reverence, and Transcendence",0.65,L08,Attention and Presence,0.25,L07,Emotional Regulation and Resilience,0.1,,,,,,,The Reformer,0.76,The Seeker,0.755,The Healer,0.748
03.04,03,"Spirituality, Religion, Ritual, and Transcendence",Reverence and the sacred,L03,"Spirituality, Reverence, and Transcendence",0.75,L16,"Creativity, Aesthetics, and Cultural Literacy",0.15,L34,"Play, Rest, Celebration, and Joy",0.1,,,,,,,The Creator,0.855,The Healer,0.84,The Seeker,0.74
03.05,03,"Spirituality, Religion, Ritual, and Transcendence",Gratitude and received life,L03,"Spirituality, Reverence, and Transcendence",0.5,L34,"Play, Rest, Celebration, and Joy",0.25,L04,"Mortality, Suffering, Gratitude, and Hope",0.15,L36,"Life Design, Balance, and Seasonality",0.1,,,,The Healer,0.762,The Creator,0.72,The Reformer,0.66
03.06,03,"Spirituality, Religion, Ritual, and Transcendence",Surrender and limits of control,L03,"Spirituality, Reverence, and Transcendence",0.45,L04,"Mortality, Suffering, Gratitude, and Hope",0.3,L11,"Adaptability, Uncertainty, and Learning from Failure",0.25,,,,,,,The Healer,0.715,The Reformer,0.715,The Creator,0.71
03.07,03,"Spirituality, Religion, Ritual, and Transcendence",Religious and spiritual community,L03,"Spirituality, Reverence, and Transcendence",0.5,L26,"Friendship, Belonging, and Hospitality",0.3,L30,"Service, Citizenship, and Civic Agency",0.2,,,,,,,The Healer,0.825,The Steward,0.625,The Creator,0.56
03.08,03,"Spirituality, Religion, Ritual, and Transcendence",Vocation and service beyond self,L01,Purpose and Direction,0.35,L03,"Spirituality, Reverence, and Transcendence",0.3,L30,"Service, Citizenship, and Civic Agency",0.25,L32,"Work, Craft, Professionalism, and Contribution",0.1,,,,The Steward,0.71,The Seeker,0.652,The Healer,0.64
03.09,03,"Spirituality, Religion, Ritual, and Transcendence","Ritual, remembrance, and sacred time",L03,"Spirituality, Reverence, and Transcendence",0.55,L36,"Life Design, Balance, and Seasonality",0.2,L26,"Friendship, Belonging, and Hospitality",0.15,L34,"Play, Rest, Celebration, and Joy",0.1,,,,The Healer,0.768,The Steward,0.658,The Creator,0.645
03.10,03,"Spirituality, Religion, Ritual, and Transcendence","Communal worship, liturgy, and shared sacred practice",L03,"Spirituality, Reverence, and Transcendence",0.6,L26,"Friendship, Belonging, and Hospitality",0.25,L16,"Creativity, Aesthetics, and Cultural Literacy",0.15,,,,,,,The Healer,0.833,The Creator,0.71,The Steward,0.633
03.11,03,"Spirituality, Religion, Ritual, and Transcendence","Authority, tradition, conscience, and reform",L03,"Spirituality, Reverence, and Transcendence",0.35,L31,"Justice, Pluralism, and Social Responsibility",0.25,L02,"Values, Integrity, and Moral Courage",0.2,L13,"Evidence, Truth, and Epistemic Humility",0.2,,,,The Seeker,0.668,The Steward,0.642,The Healer,0.53
03.12,03,"Spirituality, Religion, Ritual, and Transcendence",Religious pluralism and interfaith humility,L31,"Justice, Pluralism, and Social Responsibility",0.45,L03,"Spirituality, Reverence, and Transcendence",0.3,L24,"Empathy, Social Perception, and Perspective-Taking",0.15,L05,"Self-Knowledge, Identity, and Humility",0.1,,,,The Healer,0.627,The Seeker,0.58,The Steward,0.552
03.13,03,"Spirituality, Religion, Ritual, and Transcendence","Mystical, ecstatic, and peak experience",L03,"Spirituality, Reverence, and Transcendence",0.65,L04,"Mortality, Suffering, Gratitude, and Hope",0.15,L16,"Creativity, Aesthetics, and Cultural Literacy",0.1,L35,"Nature, Exploration, and Adventure",0.1,,,,The Creator,0.825,The Healer,0.82,The Reformer,0.745
04.01,04,"Mortality, Suffering, Tragedy, and Hope","Suffering, evil, and lament",L04,"Mortality, Suffering, Gratitude, and Hope",0.65,L03,"Spirituality, Reverence, and Transcendence",0.2,L06,Emotional Awareness and Literacy,0.15,,,,,,,The Healer,0.81,The Seeker,0.695,The Reformer,0.665
04.02,04,"Mortality, Suffering, Tragedy, and Hope",Mortality and impermanence,L04,"Mortality, Suffering, Gratitude, and Hope",0.75,L03,"Spirituality, Reverence, and Transcendence",0.15,L36,"Life Design, Balance, and Seasonality",0.1,,,,,,,The Healer,0.78,The Seeker,0.7,The Reformer,0.69
04.03,04,"Mortality, Suffering, Tragedy, and Hope",Tragic knowledge and the limits of control,L04,"Mortality, Suffering, Gratitude, and Hope",0.55,L11,"Adaptability, Uncertainty, and Learning from Failure",0.25,L14,"Systems Thinking, Judgment, and Decision-Making",0.2,,,,,,,The Seeker,0.55,The Reformer,0.525,The Creator,0.475
04.04,04,"Mortality, Suffering, Tragedy, and Hope",Meaning after catastrophic loss,L04,"Mortality, Suffering, Gratitude, and Hope",0.6,L01,Purpose and Direction,0.25,L07,Emotional Regulation and Resilience,0.15,,,,,,,The Healer,0.682,The Seeker,0.65,The Reformer,0.645
04.05,04,"Mortality, Suffering, Tragedy, and Hope","Absurdity, existential anxiety, and meaninglessness",L04,"Mortality, Suffering, Gratitude, and Hope",0.5,L01,Purpose and Direction,0.3,L07,Emotional Regulation and Resilience,0.2,,,,,,,The Healer,0.65,The Reformer,0.63,The Seeker,0.63
04.06,04,"Mortality, Suffering, Tragedy, and Hope",Endurance without self-optimization,L04,"Mortality, Suffering, Gratitude, and Hope",0.45,L07,Emotional Regulation and Resilience,0.3,L05,"Self-Knowledge, Identity, and Humility",0.15,L34,"Play, Rest, Celebration, and Joy",0.1,,,,The Healer,0.562,The Reformer,0.525,The Seeker,0.5
04.07,04,"Mortality, Suffering, Tragedy, and Hope",Moral injury and compromised action,L04,"Mortality, Suffering, Gratitude, and Hope",0.4,L02,"Values, Integrity, and Moral Courage",0.35,L29,"Conflict, Repair, Forgiveness, and Reconciliation",0.15,L07,Emotional Regulation and Resilience,0.1,,,,The Reformer,0.557,The Steward,0.555,The Healer,0.55
04.08,04,"Mortality, Suffering, Tragedy, and Hope","Dying, end-of-life choices, and accompaniment",L04,"Mortality, Suffering, Gratitude, and Hope",0.45,L28,"Family, Parenting, and Caregiving",0.35,L03,"Spirituality, Reverence, and Transcendence",0.1,L23,Communication and Listening,0.1,,,,The Healer,0.698,The Steward,0.528,The Reformer,0.49
04.09,04,"Mortality, Suffering, Tragedy, and Hope",Hope without denial,L04,"Mortality, Suffering, Gratitude, and Hope",0.5,L07,Emotional Regulation and Resilience,0.3,L13,"Evidence, Truth, and Epistemic Humility",0.2,,,,,,,The Seeker,0.57,The Healer,0.525,The Reformer,0.52
04.10,04,"Mortality, Suffering, Tragedy, and Hope","Irreversibility, remorse, and living after the unfixable",L04,"Mortality, Suffering, Gratitude, and Hope",0.45,L29,"Conflict, Repair, Forgiveness, and Reconciliation",0.25,L07,Emotional Regulation and Resilience,0.15,L02,"Values, Integrity, and Moral Courage",0.15,,,,The Healer,0.608,The Reformer,0.552,The Steward,0.487
05.01,05,"Self-Knowledge, Identity, and Humility",An honest personal inventory,L05,"Self-Knowledge, Identity, and Humility",0.75,L13,"Evidence, Truth, and Epistemic Humility",0.15,L36,"Life Design, Balance, and Seasonality",0.1,,,,,,,The Seeker,0.685,The Explorer,0.63,The Counselor,0.623
05.02,05,"Self-Knowledge, Identity, and Humility",Narrative identity,L05,"Self-Knowledge, Identity, and Humility",0.7,L01,Purpose and Direction,0.15,L16,"Creativity, Aesthetics, and Cultural Literacy",0.15,,,,,,,The Seeker,0.655,The Explorer,0.59,The Counselor,0.515
05.03,05,"Self-Knowledge, Identity, and Humility","Strengths, limitations, and fit",L05,"Self-Knowledge, Identity, and Humility",0.55,L36,"Life Design, Balance, and Seasonality",0.25,L32,"Work, Craft, Professionalism, and Contribution",0.2,,,,,,,The Seeker,0.515,The Architect,0.5,The Explorer,0.483
05.04,05,"Self-Knowledge, Identity, and Humility",Personality as hypothesis,L05,"Self-Knowledge, Identity, and Humility",0.6,L13,"Evidence, Truth, and Epistemic Humility",0.25,L11,"Adaptability, Uncertainty, and Learning from Failure",0.15,,,,,,,The Explorer,0.667,The Seeker,0.665,The Counselor,0.595
05.05,05,"Self-Knowledge, Identity, and Humility",Defenses and self-deception,L05,"Self-Knowledge, Identity, and Humility",0.55,L13,"Evidence, Truth, and Epistemic Humility",0.3,L06,Emotional Awareness and Literacy,0.15,,,,,,,The Counselor,0.688,The Seeker,0.685,The Explorer,0.628
05.06,05,"Self-Knowledge, Identity, and Humility",Triggers and repeated patterns,L05,"Self-Knowledge, Identity, and Humility",0.45,L06,Emotional Awareness and Literacy,0.25,L07,Emotional Regulation and Resilience,0.2,L08,Attention and Presence,0.1,,,,The Counselor,0.598,The Seeker,0.515,The Strategist,0.485
05.07,05,"Self-Knowledge, Identity, and Humility",Feedback and disconfirmation,L05,"Self-Knowledge, Identity, and Humility",0.4,L13,"Evidence, Truth, and Epistemic Humility",0.3,L15,"Learning Agility, Memory, and Teaching",0.2,L23,Communication and Listening,0.1,,,,The Explorer,0.655,The Counselor,0.645,The Seeker,0.62
05.08,05,"Self-Knowledge, Identity, and Humility",Self-worth beyond performance,L05,"Self-Knowledge, Identity, and Humility",0.55,L07,Emotional Regulation and Resilience,0.25,L01,Purpose and Direction,0.2,,,,,,,The Seeker,0.595,The Counselor,0.485,The Strategist,0.44
05.09,05,"Self-Knowledge, Identity, and Humility",Integration of conflicting parts,L05,"Self-Knowledge, Identity, and Humility",0.6,L06,Emotional Awareness and Literacy,0.2,L07,Emotional Regulation and Resilience,0.2,,,,,,,The Counselor,0.62,The Seeker,0.54,The Strategist,0.48
05.10,05,"Self-Knowledge, Identity, and Humility",Humility and proportionate self-regard,L05,"Self-Knowledge, Identity, and Humility",0.55,L02,"Values, Integrity, and Moral Courage",0.2,L24,"Empathy, Social Perception, and Perspective-Taking",0.15,L13,"Evidence, Truth, and Epistemic Humility",0.1,,,,The Seeker,0.583,The Counselor,0.568,The Explorer,0.49
05.11,05,"Self-Knowledge, Identity, and Humility",Embodied and socially situated identity,L05,"Self-Knowledge, Identity, and Humility",0.5,L17,"Physical Health, Vitality, and Embodiment",0.2,L31,"Justice, Pluralism, and Social Responsibility",0.2,L24,"Empathy, Social Perception, and Perspective-Taking",0.1,,,,The Counselor,0.495,The Seeker,0.465,The Strategist,0.425
05.12,05,"Self-Knowledge, Identity, and Humility",Cultural self-location and inherited assumptions,L05,"Self-Knowledge, Identity, and Humility",0.4,L31,"Justice, Pluralism, and Social Responsibility",0.3,L13,"Evidence, Truth, and Epistemic Humility",0.2,L24,"Empathy, Social Perception, and Perspective-Taking",0.1,,,,The Seeker,0.6,The Counselor,0.585,The Architect,0.535
06.01,06,"Vulnerability, Trauma, Disability, Neurodiversity, and Dependency",Vulnerability as a human condition,L05,"Self-Knowledge, Identity, and Humility",0.3,L04,"Mortality, Suffering, Gratitude, and Hope",0.25,L24,"Empathy, Social Perception, and Perspective-Taking",0.2,L28,"Family, Parenting, and Caregiving",0.15,L07,Emotional Regulation and Resilience,0.1,The Healer,0.573,The Counselor,0.533,The Seeker,0.47
06.02,06,"Vulnerability, Trauma, Disability, Neurodiversity, and Dependency",Trauma and post-traumatic stress literacy,L07,Emotional Regulation and Resilience,0.4,L17,"Physical Health, Vitality, and Embodiment",0.2,L13,"Evidence, Truth, and Epistemic Humility",0.15,L20,"Safety, Risk, and Preparedness",0.15,L28,"Family, Parenting, and Caregiving",0.1,The Builder,0.558,The Catalyst,0.487,The Strategist,0.483
06.03,06,"Vulnerability, Trauma, Disability, Neurodiversity, and Dependency",Recovery after violation and betrayal,L07,Emotional Regulation and Resilience,0.35,L29,"Conflict, Repair, Forgiveness, and Reconciliation",0.3,L25,"Boundaries, Assertiveness, and Self-Respect",0.2,L24,"Empathy, Social Perception, and Perspective-Taking",0.15,,,,The Catalyst,0.65,The Guardian,0.517,The Counselor,0.482
06.04,06,"Vulnerability, Trauma, Disability, Neurodiversity, and Dependency",Chronic illness adaptation,L17,"Physical Health, Vitality, and Embodiment",0.4,L11,"Adaptability, Uncertainty, and Learning from Failure",0.25,L07,Emotional Regulation and Resilience,0.2,L36,"Life Design, Balance, and Seasonality",0.15,,,,The Builder,0.545,The Trailblazer,0.545,The Catalyst,0.475
06.05,06,"Vulnerability, Trauma, Disability, Neurodiversity, and Dependency",Chronic pain and pain-related functioning,L17,"Physical Health, Vitality, and Embodiment",0.45,L07,Emotional Regulation and Resilience,0.25,L11,"Adaptability, Uncertainty, and Learning from Failure",0.15,L36,"Life Design, Balance, and Seasonality",0.15,,,,The Builder,0.58,The Trailblazer,0.528,The Catalyst,0.508
06.06,06,"Vulnerability, Trauma, Disability, Neurodiversity, and Dependency","Disability identity, access, and adaptive excellence",L17,"Physical Health, Vitality, and Embodiment",0.25,L31,"Justice, Pluralism, and Social Responsibility",0.25,L11,"Adaptability, Uncertainty, and Learning from Failure",0.2,L05,"Self-Knowledge, Identity, and Humility",0.15,L36,"Life Design, Balance, and Seasonality",0.15,The Strategist,0.42,The Builder,0.407,The Trailblazer,0.38
06.07,06,"Vulnerability, Trauma, Disability, Neurodiversity, and Dependency",Neurodiversity and cognitive variation,L05,"Self-Knowledge, Identity, and Humility",0.3,L15,"Learning Agility, Memory, and Teaching",0.25,L31,"Justice, Pluralism, and Social Responsibility",0.2,L11,"Adaptability, Uncertainty, and Learning from Failure",0.15,L13,"Evidence, Truth, and Epistemic Humility",0.1,The Explorer,0.575,The Seeker,0.525,The Counselor,0.502
06.08,06,"Vulnerability, Trauma, Disability, Neurodiversity, and Dependency",Receiving care and seasons of reduced agency,L28,"Family, Parenting, and Caregiving",0.35,L04,"Mortality, Suffering, Gratitude, and Hope",0.25,L05,"Self-Knowledge, Identity, and Humility",0.2,L36,"Life Design, Balance, and Seasonality",0.2,,,,The Healer,0.522,The Steward,0.448,The Guardian,0.44
06.09,06,"Vulnerability, Trauma, Disability, Neurodiversity, and Dependency","Accommodation, assistive technology, and universal design",L31,"Justice, Pluralism, and Social Responsibility",0.3,L18,Domestic Competence and Material Self-Sufficiency,0.25,L19,"Digital Agency, Media Literacy, and Security",0.2,L17,"Physical Health, Vitality, and Embodiment",0.15,L11,"Adaptability, Uncertainty, and Learning from Failure",0.1,The Builder,0.562,The Architect,0.475,The Strategist,0.438
06.10,06,"Vulnerability, Trauma, Disability, Neurodiversity, and Dependency",Dignity under limitation and loss of role,L05,"Self-Knowledge, Identity, and Humility",0.35,L04,"Mortality, Suffering, Gratitude, and Hope",0.3,L01,Purpose and Direction,0.2,L31,"Justice, Pluralism, and Social Responsibility",0.15,,,,The Seeker,0.682,The Healer,0.542,The Steward,0.493
06.11,06,"Vulnerability, Trauma, Disability, Neurodiversity, and Dependency","Relapse, recurrence, and nonlinear recovery",L07,Emotional Regulation and Resilience,0.35,L11,"Adaptability, Uncertainty, and Learning from Failure",0.3,L04,"Mortality, Suffering, Gratitude, and Hope",0.2,L36,"Life Design, Balance, and Seasonality",0.15,,,,The Reformer,0.48,The Strategist,0.41,The Catalyst,0.407
06.12,06,"Vulnerability, Trauma, Disability, Neurodiversity, and Dependency",Care-recipient agency and safeguarding,L28,"Family, Parenting, and Caregiving",0.3,L25,"Boundaries, Assertiveness, and Self-Respect",0.25,L31,"Justice, Pluralism, and Social Responsibility",0.25,L20,"Safety, Risk, and Preparedness",0.2,,,,The Guardian,0.588,The Builder,0.533,The Catalyst,0.46
06.13,06,"Vulnerability, Trauma, Disability, Neurodiversity, and Dependency","Ableism, stigma, and inclusive participation",L31,"Justice, Pluralism, and Social Responsibility",0.55,L24,"Empathy, Social Perception, and Perspective-Taking",0.2,L30,"Service, Citizenship, and Civic Agency",0.15,L25,"Boundaries, Assertiveness, and Self-Respect",0.1,,,,The Guardian,0.503,The Healer,0.475,The Counselor,0.45
06.14,06,"Vulnerability, Trauma, Disability, Neurodiversity, and Dependency",Professional and emergency boundaries,L25,"Boundaries, Assertiveness, and Self-Respect",0.35,L20,"Safety, Risk, and Preparedness",0.3,L28,"Family, Parenting, and Caregiving",0.2,L32,"Work, Craft, Professionalism, and Contribution",0.15,,,,The Builder,0.627,The Guardian,0.56,The Catalyst,0.502
07.01,07,"Emotional Maturity, Resilience, and Mental Well-Being",Emotional vocabulary and differentiation,L06,Emotional Awareness and Literacy,0.8,L23,Communication and Listening,0.2,,,,,,,,,,The Counselor,0.77,The Catalyst,0.6,The Healer,0.57
07.02,07,"Emotional Maturity, Resilience, and Mental Well-Being",Body-based emotional awareness,L06,Emotional Awareness and Literacy,0.55,L17,"Physical Health, Vitality, and Embodiment",0.3,L08,Attention and Presence,0.15,,,,,,,The Catalyst,0.547,The Counselor,0.523,The Strategist,0.46
07.03,07,"Emotional Maturity, Resilience, and Mental Well-Being",The pause between feeling and action,L07,Emotional Regulation and Resilience,0.45,L08,Attention and Presence,0.3,L09,Temperance and Desire Governance,0.25,,,,,,,The Builder,0.555,The Strategist,0.542,The Reformer,0.525
07.04,07,"Emotional Maturity, Resilience, and Mental Well-Being",Anxiety and courageous exposure,L07,Emotional Regulation and Resilience,0.55,L11,"Adaptability, Uncertainty, and Learning from Failure",0.25,L10,"Discipline, Habits, and Follow-Through",0.2,,,,,,,The Builder,0.558,The Catalyst,0.543,The Strategist,0.53
07.05,07,"Emotional Maturity, Resilience, and Mental Well-Being",Anger and assertive repair,L07,Emotional Regulation and Resilience,0.35,L25,"Boundaries, Assertiveness, and Self-Respect",0.3,L29,"Conflict, Repair, Forgiveness, and Reconciliation",0.25,L23,Communication and Listening,0.1,,,,The Catalyst,0.645,The Guardian,0.495,The Builder,0.47
07.06,07,"Emotional Maturity, Resilience, and Mental Well-Being","Sadness, grief, and loss",L06,Emotional Awareness and Literacy,0.3,L07,Emotional Regulation and Resilience,0.3,L04,"Mortality, Suffering, Gratitude, and Hope",0.3,L24,"Empathy, Social Perception, and Perspective-Taking",0.1,,,,The Healer,0.6,The Catalyst,0.53,The Counselor,0.515
07.07,07,"Emotional Maturity, Resilience, and Mental Well-Being","Shame, guilt, and remorse",L06,Emotional Awareness and Literacy,0.35,L07,Emotional Regulation and Resilience,0.25,L02,"Values, Integrity, and Moral Courage",0.2,L29,"Conflict, Repair, Forgiveness, and Reconciliation",0.2,,,,The Catalyst,0.542,The Counselor,0.487,The Healer,0.477
07.08,07,"Emotional Maturity, Resilience, and Mental Well-Being","Envy, jealousy, and comparison",L06,Emotional Awareness and Literacy,0.3,L07,Emotional Regulation and Resilience,0.3,L09,Temperance and Desire Governance,0.2,L05,"Self-Knowledge, Identity, and Humility",0.2,,,,The Catalyst,0.495,The Counselor,0.495,The Strategist,0.48
07.09,07,"Emotional Maturity, Resilience, and Mental Well-Being",Healthy emotional expression,L06,Emotional Awareness and Literacy,0.35,L23,Communication and Listening,0.3,L25,"Boundaries, Assertiveness, and Self-Respect",0.2,L07,Emotional Regulation and Resilience,0.15,,,,The Catalyst,0.617,The Counselor,0.617,The Guardian,0.5
07.10,07,"Emotional Maturity, Resilience, and Mental Well-Being",Self-compassion with standards,L07,Emotional Regulation and Resilience,0.4,L05,"Self-Knowledge, Identity, and Humility",0.3,L10,"Discipline, Habits, and Follow-Through",0.2,L02,"Values, Integrity, and Moral Courage",0.1,,,,The Strategist,0.51,The Builder,0.46,The Catalyst,0.435
07.11,07,"Emotional Maturity, Resilience, and Mental Well-Being","Hope, optimism, joy, and contentment",L07,Emotional Regulation and Resilience,0.4,L34,"Play, Rest, Celebration, and Joy",0.25,L04,"Mortality, Suffering, Gratitude, and Hope",0.2,L03,"Spirituality, Reverence, and Transcendence",0.15,,,,The Healer,0.562,The Reformer,0.55,The Creator,0.445
07.12,07,"Emotional Maturity, Resilience, and Mental Well-Being",Resilience and post-setback adaptation,L07,Emotional Regulation and Resilience,0.55,L11,"Adaptability, Uncertainty, and Learning from Failure",0.3,L10,"Discipline, Habits, and Follow-Through",0.15,,,,,,,The Catalyst,0.53,The Builder,0.528,The Strategist,0.522
07.13,07,"Emotional Maturity, Resilience, and Mental Well-Being",Mental-health literacy and help-seeking,L07,Emotional Regulation and Resilience,0.35,L17,"Physical Health, Vitality, and Embodiment",0.25,L25,"Boundaries, Assertiveness, and Self-Respect",0.2,L13,"Evidence, Truth, and Epistemic Humility",0.2,,,,The Strategist,0.54,The Builder,0.52,The Catalyst,0.507
07.14,07,"Emotional Maturity, Resilience, and Mental Well-Being",Chronic dysregulation and skill generalization,L07,Emotional Regulation and Resilience,0.55,L10,"Discipline, Habits, and Follow-Through",0.2,L11,"Adaptability, Uncertainty, and Learning from Failure",0.15,L08,Attention and Presence,0.1,,,,The Builder,0.568,The Strategist,0.54,The Catalyst,0.538
08.01,08,"Attention, Desire, Temperance, and Discipline",Attention audit,L08,Attention and Presence,0.6,L10,"Discipline, Habits, and Follow-Through",0.25,L36,"Life Design, Balance, and Seasonality",0.15,,,,,,,The Strategist,0.568,The Builder,0.525,The Architect,0.487
08.02,08,"Attention, Desire, Temperance, and Discipline",Mindfulness and present attention,L08,Attention and Presence,0.75,L03,"Spirituality, Reverence, and Transcendence",0.15,L17,"Physical Health, Vitality, and Embodiment",0.1,,,,,,,The Seeker,0.585,The Reformer,0.56,The Strategist,0.5
08.03,08,"Attention, Desire, Temperance, and Discipline",Impulse control,L09,Temperance and Desire Governance,0.55,L08,Attention and Presence,0.25,L10,"Discipline, Habits, and Follow-Through",0.2,,,,,,,The Builder,0.693,The Strategist,0.583,The Reformer,0.565
08.04,08,"Attention, Desire, Temperance, and Discipline","Desire, craving, and lust",L09,Temperance and Desire Governance,0.65,L05,"Self-Knowledge, Identity, and Humility",0.15,L27,"Intimacy, Sexuality, and Partnership",0.1,L08,Attention and Presence,0.1,,,,The Builder,0.553,The Strategist,0.503,The Reformer,0.49
08.05,08,"Attention, Desire, Temperance, and Discipline",Tolerance of discomfort,L09,Temperance and Desire Governance,0.35,L07,Emotional Regulation and Resilience,0.3,L10,"Discipline, Habits, and Follow-Through",0.2,L11,"Adaptability, Uncertainty, and Learning from Failure",0.15,,,,The Builder,0.652,The Strategist,0.547,The Reformer,0.53
08.06,08,"Attention, Desire, Temperance, and Discipline",Action independent of motivation,L10,"Discipline, Habits, and Follow-Through",0.55,L09,Temperance and Desire Governance,0.2,L07,Emotional Regulation and Resilience,0.15,L01,Purpose and Direction,0.1,,,,The Builder,0.748,The Strategist,0.562,The Reformer,0.557
08.07,08,"Attention, Desire, Temperance, and Discipline",Habit and environment design,L10,"Discipline, Habits, and Follow-Through",0.65,L14,"Systems Thinking, Judgment, and Decision-Making",0.2,L18,Domestic Competence and Material Self-Sufficiency,0.15,,,,,,,The Builder,0.795,The Strategist,0.62,The Architect,0.515
08.08,08,"Attention, Desire, Temperance, and Discipline",Consistency and minimum standards,L10,"Discipline, Habits, and Follow-Through",0.75,L09,Temperance and Desire Governance,0.15,L36,"Life Design, Balance, and Seasonality",0.1,,,,,,,The Builder,0.828,The Strategist,0.6,The Reformer,0.532
08.09,08,"Attention, Desire, Temperance, and Discipline",Voluntary restraint and hardship,L09,Temperance and Desire Governance,0.5,L10,"Discipline, Habits, and Follow-Through",0.25,L03,"Spirituality, Reverence, and Transcendence",0.15,L17,"Physical Health, Vitality, and Embodiment",0.1,,,,The Builder,0.675,The Reformer,0.623,The Strategist,0.488
08.10,08,"Attention, Desire, Temperance, and Discipline",Completion and perseverance,L10,"Discipline, Habits, and Follow-Through",0.75,L07,Emotional Regulation and Resilience,0.15,L32,"Work, Craft, Professionalism, and Contribution",0.1,,,,,,,The Builder,0.828,The Strategist,0.613,The Catalyst,0.55
08.11,08,"Attention, Desire, Temperance, and Discipline",Discipline without domination or purity,L10,"Discipline, Habits, and Follow-Through",0.45,L09,Temperance and Desire Governance,0.25,L05,"Self-Knowledge, Identity, and Humility",0.15,L02,"Values, Integrity, and Moral Courage",0.15,,,,The Builder,0.682,The Strategist,0.55,The Reformer,0.503
09.01,09,"Reasoning, Science, Truth, and Decision-Making",Observation versus interpretation,L13,"Evidence, Truth, and Epistemic Humility",0.45,L12,Critical Reasoning and Logic,0.35,L05,"Self-Knowledge, Identity, and Humility",0.2,,,,,,,The Architect,0.762,The Seeker,0.745,The Explorer,0.73
09.02,09,"Reasoning, Science, Truth, and Decision-Making",Logic and argument structure,L12,Critical Reasoning and Logic,0.75,L23,Communication and Listening,0.15,L13,"Evidence, Truth, and Epistemic Humility",0.1,,,,,,,The Strategist,0.76,The Architect,0.73,The Counselor,0.692
09.03,09,"Reasoning, Science, Truth, and Decision-Making",Cognitive and motivational bias,L13,"Evidence, Truth, and Epistemic Humility",0.45,L05,"Self-Knowledge, Identity, and Humility",0.25,L12,Critical Reasoning and Logic,0.2,L14,"Systems Thinking, Judgment, and Decision-Making",0.1,,,,The Architect,0.738,The Seeker,0.72,The Explorer,0.705
09.04,09,"Reasoning, Science, Truth, and Decision-Making",Source and evidence evaluation,L13,"Evidence, Truth, and Epistemic Humility",0.75,L12,Critical Reasoning and Logic,0.15,L19,"Digital Agency, Media Literacy, and Security",0.1,,,,,,,The Architect,0.823,The Seeker,0.74,The Explorer,0.725
09.05,09,"Reasoning, Science, Truth, and Decision-Making",Epistemic humility,L13,"Evidence, Truth, and Epistemic Humility",0.6,L05,"Self-Knowledge, Identity, and Humility",0.2,L31,"Justice, Pluralism, and Social Responsibility",0.1,L12,Critical Reasoning and Logic,0.1,,,,The Architect,0.74,The Seeker,0.735,The Explorer,0.675
09.06,09,"Reasoning, Science, Truth, and Decision-Making",Probabilistic and scenario thinking,L14,"Systems Thinking, Judgment, and Decision-Making",0.6,L12,Critical Reasoning and Logic,0.25,L20,"Safety, Risk, and Preparedness",0.15,,,,,,,The Architect,0.718,The Strategist,0.67,The Explorer,0.54
09.07,09,"Reasoning, Science, Truth, and Decision-Making",Systems and causal reasoning,L14,"Systems Thinking, Judgment, and Decision-Making",0.7,L12,Critical Reasoning and Logic,0.2,L31,"Justice, Pluralism, and Social Responsibility",0.1,,,,,,,The Architect,0.7,The Strategist,0.655,The Explorer,0.555
09.08,09,"Reasoning, Science, Truth, and Decision-Making",Root-cause problem solving,L14,"Systems Thinking, Judgment, and Decision-Making",0.6,L12,Critical Reasoning and Logic,0.25,L32,"Work, Craft, Professionalism, and Contribution",0.15,,,,,,,The Architect,0.695,The Strategist,0.677,The Explorer,0.555
09.09,09,"Reasoning, Science, Truth, and Decision-Making",Tradeoffs and opportunity cost,L14,"Systems Thinking, Judgment, and Decision-Making",0.55,L36,"Life Design, Balance, and Seasonality",0.25,L22,"Economic Agency, Entrepreneurship, and Market Literacy",0.2,,,,,,,The Architect,0.61,The Strategist,0.552,The Builder,0.468
09.10,09,"Reasoning, Science, Truth, and Decision-Making",Risk assessment and precaution,L14,"Systems Thinking, Judgment, and Decision-Making",0.45,L20,"Safety, Risk, and Preparedness",0.4,L13,"Evidence, Truth, and Epistemic Humility",0.15,,,,,,,The Architect,0.703,The Strategist,0.578,The Builder,0.545
09.11,09,"Reasoning, Science, Truth, and Decision-Making",Practical wisdom and context,L14,"Systems Thinking, Judgment, and Decision-Making",0.5,L02,"Values, Integrity, and Moral Courage",0.25,L11,"Adaptability, Uncertainty, and Learning from Failure",0.15,L24,"Empathy, Social Perception, and Perspective-Taking",0.1,,,,The Architect,0.52,The Strategist,0.49,The Builder,0.42
09.12,09,"Reasoning, Science, Truth, and Decision-Making",Decision records and updating,L14,"Systems Thinking, Judgment, and Decision-Making",0.55,L13,"Evidence, Truth, and Epistemic Humility",0.25,L10,"Discipline, Habits, and Follow-Through",0.2,,,,,,,The Architect,0.688,The Strategist,0.663,The Explorer,0.51
09.13,09,"Reasoning, Science, Truth, and Decision-Making",Statistical literacy,L13,"Evidence, Truth, and Epistemic Humility",0.55,L12,Critical Reasoning and Logic,0.45,,,,,,,,,,The Architect,0.828,The Strategist,0.768,The Seeker,0.755
09.14,09,"Reasoning, Science, Truth, and Decision-Making",Scientific reasoning and research design,L13,"Evidence, Truth, and Epistemic Humility",0.55,L12,Critical Reasoning and Logic,0.3,L15,"Learning Agility, Memory, and Teaching",0.15,,,,,,,The Architect,0.768,The Explorer,0.743,The Strategist,0.723
09.15,09,"Reasoning, Science, Truth, and Decision-Making",Causal inference and intervention logic,L14,"Systems Thinking, Judgment, and Decision-Making",0.5,L13,"Evidence, Truth, and Epistemic Humility",0.35,L12,Critical Reasoning and Logic,0.15,,,,,,,The Architect,0.767,The Strategist,0.698,The Explorer,0.65
09.16,09,"Reasoning, Science, Truth, and Decision-Making","Models, simulations, and abstraction limits",L14,"Systems Thinking, Judgment, and Decision-Making",0.45,L12,Critical Reasoning and Logic,0.3,L13,"Evidence, Truth, and Epistemic Humility",0.25,,,,,,,The Architect,0.767,The Strategist,0.723,The Explorer,0.66
09.17,09,"Reasoning, Science, Truth, and Decision-Making",Adversarial reasoning and information operations,L13,"Evidence, Truth, and Epistemic Humility",0.4,L12,Critical Reasoning and Logic,0.25,L19,"Digital Agency, Media Literacy, and Security",0.2,L31,"Justice, Pluralism, and Social Responsibility",0.15,,,,The Architect,0.745,The Strategist,0.647,The Seeker,0.633
10.01,10,"Learning, Memory, Curiosity, Apprenticeship, and Teaching",The science of learning,L15,"Learning Agility, Memory, and Teaching",0.7,L13,"Evidence, Truth, and Epistemic Humility",0.2,L10,"Discipline, Habits, and Follow-Through",0.1,,,,,,,The Explorer,0.65,The Strategist,0.59,The Counselor,0.535
10.02,10,"Learning, Memory, Curiosity, Apprenticeship, and Teaching",Deliberate practice,L15,"Learning Agility, Memory, and Teaching",0.55,L10,"Discipline, Habits, and Follow-Through",0.3,L32,"Work, Craft, Professionalism, and Contribution",0.15,,,,,,,The Strategist,0.573,The Trailblazer,0.48,The Builder,0.458
10.03,10,"Learning, Memory, Curiosity, Apprenticeship, and Teaching",Curiosity and question formation,L15,"Learning Agility, Memory, and Teaching",0.55,L11,"Adaptability, Uncertainty, and Learning from Failure",0.25,L12,Critical Reasoning and Logic,0.2,,,,,,,The Explorer,0.685,The Strategist,0.598,The Counselor,0.493
10.04,10,"Learning, Memory, Curiosity, Apprenticeship, and Teaching",Research and information gathering,L15,"Learning Agility, Memory, and Teaching",0.4,L13,"Evidence, Truth, and Epistemic Humility",0.4,L19,"Digital Agency, Media Literacy, and Security",0.2,,,,,,,The Explorer,0.68,The Architect,0.63,The Strategist,0.61
10.05,10,"Learning, Memory, Curiosity, Apprenticeship, and Teaching",Knowledge organization and notes,L15,"Learning Agility, Memory, and Teaching",0.55,L10,"Discipline, Habits, and Follow-Through",0.25,L19,"Digital Agency, Media Literacy, and Security",0.2,,,,,,,The Strategist,0.575,The Explorer,0.51,The Architect,0.463
10.06,10,"Learning, Memory, Curiosity, Apprenticeship, and Teaching",Memory and recall,L15,"Learning Agility, Memory, and Teaching",0.8,L08,Attention and Presence,0.1,L10,"Discipline, Habits, and Follow-Through",0.1,,,,,,,The Explorer,0.605,The Strategist,0.565,The Counselor,0.485
10.07,10,"Learning, Memory, Curiosity, Apprenticeship, and Teaching",Skill decomposition and progression,L15,"Learning Agility, Memory, and Teaching",0.5,L14,"Systems Thinking, Judgment, and Decision-Making",0.3,L10,"Discipline, Habits, and Follow-Through",0.2,,,,,,,The Strategist,0.6,The Explorer,0.535,The Architect,0.5
10.08,10,"Learning, Memory, Curiosity, Apprenticeship, and Teaching",Feedback and error correction,L15,"Learning Agility, Memory, and Teaching",0.45,L11,"Adaptability, Uncertainty, and Learning from Failure",0.3,L13,"Evidence, Truth, and Epistemic Humility",0.15,L10,"Discipline, Habits, and Follow-Through",0.1,,,,The Explorer,0.617,The Strategist,0.568,The Trailblazer,0.475
10.09,10,"Learning, Memory, Curiosity, Apprenticeship, and Teaching",Independent learning and resourcefulness,L15,"Learning Agility, Memory, and Teaching",0.5,L11,"Adaptability, Uncertainty, and Learning from Failure",0.3,L10,"Discipline, Habits, and Follow-Through",0.2,,,,,,,The Strategist,0.555,The Explorer,0.55,The Trailblazer,0.545
10.10,10,"Learning, Memory, Curiosity, Apprenticeship, and Teaching",Teaching and explanation,L15,"Learning Agility, Memory, and Teaching",0.45,L23,Communication and Listening,0.35,L24,"Empathy, Social Perception, and Perspective-Taking",0.2,,,,,,,The Counselor,0.635,The Connector,0.545,The Catalyst,0.475
10.11,10,"Learning, Memory, Curiosity, Apprenticeship, and Teaching",Breadth and interdisciplinary literacy,L15,"Learning Agility, Memory, and Teaching",0.45,L12,Critical Reasoning and Logic,0.2,L16,"Creativity, Aesthetics, and Cultural Literacy",0.2,L31,"Justice, Pluralism, and Social Responsibility",0.15,,,,The Explorer,0.635,The Strategist,0.483,The Counselor,0.48
10.12,10,"Learning, Memory, Curiosity, Apprenticeship, and Teaching",Apprenticeship and tacit knowledge,L15,"Learning Agility, Memory, and Teaching",0.5,L32,"Work, Craft, Professionalism, and Contribution",0.25,L26,"Friendship, Belonging, and Hospitality",0.15,L23,Communication and Listening,0.1,,,,The Counselor,0.488,The Explorer,0.457,The Strategist,0.435
10.13,10,"Learning, Memory, Curiosity, Apprenticeship, and Teaching",Communal and intergenerational knowledge transmission,L15,"Learning Agility, Memory, and Teaching",0.35,L28,"Family, Parenting, and Caregiving",0.25,L26,"Friendship, Belonging, and Hospitality",0.2,L16,"Creativity, Aesthetics, and Cultural Literacy",0.2,,,,The Connector,0.56,The Counselor,0.475,The Guardian,0.433
10.14,10,"Learning, Memory, Curiosity, Apprenticeship, and Teaching",Accessible and differentiated learning,L15,"Learning Agility, Memory, and Teaching",0.4,L24,"Empathy, Social Perception, and Perspective-Taking",0.25,L31,"Justice, Pluralism, and Social Responsibility",0.2,L23,Communication and Listening,0.15,,,,The Counselor,0.588,The Connector,0.48,The Explorer,0.427
11.01,11,"Time, Priorities, Goals, and Execution",Time and energy audit,L10,"Discipline, Habits, and Follow-Through",0.4,L36,"Life Design, Balance, and Seasonality",0.35,L17,"Physical Health, Vitality, and Embodiment",0.15,L08,Attention and Presence,0.1,,,,The Builder,0.653,The Strategist,0.5,The Reformer,0.45
11.02,11,"Time, Priorities, Goals, and Execution",Priority hierarchy,L36,"Life Design, Balance, and Seasonality",0.4,L14,"Systems Thinking, Judgment, and Decision-Making",0.3,L01,Purpose and Direction,0.2,L10,"Discipline, Habits, and Follow-Through",0.1,,,,The Architect,0.535,The Steward,0.47,The Seeker,0.465
11.03,11,"Time, Priorities, Goals, and Execution",Goal definition and success criteria,L36,"Life Design, Balance, and Seasonality",0.4,L10,"Discipline, Habits, and Follow-Through",0.35,L14,"Systems Thinking, Judgment, and Decision-Making",0.25,,,,,,,The Builder,0.588,The Architect,0.532,The Strategist,0.51
11.04,11,"Time, Priorities, Goals, and Execution",Milestones and task decomposition,L10,"Discipline, Habits, and Follow-Through",0.45,L14,"Systems Thinking, Judgment, and Decision-Making",0.35,L32,"Work, Craft, Professionalism, and Contribution",0.2,,,,,,,The Builder,0.703,The Strategist,0.62,The Architect,0.547
11.05,11,"Time, Priorities, Goals, and Execution",Scheduling and realistic capacity,L10,"Discipline, Habits, and Follow-Through",0.45,L36,"Life Design, Balance, and Seasonality",0.3,L17,"Physical Health, Vitality, and Embodiment",0.15,L11,"Adaptability, Uncertainty, and Learning from Failure",0.1,,,,The Builder,0.667,The Strategist,0.508,The Trailblazer,0.475
11.06,11,"Time, Priorities, Goals, and Execution",Project and workflow management,L10,"Discipline, Habits, and Follow-Through",0.45,L32,"Work, Craft, Professionalism, and Contribution",0.35,L14,"Systems Thinking, Judgment, and Decision-Making",0.2,,,,,,,The Builder,0.74,The Strategist,0.598,The Architect,0.517
11.07,11,"Time, Priorities, Goals, and Execution",Pacing and sustainable intensity,L36,"Life Design, Balance, and Seasonality",0.35,L10,"Discipline, Habits, and Follow-Through",0.3,L17,"Physical Health, Vitality, and Embodiment",0.2,L34,"Play, Rest, Celebration, and Joy",0.15,,,,The Builder,0.583,The Trailblazer,0.44,The Reformer,0.415
11.08,11,"Time, Priorities, Goals, and Execution",Follow-through and accountability,L10,"Discipline, Habits, and Follow-Through",0.6,L02,"Values, Integrity, and Moral Courage",0.2,L32,"Work, Craft, Professionalism, and Contribution",0.2,,,,,,,The Builder,0.8,The Strategist,0.55,The Reformer,0.5
11.09,11,"Time, Priorities, Goals, and Execution","Review, measurement, and adaptation",L10,"Discipline, Habits, and Follow-Through",0.35,L14,"Systems Thinking, Judgment, and Decision-Making",0.3,L11,"Adaptability, Uncertainty, and Learning from Failure",0.2,L36,"Life Design, Balance, and Seasonality",0.15,,,,The Builder,0.57,The Strategist,0.568,The Architect,0.482
11.10,11,"Time, Priorities, Goals, and Execution",Saying no and ending responsibly,L25,"Boundaries, Assertiveness, and Self-Respect",0.4,L36,"Life Design, Balance, and Seasonality",0.25,L10,"Discipline, Habits, and Follow-Through",0.2,L29,"Conflict, Repair, Forgiveness, and Reconciliation",0.15,,,,The Builder,0.553,The Catalyst,0.518,The Guardian,0.46
12.01,12,"Physical Health, Fitness, and Embodiment",Health literacy and preventive care,L17,"Physical Health, Vitality, and Embodiment",0.75,L13,"Evidence, Truth, and Epistemic Humility",0.15,L10,"Discipline, Habits, and Follow-Through",0.1,,,,,,,The Builder,0.675,The Trailblazer,0.55,The Strategist,0.545
12.02,12,"Physical Health, Fitness, and Embodiment",Sleep and circadian health,L17,"Physical Health, Vitality, and Embodiment",0.85,L10,"Discipline, Habits, and Follow-Through",0.15,,,,,,,,,,The Builder,0.772,The Trailblazer,0.635,The Catalyst,0.593
12.03,12,"Physical Health, Fitness, and Embodiment",Nutrition fundamentals,L17,"Physical Health, Vitality, and Embodiment",0.8,L13,"Evidence, Truth, and Epistemic Humility",0.1,L18,Domestic Competence and Material Self-Sufficiency,0.1,,,,,,,The Builder,0.695,The Trailblazer,0.56,The Catalyst,0.525
12.04,12,"Physical Health, Fitness, and Embodiment",Food relationship and body image,L17,"Physical Health, Vitality, and Embodiment",0.5,L05,"Self-Knowledge, Identity, and Humility",0.2,L09,Temperance and Desire Governance,0.2,L07,Emotional Regulation and Resilience,0.1,,,,The Builder,0.58,The Strategist,0.51,The Catalyst,0.485
12.05,12,"Physical Health, Fitness, and Embodiment",Strength and muscular capability,L17,"Physical Health, Vitality, and Embodiment",0.85,L10,"Discipline, Habits, and Follow-Through",0.15,,,,,,,,,,The Builder,0.772,The Trailblazer,0.635,The Catalyst,0.593
12.06,12,"Physical Health, Fitness, and Embodiment",Cardiovascular endurance,L17,"Physical Health, Vitality, and Embodiment",0.85,L10,"Discipline, Habits, and Follow-Through",0.15,,,,,,,,,,The Builder,0.772,The Trailblazer,0.635,The Catalyst,0.593
12.07,12,"Physical Health, Fitness, and Embodiment","Mobility, flexibility, and joint capacity",L17,"Physical Health, Vitality, and Embodiment",0.9,L10,"Discipline, Habits, and Follow-Through",0.1,,,,,,,,,,The Builder,0.765,The Trailblazer,0.64,The Catalyst,0.595
12.08,12,"Physical Health, Fitness, and Embodiment","Power, speed, coordination, and agility",L17,"Physical Health, Vitality, and Embodiment",0.85,L35,"Nature, Exploration, and Adventure",0.15,,,,,,,,,,The Builder,0.667,The Trailblazer,0.665,The Catalyst,0.547
12.09,12,"Physical Health, Fitness, and Embodiment",Body composition and metabolic health,L17,"Physical Health, Vitality, and Embodiment",0.8,L09,Temperance and Desire Governance,0.1,L13,"Evidence, Truth, and Epistemic Humility",0.1,,,,,,,The Builder,0.69,The Trailblazer,0.57,The Catalyst,0.525
12.10,12,"Physical Health, Fitness, and Embodiment","Recovery, fatigue, and injury prevention",L17,"Physical Health, Vitality, and Embodiment",0.75,L10,"Discipline, Habits, and Follow-Through",0.15,L11,"Adaptability, Uncertainty, and Learning from Failure",0.1,,,,,,,The Builder,0.728,The Trailblazer,0.64,The Catalyst,0.562
12.11,12,"Physical Health, Fitness, and Embodiment",Substances and altered states,L17,"Physical Health, Vitality, and Embodiment",0.45,L09,Temperance and Desire Governance,0.35,L20,"Safety, Risk, and Preparedness",0.1,L03,"Spirituality, Reverence, and Transcendence",0.1,,,,The Builder,0.68,The Reformer,0.555,The Trailblazer,0.48
12.12,12,"Physical Health, Fitness, and Embodiment",Bodily autonomy and personal boundaries,L17,"Physical Health, Vitality, and Embodiment",0.4,L25,"Boundaries, Assertiveness, and Self-Respect",0.4,L27,"Intimacy, Sexuality, and Partnership",0.1,L31,"Justice, Pluralism, and Social Responsibility",0.1,,,,The Catalyst,0.595,The Builder,0.585,The Guardian,0.46
12.13,12,"Physical Health, Fitness, and Embodiment","Grooming, dress, and presentation",L17,"Physical Health, Vitality, and Embodiment",0.4,L16,"Creativity, Aesthetics, and Cultural Literacy",0.25,L23,Communication and Listening,0.2,L32,"Work, Craft, Professionalism, and Contribution",0.15,,,,The Trailblazer,0.527,The Builder,0.455,The Catalyst,0.445
12.14,12,"Physical Health, Fitness, and Embodiment",Functional aging and lifelong movement,L17,"Physical Health, Vitality, and Embodiment",0.75,L36,"Life Design, Balance, and Seasonality",0.15,L10,"Discipline, Habits, and Follow-Through",0.1,,,,,,,The Builder,0.713,The Trailblazer,0.573,The Catalyst,0.535
12.15,12,"Physical Health, Fitness, and Embodiment",Adaptive movement and fitness,L17,"Physical Health, Vitality, and Embodiment",0.65,L11,"Adaptability, Uncertainty, and Learning from Failure",0.15,L31,"Justice, Pluralism, and Social Responsibility",0.1,L05,"Self-Knowledge, Identity, and Humility",0.1,,,,The Builder,0.573,The Trailblazer,0.552,The Strategist,0.48
12.16,12,"Physical Health, Fitness, and Embodiment",Pain literacy and safe response,L17,"Physical Health, Vitality, and Embodiment",0.6,L20,"Safety, Risk, and Preparedness",0.2,L07,Emotional Regulation and Resilience,0.1,L13,"Evidence, Truth, and Epistemic Humility",0.1,,,,The Builder,0.68,The Strategist,0.51,The Catalyst,0.495
13.01,13,"Domestic Competence, Infrastructure, and Material Life",Independent-living administration,L18,Domestic Competence and Material Self-Sufficiency,0.7,L10,"Discipline, Habits, and Follow-Through",0.15,L21,Financial Stewardship and Provision,0.15,,,,,,,The Builder,0.8,The Architect,0.565,The Guardian,0.535
13.02,13,"Domestic Competence, Infrastructure, and Material Life",Home organization and maintenance systems,L18,Domestic Competence and Material Self-Sufficiency,0.75,L10,"Discipline, Habits, and Follow-Through",0.15,L36,"Life Design, Balance, and Seasonality",0.1,,,,,,,The Builder,0.775,The Architect,0.53,The Guardian,0.505
13.03,13,"Domestic Competence, Infrastructure, and Material Life","Cleaning, sanitation, and waste",L18,Domestic Competence and Material Self-Sufficiency,0.85,L17,"Physical Health, Vitality, and Embodiment",0.1,L10,"Discipline, Habits, and Follow-Through",0.05,,,,,,,The Builder,0.8,The Guardian,0.52,The Architect,0.515
13.04,13,"Domestic Competence, Infrastructure, and Material Life",Laundry and clothing care,L18,Domestic Competence and Material Self-Sufficiency,0.9,L10,"Discipline, Habits, and Follow-Through",0.1,,,,,,,,,,The Builder,0.81,The Architect,0.54,The Guardian,0.53
13.05,13,"Domestic Competence, Infrastructure, and Material Life",Cooking fundamentals,L18,Domestic Competence and Material Self-Sufficiency,0.7,L17,"Physical Health, Vitality, and Embodiment",0.2,L16,"Creativity, Aesthetics, and Cultural Literacy",0.1,,,,,,,The Builder,0.71,The Guardian,0.465,The Craftsman,0.455
13.06,13,"Domestic Competence, Infrastructure, and Material Life",Baking and food chemistry,L18,Domestic Competence and Material Self-Sufficiency,0.55,L15,"Learning Agility, Memory, and Teaching",0.25,L16,"Creativity, Aesthetics, and Cultural Literacy",0.2,,,,,,,The Builder,0.478,The Craftsman,0.443,The Trailblazer,0.425
13.07,13,"Domestic Competence, Infrastructure, and Material Life","Meal planning, shopping, and food storage",L18,Domestic Competence and Material Self-Sufficiency,0.6,L17,"Physical Health, Vitality, and Embodiment",0.25,L21,Financial Stewardship and Provision,0.15,,,,,,,The Builder,0.772,The Guardian,0.515,The Architect,0.505
13.08,13,"Domestic Competence, Infrastructure, and Material Life",Basic tools and household repair,L18,Domestic Competence and Material Self-Sufficiency,0.65,L15,"Learning Agility, Memory, and Teaching",0.2,L20,"Safety, Risk, and Preparedness",0.15,,,,,,,The Builder,0.67,The Architect,0.535,The Guardian,0.47
13.09,13,"Domestic Competence, Infrastructure, and Material Life",Mechanical and vehicle literacy,L18,Domestic Competence and Material Self-Sufficiency,0.55,L20,"Safety, Risk, and Preparedness",0.25,L15,"Learning Agility, Memory, and Teaching",0.2,,,,,,,The Builder,0.67,The Architect,0.545,The Guardian,0.47
13.10,13,"Domestic Competence, Infrastructure, and Material Life",Utilities and household systems,L18,Domestic Competence and Material Self-Sufficiency,0.6,L20,"Safety, Risk, and Preparedness",0.25,L14,"Systems Thinking, Judgment, and Decision-Making",0.15,,,,,,,The Builder,0.748,The Architect,0.598,The Guardian,0.505
13.11,13,"Domestic Competence, Infrastructure, and Material Life",Gardening and plant care,L18,Domestic Competence and Material Self-Sufficiency,0.5,L35,"Nature, Exploration, and Adventure",0.3,L17,"Physical Health, Vitality, and Embodiment",0.1,L16,"Creativity, Aesthetics, and Cultural Literacy",0.1,,,,The Builder,0.535,The Trailblazer,0.525,The Craftsman,0.49
13.12,13,"Domestic Competence, Infrastructure, and Material Life",Resource maintenance and repair culture,L18,Domestic Competence and Material Self-Sufficiency,0.65,L21,Financial Stewardship and Provision,0.15,L35,"Nature, Exploration, and Adventure",0.1,L32,"Work, Craft, Professionalism, and Contribution",0.1,,,,The Builder,0.715,The Architect,0.525,The Guardian,0.5
13.13,13,"Domestic Competence, Infrastructure, and Material Life",Hospitality and a functional living environment,L18,Domestic Competence and Material Self-Sufficiency,0.45,L26,"Friendship, Belonging, and Hospitality",0.3,L24,"Empathy, Social Perception, and Perspective-Taking",0.15,L16,"Creativity, Aesthetics, and Cultural Literacy",0.1,,,,The Guardian,0.595,The Catalyst,0.505,The Connector,0.452
13.14,13,"Domestic Competence, Infrastructure, and Material Life","Housing, tenancy, and basic property literacy",L18,Domestic Competence and Material Self-Sufficiency,0.5,L21,Financial Stewardship and Provision,0.25,L31,"Justice, Pluralism, and Social Responsibility",0.15,L20,"Safety, Risk, and Preparedness",0.1,,,,The Builder,0.715,The Architect,0.603,The Guardian,0.56
13.15,13,"Domestic Competence, Infrastructure, and Material Life",Domestic life under scarcity or instability,L18,Domestic Competence and Material Self-Sufficiency,0.4,L20,"Safety, Risk, and Preparedness",0.25,L21,Financial Stewardship and Provision,0.2,L11,"Adaptability, Uncertainty, and Learning from Failure",0.15,,,,The Builder,0.705,The Architect,0.562,The Guardian,0.488
13.16,13,"Domestic Competence, Infrastructure, and Material Life",Accessibility and adaptable home design,L18,Domestic Competence and Material Self-Sufficiency,0.45,L31,"Justice, Pluralism, and Social Responsibility",0.25,L17,"Physical Health, Vitality, and Embodiment",0.15,L28,"Family, Parenting, and Caregiving",0.15,,,,The Builder,0.64,The Guardian,0.532,The Architect,0.463
14.01,14,"Digital Life, Media, AI, and Information Security",Digital and media self-governance,L19,"Digital Agency, Media Literacy, and Security",0.55,L08,Attention and Presence,0.2,L09,Temperance and Desire Governance,0.15,L10,"Discipline, Habits, and Follow-Through",0.1,,,,The Strategist,0.57,The Architect,0.562,The Builder,0.557
14.02,14,"Digital Life, Media, AI, and Information Security",Digital competence and data hygiene,L19,"Digital Agency, Media Literacy, and Security",0.75,L10,"Discipline, Habits, and Follow-Through",0.15,L15,"Learning Agility, Memory, and Teaching",0.1,,,,,,,The Architect,0.595,The Strategist,0.565,The Builder,0.525
14.03,14,"Digital Life, Media, AI, and Information Security","Digital identity, privacy, and data rights",L19,"Digital Agency, Media Literacy, and Security",0.65,L31,"Justice, Pluralism, and Social Responsibility",0.2,L20,"Safety, Risk, and Preparedness",0.15,,,,,,,The Architect,0.62,The Builder,0.525,The Strategist,0.485
14.04,14,"Digital Life, Media, AI, and Information Security",Cybersecurity and account resilience,L19,"Digital Agency, Media Literacy, and Security",0.6,L20,"Safety, Risk, and Preparedness",0.3,L10,"Discipline, Habits, and Follow-Through",0.1,,,,,,,The Architect,0.63,The Builder,0.63,The Strategist,0.53
14.05,14,"Digital Life, Media, AI, and Information Security","Online fraud, scams, and social engineering",L19,"Digital Agency, Media Literacy, and Security",0.5,L20,"Safety, Risk, and Preparedness",0.3,L24,"Empathy, Social Perception, and Perspective-Taking",0.1,L13,"Evidence, Truth, and Epistemic Humility",0.1,,,,The Architect,0.62,The Builder,0.505,The Strategist,0.495
14.06,14,"Digital Life, Media, AI, and Information Security",Algorithmic feeds and persuasive design,L19,"Digital Agency, Media Literacy, and Security",0.5,L08,Attention and Presence,0.2,L09,Temperance and Desire Governance,0.15,L13,"Evidence, Truth, and Epistemic Humility",0.15,,,,The Architect,0.613,The Strategist,0.583,The Builder,0.465
14.07,14,"Digital Life, Media, AI, and Information Security",AI literacy and appropriate use,L19,"Digital Agency, Media Literacy, and Security",0.55,L13,"Evidence, Truth, and Epistemic Humility",0.2,L15,"Learning Agility, Memory, and Teaching",0.15,L02,"Values, Integrity, and Moral Courage",0.1,,,,The Architect,0.638,The Strategist,0.555,The Explorer,0.54
14.08,14,"Digital Life, Media, AI, and Information Security","Synthetic media, deepfakes, and provenance",L19,"Digital Agency, Media Literacy, and Security",0.5,L13,"Evidence, Truth, and Epistemic Humility",0.35,L31,"Justice, Pluralism, and Social Responsibility",0.15,,,,,,,The Architect,0.698,The Strategist,0.565,The Explorer,0.542
14.09,14,"Digital Life, Media, AI, and Information Security",Digital information verification,L19,"Digital Agency, Media Literacy, and Security",0.45,L13,"Evidence, Truth, and Epistemic Humility",0.45,L12,Critical Reasoning and Logic,0.1,,,,,,,The Architect,0.755,The Strategist,0.648,The Explorer,0.638
14.10,14,"Digital Life, Media, AI, and Information Security",Online communication and community conduct,L19,"Digital Agency, Media Literacy, and Security",0.45,L23,Communication and Listening,0.25,L31,"Justice, Pluralism, and Social Responsibility",0.2,L02,"Values, Integrity, and Moral Courage",0.1,,,,The Architect,0.518,The Builder,0.427,The Strategist,0.425
14.11,14,"Digital Life, Media, AI, and Information Security","Digital creation, ownership, and attribution",L19,"Digital Agency, Media Literacy, and Security",0.4,L16,"Creativity, Aesthetics, and Cultural Literacy",0.3,L02,"Values, Integrity, and Moral Courage",0.15,L31,"Justice, Pluralism, and Social Responsibility",0.15,,,,The Craftsman,0.465,The Explorer,0.455,The Architect,0.44
14.12,14,"Digital Life, Media, AI, and Information Security",Automation dependence and operational resilience,L19,"Digital Agency, Media Literacy, and Security",0.45,L20,"Safety, Risk, and Preparedness",0.25,L18,Domestic Competence and Material Self-Sufficiency,0.15,L11,"Adaptability, Uncertainty, and Learning from Failure",0.15,,,,The Builder,0.59,The Architect,0.568,The Strategist,0.503
14.13,14,"Digital Life, Media, AI, and Information Security",Digital citizenship and platform governance,L19,"Digital Agency, Media Literacy, and Security",0.4,L31,"Justice, Pluralism, and Social Responsibility",0.35,L30,"Service, Citizenship, and Civic Agency",0.15,L33,"Leadership, Power, Mentorship, and Institutions",0.1,,,,The Architect,0.537,The Builder,0.46,The Steward,0.427
15.01,15,"Safety, Preparedness, Risk, and Mutual Aid","First aid, CPR, and emergency response",L20,"Safety, Risk, and Preparedness",0.75,L17,"Physical Health, Vitality, and Embodiment",0.15,L28,"Family, Parenting, and Caregiving",0.1,,,,,,,The Builder,0.758,The Architect,0.56,The Guardian,0.545
15.02,15,"Safety, Preparedness, Risk, and Mutual Aid",Household emergency planning,L20,"Safety, Risk, and Preparedness",0.75,L18,Domestic Competence and Material Self-Sufficiency,0.15,L28,"Family, Parenting, and Caregiving",0.1,,,,,,,The Builder,0.765,The Architect,0.605,The Guardian,0.575
15.03,15,"Safety, Preparedness, Risk, and Mutual Aid",Situational awareness,L20,"Safety, Risk, and Preparedness",0.65,L08,Attention and Presence,0.2,L24,"Empathy, Social Perception, and Perspective-Taking",0.15,,,,,,,The Builder,0.6,The Architect,0.545,The Guardian,0.485
15.04,15,"Safety, Preparedness, Risk, and Mutual Aid",Personal safety and de-escalation,L20,"Safety, Risk, and Preparedness",0.45,L29,"Conflict, Repair, Forgiveness, and Reconciliation",0.25,L25,"Boundaries, Assertiveness, and Self-Respect",0.2,L23,Communication and Listening,0.1,,,,The Builder,0.583,The Guardian,0.552,The Catalyst,0.51
15.05,15,"Safety, Preparedness, Risk, and Mutual Aid",Self-protection and lawful force,L20,"Safety, Risk, and Preparedness",0.55,L25,"Boundaries, Assertiveness, and Self-Respect",0.2,L31,"Justice, Pluralism, and Social Responsibility",0.15,L09,Temperance and Desire Governance,0.1,,,,The Builder,0.685,The Architect,0.542,The Guardian,0.5
15.06,15,"Safety, Preparedness, Risk, and Mutual Aid",Outdoor survival fundamentals,L20,"Safety, Risk, and Preparedness",0.6,L35,"Nature, Exploration, and Adventure",0.25,L17,"Physical Health, Vitality, and Embodiment",0.15,,,,,,,The Builder,0.642,The Craftsman,0.497,The Trailblazer,0.465
15.07,15,"Safety, Preparedness, Risk, and Mutual Aid",Water competence and rescue awareness,L20,"Safety, Risk, and Preparedness",0.55,L17,"Physical Health, Vitality, and Embodiment",0.3,L28,"Family, Parenting, and Caregiving",0.15,,,,,,,The Builder,0.733,The Guardian,0.528,The Architect,0.485
15.08,15,"Safety, Preparedness, Risk, and Mutual Aid",Travel and unfamiliar-environment safety,L20,"Safety, Risk, and Preparedness",0.55,L35,"Nature, Exploration, and Adventure",0.25,L11,"Adaptability, Uncertainty, and Learning from Failure",0.1,L24,"Empathy, Social Perception, and Perspective-Taking",0.1,,,,The Builder,0.52,The Craftsman,0.463,The Trailblazer,0.432
15.09,15,"Safety, Preparedness, Risk, and Mutual Aid","Cybersecurity, fraud, and identity protection",L20,"Safety, Risk, and Preparedness",0.5,L19,"Digital Agency, Media Literacy, and Security",0.5,,,,,,,,,,The Architect,0.65,The Builder,0.65,The Strategist,0.5
15.10,15,"Safety, Preparedness, Risk, and Mutual Aid",Risk ownership and contingency thinking,L20,"Safety, Risk, and Preparedness",0.5,L14,"Systems Thinking, Judgment, and Decision-Making",0.3,L10,"Discipline, Habits, and Follow-Through",0.2,,,,,,,The Builder,0.715,The Architect,0.625,The Strategist,0.55
15.11,15,"Safety, Preparedness, Risk, and Mutual Aid",Community disaster readiness and mutual aid,L20,"Safety, Risk, and Preparedness",0.45,L30,"Service, Citizenship, and Civic Agency",0.25,L28,"Family, Parenting, and Caregiving",0.15,L33,"Leadership, Power, Mentorship, and Institutions",0.15,,,,The Builder,0.618,The Guardian,0.575,The Architect,0.508
15.12,15,"Safety, Preparedness, Risk, and Mutual Aid",Public-health emergency competence,L20,"Safety, Risk, and Preparedness",0.55,L17,"Physical Health, Vitality, and Embodiment",0.2,L30,"Service, Citizenship, and Civic Agency",0.15,L13,"Evidence, Truth, and Epistemic Humility",0.1,,,,The Builder,0.665,The Architect,0.545,The Guardian,0.463
15.13,15,"Safety, Preparedness, Risk, and Mutual Aid",Bystander intervention and violence prevention,L20,"Safety, Risk, and Preparedness",0.4,L30,"Service, Citizenship, and Civic Agency",0.25,L25,"Boundaries, Assertiveness, and Self-Respect",0.2,L31,"Justice, Pluralism, and Social Responsibility",0.15,,,,The Builder,0.59,The Guardian,0.513,The Architect,0.492
15.14,15,"Safety, Preparedness, Risk, and Mutual Aid",Workplace and activity-specific safety,L20,"Safety, Risk, and Preparedness",0.6,L32,"Work, Craft, Professionalism, and Contribution",0.25,L10,"Discipline, Habits, and Follow-Through",0.15,,,,,,,The Builder,0.79,The Architect,0.583,The Strategist,0.493
16.01,16,"Communication, Rhetoric, and Social Intelligence",Attentive listening,L23,Communication and Listening,0.65,L24,"Empathy, Social Perception, and Perspective-Taking",0.35,,,,,,,,,,The Counselor,0.703,The Connector,0.62,The Catalyst,0.617
16.02,16,"Communication, Rhetoric, and Social Intelligence",Clear and direct expression,L23,Communication and Listening,0.65,L25,"Boundaries, Assertiveness, and Self-Respect",0.25,L02,"Values, Integrity, and Moral Courage",0.1,,,,,,,The Catalyst,0.573,The Counselor,0.545,The Guardian,0.523
16.03,16,"Communication, Rhetoric, and Social Intelligence",Nonverbal communication,L23,Communication and Listening,0.45,L24,"Empathy, Social Perception, and Perspective-Taking",0.4,L05,"Self-Knowledge, Identity, and Humility",0.15,,,,,,,The Counselor,0.71,The Connector,0.593,The Healer,0.555
16.04,16,"Communication, Rhetoric, and Social Intelligence",One-to-one and group conversation,L23,Communication and Listening,0.6,L24,"Empathy, Social Perception, and Perspective-Taking",0.25,L26,"Friendship, Belonging, and Hospitality",0.15,,,,,,,The Counselor,0.688,The Connector,0.63,The Catalyst,0.62
16.05,16,"Communication, Rhetoric, and Social Intelligence",Perspective taking and empathic accuracy,L24,"Empathy, Social Perception, and Perspective-Taking",0.7,L23,Communication and Listening,0.15,L13,"Evidence, Truth, and Epistemic Humility",0.15,,,,,,,The Counselor,0.762,The Connector,0.615,The Healer,0.607
16.06,16,"Communication, Rhetoric, and Social Intelligence",Audience and context adaptation,L23,Communication and Listening,0.5,L24,"Empathy, Social Perception, and Perspective-Taking",0.3,L31,"Justice, Pluralism, and Social Responsibility",0.2,,,,,,,The Counselor,0.635,The Guardian,0.56,The Catalyst,0.545
16.07,16,"Communication, Rhetoric, and Social Intelligence",Feedback and developmental conversation,L23,Communication and Listening,0.45,L24,"Empathy, Social Perception, and Perspective-Taking",0.25,L15,"Learning Agility, Memory, and Teaching",0.15,L25,"Boundaries, Assertiveness, and Self-Respect",0.15,,,,The Counselor,0.643,The Catalyst,0.575,The Connector,0.547
16.08,16,"Communication, Rhetoric, and Social Intelligence",Classical and modern rhetoric,L23,Communication and Listening,0.45,L12,Critical Reasoning and Logic,0.25,L02,"Values, Integrity, and Moral Courage",0.15,L31,"Justice, Pluralism, and Social Responsibility",0.15,,,,The Counselor,0.535,The Architect,0.485,The Strategist,0.46
16.09,16,"Communication, Rhetoric, and Social Intelligence",Public speaking and presentation,L23,Communication and Listening,0.65,L25,"Boundaries, Assertiveness, and Self-Respect",0.2,L33,"Leadership, Power, Mentorship, and Institutions",0.15,,,,,,,The Catalyst,0.588,The Counselor,0.565,The Guardian,0.54
16.10,16,"Communication, Rhetoric, and Social Intelligence",Storytelling and explanation,L23,Communication and Listening,0.5,L16,"Creativity, Aesthetics, and Cultural Literacy",0.25,L15,"Learning Agility, Memory, and Teaching",0.25,,,,,,,The Connector,0.562,The Counselor,0.513,The Explorer,0.5
16.11,16,"Communication, Rhetoric, and Social Intelligence",Negotiation,L23,Communication and Listening,0.4,L25,"Boundaries, Assertiveness, and Self-Respect",0.3,L14,"Systems Thinking, Judgment, and Decision-Making",0.2,L22,"Economic Agency, Entrepreneurship, and Market Literacy",0.1,,,,The Catalyst,0.51,The Counselor,0.51,The Strategist,0.48
16.12,16,"Communication, Rhetoric, and Social Intelligence",Conflict and de-escalation,L29,"Conflict, Repair, Forgiveness, and Reconciliation",0.45,L23,Communication and Listening,0.3,L25,"Boundaries, Assertiveness, and Self-Respect",0.15,L20,"Safety, Risk, and Preparedness",0.1,,,,The Catalyst,0.605,The Guardian,0.565,The Counselor,0.508
16.13,16,"Communication, Rhetoric, and Social Intelligence","Humor, warmth, and social ease",L23,Communication and Listening,0.35,L26,"Friendship, Belonging, and Hospitality",0.3,L34,"Play, Rest, Celebration, and Joy",0.2,L24,"Empathy, Social Perception, and Perspective-Taking",0.15,,,,The Connector,0.66,The Counselor,0.593,The Guardian,0.59
16.14,16,"Communication, Rhetoric, and Social Intelligence","Etiquette, courtesy, and first impressions",L23,Communication and Listening,0.35,L24,"Empathy, Social Perception, and Perspective-Taking",0.25,L02,"Values, Integrity, and Moral Courage",0.2,L26,"Friendship, Belonging, and Hospitality",0.2,,,,The Guardian,0.595,The Counselor,0.578,The Healer,0.555
16.15,16,"Communication, Rhetoric, and Social Intelligence",Manipulation and coercion literacy,L25,"Boundaries, Assertiveness, and Self-Respect",0.4,L24,"Empathy, Social Perception, and Perspective-Taking",0.25,L13,"Evidence, Truth, and Epistemic Humility",0.2,L20,"Safety, Risk, and Preparedness",0.15,,,,The Counselor,0.55,The Catalyst,0.475,The Guardian,0.475
16.16,16,"Communication, Rhetoric, and Social Intelligence","High-context, indirect, and face-sensitive communication",L23,Communication and Listening,0.45,L24,"Empathy, Social Perception, and Perspective-Taking",0.3,L31,"Justice, Pluralism, and Social Responsibility",0.25,,,,,,,The Counselor,0.62,The Guardian,0.555,The Catalyst,0.528
16.17,16,"Communication, Rhetoric, and Social Intelligence",Intercultural communication and code-switching,L23,Communication and Listening,0.4,L31,"Justice, Pluralism, and Social Responsibility",0.35,L24,"Empathy, Social Perception, and Perspective-Taking",0.25,,,,,,,The Counselor,0.583,The Guardian,0.54,The Healer,0.508
16.18,16,"Communication, Rhetoric, and Social Intelligence",Language access and communication accommodation,L23,Communication and Listening,0.4,L31,"Justice, Pluralism, and Social Responsibility",0.35,L24,"Empathy, Social Perception, and Perspective-Taking",0.25,,,,,,,The Counselor,0.583,The Guardian,0.54,The Healer,0.508
17.01,17,"Friendship, Belonging, Hospitality, and Social Networks",Initiating connection,L26,"Friendship, Belonging, and Hospitality",0.45,L23,Communication and Listening,0.35,L25,"Boundaries, Assertiveness, and Self-Respect",0.2,,,,,,,The Guardian,0.653,The Catalyst,0.633,The Counselor,0.61
17.02,17,"Friendship, Belonging, Hospitality, and Social Networks",Friendship formation and selection,L26,"Friendship, Belonging, and Hospitality",0.55,L24,"Empathy, Social Perception, and Perspective-Taking",0.25,L25,"Boundaries, Assertiveness, and Self-Respect",0.2,,,,,,,The Guardian,0.703,The Connector,0.66,The Healer,0.66
17.03,17,"Friendship, Belonging, Hospitality, and Social Networks",Maintaining friendship,L26,"Friendship, Belonging, and Hospitality",0.65,L10,"Discipline, Habits, and Follow-Through",0.15,L23,Communication and Listening,0.1,L24,"Empathy, Social Perception, and Perspective-Taking",0.1,,,,The Guardian,0.693,The Catalyst,0.63,The Connector,0.618
17.04,17,"Friendship, Belonging, Hospitality, and Social Networks",Reliable support,L26,"Friendship, Belonging, and Hospitality",0.4,L24,"Empathy, Social Perception, and Perspective-Taking",0.3,L28,"Family, Parenting, and Caregiving",0.15,L02,"Values, Integrity, and Moral Courage",0.15,,,,The Guardian,0.695,The Healer,0.653,The Connector,0.593
17.05,17,"Friendship, Belonging, Hospitality, and Social Networks",Reciprocity and healthy dependence,L26,"Friendship, Belonging, and Hospitality",0.45,L25,"Boundaries, Assertiveness, and Self-Respect",0.25,L24,"Empathy, Social Perception, and Perspective-Taking",0.2,L05,"Self-Knowledge, Identity, and Humility",0.1,,,,The Counselor,0.63,The Guardian,0.63,The Catalyst,0.6
17.06,17,"Friendship, Belonging, Hospitality, and Social Networks",Boundaries and harmful relationships,L25,"Boundaries, Assertiveness, and Self-Respect",0.5,L26,"Friendship, Belonging, and Hospitality",0.25,L20,"Safety, Risk, and Preparedness",0.15,L29,"Conflict, Repair, Forgiveness, and Reconciliation",0.1,,,,The Catalyst,0.605,The Guardian,0.593,The Builder,0.468
17.07,17,"Friendship, Belonging, Hospitality, and Social Networks",Hospitality and inclusion,L26,"Friendship, Belonging, and Hospitality",0.5,L24,"Empathy, Social Perception, and Perspective-Taking",0.25,L31,"Justice, Pluralism, and Social Responsibility",0.15,L18,Domestic Competence and Material Self-Sufficiency,0.1,,,,The Guardian,0.685,The Healer,0.632,The Counselor,0.598
17.08,17,"Friendship, Belonging, Hospitality, and Social Networks",Collaboration and complementary strengths,L26,"Friendship, Belonging, and Hospitality",0.35,L32,"Work, Craft, Professionalism, and Contribution",0.25,L24,"Empathy, Social Perception, and Perspective-Taking",0.2,L33,"Leadership, Power, Mentorship, and Institutions",0.2,,,,The Guardian,0.62,The Catalyst,0.547,The Counselor,0.508
17.09,17,"Friendship, Belonging, Hospitality, and Social Networks","Belonging, loneliness, and social ecology",L26,"Friendship, Belonging, and Hospitality",0.6,L05,"Self-Knowledge, Identity, and Humility",0.15,L24,"Empathy, Social Perception, and Perspective-Taking",0.15,L31,"Justice, Pluralism, and Social Responsibility",0.1,,,,The Healer,0.655,The Guardian,0.645,The Counselor,0.642
17.10,17,"Friendship, Belonging, Hospitality, and Social Networks",Networks and social capital,L26,"Friendship, Belonging, and Hospitality",0.4,L30,"Service, Citizenship, and Civic Agency",0.25,L22,"Economic Agency, Entrepreneurship, and Market Literacy",0.2,L33,"Leadership, Power, Mentorship, and Institutions",0.15,,,,The Guardian,0.578,The Catalyst,0.497,The Healer,0.463
17.11,17,"Friendship, Belonging, Hospitality, and Social Networks",Intergenerational friendship and mentorship,L26,"Friendship, Belonging, and Hospitality",0.35,L33,"Leadership, Power, Mentorship, and Institutions",0.25,L15,"Learning Agility, Memory, and Teaching",0.2,L28,"Family, Parenting, and Caregiving",0.2,,,,The Guardian,0.608,The Counselor,0.515,The Catalyst,0.51
17.12,17,"Friendship, Belonging, Hospitality, and Social Networks","Kin, clan, neighborhood, and communal obligation",L26,"Friendship, Belonging, and Hospitality",0.35,L30,"Service, Citizenship, and Civic Agency",0.3,L28,"Family, Parenting, and Caregiving",0.2,L31,"Justice, Pluralism, and Social Responsibility",0.15,,,,The Guardian,0.657,The Healer,0.583,The Catalyst,0.495
17.13,17,"Friendship, Belonging, Hospitality, and Social Networks",Friendship across deep difference,L26,"Friendship, Belonging, and Hospitality",0.4,L31,"Justice, Pluralism, and Social Responsibility",0.3,L24,"Empathy, Social Perception, and Perspective-Taking",0.2,L29,"Conflict, Repair, Forgiveness, and Reconciliation",0.1,,,,The Guardian,0.645,The Healer,0.63,The Counselor,0.575
17.14,17,"Friendship, Belonging, Hospitality, and Social Networks",Collective belonging without conformity,L26,"Friendship, Belonging, and Hospitality",0.35,L25,"Boundaries, Assertiveness, and Self-Respect",0.25,L31,"Justice, Pluralism, and Social Responsibility",0.25,L05,"Self-Knowledge, Identity, and Humility",0.15,,,,The Guardian,0.54,The Counselor,0.525,The Healer,0.49
18.01,18,"Intimacy, Sexuality, and Partnership",The nature and practice of love,L27,"Intimacy, Sexuality, and Partnership",0.5,L24,"Empathy, Social Perception, and Perspective-Taking",0.25,L29,"Conflict, Repair, Forgiveness, and Reconciliation",0.15,L02,"Values, Integrity, and Moral Courage",0.1,,,,The Guardian,0.667,The Healer,0.657,The Catalyst,0.63
18.02,18,"Intimacy, Sexuality, and Partnership",Attraction and respectful courtship,L27,"Intimacy, Sexuality, and Partnership",0.55,L23,Communication and Listening,0.2,L24,"Empathy, Social Perception, and Perspective-Taking",0.15,L25,"Boundaries, Assertiveness, and Self-Respect",0.1,,,,The Guardian,0.67,The Catalyst,0.667,The Counselor,0.625
18.03,18,"Intimacy, Sexuality, and Partnership",Partner selection and compatibility,L27,"Intimacy, Sexuality, and Partnership",0.45,L05,"Self-Knowledge, Identity, and Humility",0.2,L14,"Systems Thinking, Judgment, and Decision-Making",0.2,L25,"Boundaries, Assertiveness, and Self-Respect",0.15,,,,The Counselor,0.557,The Guardian,0.493,The Catalyst,0.483
18.04,18,"Intimacy, Sexuality, and Partnership",Attachment and relational security,L27,"Intimacy, Sexuality, and Partnership",0.45,L07,Emotional Regulation and Resilience,0.2,L24,"Empathy, Social Perception, and Perspective-Taking",0.2,L25,"Boundaries, Assertiveness, and Self-Respect",0.15,,,,The Catalyst,0.672,The Guardian,0.623,The Healer,0.58
18.05,18,"Intimacy, Sexuality, and Partnership",Vulnerability and emotional intimacy,L27,"Intimacy, Sexuality, and Partnership",0.5,L24,"Empathy, Social Perception, and Perspective-Taking",0.25,L23,Communication and Listening,0.15,L25,"Boundaries, Assertiveness, and Self-Respect",0.1,,,,The Guardian,0.67,The Catalyst,0.667,The Counselor,0.642
18.06,18,"Intimacy, Sexuality, and Partnership",Relationship stages and changing needs,L27,"Intimacy, Sexuality, and Partnership",0.55,L11,"Adaptability, Uncertainty, and Learning from Failure",0.15,L24,"Empathy, Social Perception, and Perspective-Taking",0.15,L36,"Life Design, Balance, and Seasonality",0.15,,,,The Guardian,0.57,The Connector,0.56,The Catalyst,0.557
18.07,18,"Intimacy, Sexuality, and Partnership","Shared expectations, roles, and labor",L27,"Intimacy, Sexuality, and Partnership",0.4,L23,Communication and Listening,0.2,L28,"Family, Parenting, and Caregiving",0.2,L25,"Boundaries, Assertiveness, and Self-Respect",0.2,,,,The Guardian,0.67,The Catalyst,0.64,The Counselor,0.55
18.08,18,"Intimacy, Sexuality, and Partnership",Partnership conflict and repair,L29,"Conflict, Repair, Forgiveness, and Reconciliation",0.5,L27,"Intimacy, Sexuality, and Partnership",0.25,L23,Communication and Listening,0.15,L25,"Boundaries, Assertiveness, and Self-Respect",0.1,,,,The Catalyst,0.655,The Guardian,0.62,The Healer,0.573
18.09,18,"Intimacy, Sexuality, and Partnership",Sexual ethics and consent,L27,"Intimacy, Sexuality, and Partnership",0.4,L25,"Boundaries, Assertiveness, and Self-Respect",0.25,L02,"Values, Integrity, and Moral Courage",0.2,L31,"Justice, Pluralism, and Social Responsibility",0.15,,,,The Guardian,0.573,The Catalyst,0.52,The Healer,0.475
18.10,18,"Intimacy, Sexuality, and Partnership","Sexual communication, pleasure, and health",L27,"Intimacy, Sexuality, and Partnership",0.55,L23,Communication and Listening,0.2,L17,"Physical Health, Vitality, and Embodiment",0.15,L24,"Empathy, Social Perception, and Perspective-Taking",0.1,,,,The Catalyst,0.66,The Guardian,0.64,The Connector,0.58
18.11,18,"Intimacy, Sexuality, and Partnership","Commitment, fidelity, and trust",L27,"Intimacy, Sexuality, and Partnership",0.5,L02,"Values, Integrity, and Moral Courage",0.25,L10,"Discipline, Habits, and Follow-Through",0.15,L29,"Conflict, Repair, Forgiveness, and Reconciliation",0.1,,,,The Guardian,0.588,The Catalyst,0.547,The Healer,0.485
18.12,18,"Intimacy, Sexuality, and Partnership","Separation, divorce, estrangement, and endings",L29,"Conflict, Repair, Forgiveness, and Reconciliation",0.35,L27,"Intimacy, Sexuality, and Partnership",0.25,L04,"Mortality, Suffering, Gratitude, and Hope",0.2,L25,"Boundaries, Assertiveness, and Self-Respect",0.2,,,,The Healer,0.605,The Catalyst,0.593,The Guardian,0.537
18.13,18,"Intimacy, Sexuality, and Partnership",Relationship diversity and chosen form,L27,"Intimacy, Sexuality, and Partnership",0.45,L31,"Justice, Pluralism, and Social Responsibility",0.3,L05,"Self-Knowledge, Identity, and Humility",0.15,L25,"Boundaries, Assertiveness, and Self-Respect",0.1,,,,The Guardian,0.545,The Counselor,0.518,The Healer,0.517
18.14,18,"Intimacy, Sexuality, and Partnership",Reproductive intentions and partnership communication,L27,"Intimacy, Sexuality, and Partnership",0.4,L28,"Family, Parenting, and Caregiving",0.25,L23,Communication and Listening,0.2,L17,"Physical Health, Vitality, and Embodiment",0.15,,,,The Guardian,0.663,The Catalyst,0.627,The Healer,0.522
19.01,19,"Family, Parenting, Reproduction, and Caregiving",Family systems and intergenerational patterns,L28,"Family, Parenting, and Caregiving",0.45,L05,"Self-Knowledge, Identity, and Humility",0.25,L29,"Conflict, Repair, Forgiveness, and Reconciliation",0.2,L31,"Justice, Pluralism, and Social Responsibility",0.1,,,,The Guardian,0.562,The Counselor,0.5,The Healer,0.495
19.02,19,"Family, Parenting, Reproduction, and Caregiving",Parenting and child development,L28,"Family, Parenting, and Caregiving",0.65,L15,"Learning Agility, Memory, and Teaching",0.15,L24,"Empathy, Social Perception, and Perspective-Taking",0.1,L33,"Leadership, Power, Mentorship, and Institutions",0.1,,,,The Guardian,0.662,The Catalyst,0.513,The Counselor,0.49
19.03,19,"Family, Parenting, Reproduction, and Caregiving","Caregiving for elders, illness, and disability",L28,"Family, Parenting, and Caregiving",0.65,L24,"Empathy, Social Perception, and Perspective-Taking",0.15,L17,"Physical Health, Vitality, and Embodiment",0.1,L25,"Boundaries, Assertiveness, and Self-Respect",0.1,,,,The Guardian,0.703,The Catalyst,0.58,The Healer,0.51
19.04,19,"Family, Parenting, Reproduction, and Caregiving",Fertility and reproductive health literacy,L28,"Family, Parenting, and Caregiving",0.4,L17,"Physical Health, Vitality, and Embodiment",0.4,L13,"Evidence, Truth, and Epistemic Humility",0.2,,,,,,,The Builder,0.51,The Guardian,0.49,The Catalyst,0.46
19.05,19,"Family, Parenting, Reproduction, and Caregiving","Pregnancy, birth, and postpartum responsibility",L28,"Family, Parenting, and Caregiving",0.5,L17,"Physical Health, Vitality, and Embodiment",0.3,L21,Financial Stewardship and Provision,0.1,L20,"Safety, Risk, and Preparedness",0.1,,,,The Guardian,0.625,The Builder,0.6,The Catalyst,0.515
19.06,19,"Family, Parenting, Reproduction, and Caregiving","Miscarriage, infertility, and reproductive grief",L28,"Family, Parenting, and Caregiving",0.35,L04,"Mortality, Suffering, Gratitude, and Hope",0.3,L07,Emotional Regulation and Resilience,0.2,L24,"Empathy, Social Perception, and Perspective-Taking",0.15,,,,The Healer,0.615,The Guardian,0.517,The Catalyst,0.51
19.07,19,"Family, Parenting, Reproduction, and Caregiving","Adoption, fostering, stepfamilies, and chosen family",L28,"Family, Parenting, and Caregiving",0.5,L31,"Justice, Pluralism, and Social Responsibility",0.2,L24,"Empathy, Social Perception, and Perspective-Taking",0.15,L29,"Conflict, Repair, Forgiveness, and Reconciliation",0.15,,,,The Guardian,0.677,The Healer,0.557,The Catalyst,0.52
19.08,19,"Family, Parenting, Reproduction, and Caregiving",Child protection and safeguarding,L28,"Family, Parenting, and Caregiving",0.35,L20,"Safety, Risk, and Preparedness",0.3,L31,"Justice, Pluralism, and Social Responsibility",0.2,L25,"Boundaries, Assertiveness, and Self-Respect",0.15,,,,The Guardian,0.61,The Builder,0.56,The Architect,0.47
19.09,19,"Family, Parenting, Reproduction, and Caregiving",Developmentally appropriate autonomy and discipline,L28,"Family, Parenting, and Caregiving",0.4,L33,"Leadership, Power, Mentorship, and Institutions",0.2,L25,"Boundaries, Assertiveness, and Self-Respect",0.2,L15,"Learning Agility, Memory, and Teaching",0.1,L02,"Values, Integrity, and Moral Courage",0.1,The Guardian,0.585,The Catalyst,0.49,The Builder,0.485
19.10,19,"Family, Parenting, Reproduction, and Caregiving","Education, formation, and modeling in family life",L28,"Family, Parenting, and Caregiving",0.4,L15,"Learning Agility, Memory, and Teaching",0.3,L02,"Values, Integrity, and Moral Courage",0.15,L33,"Leadership, Power, Mentorship, and Institutions",0.15,,,,The Guardian,0.508,The Counselor,0.413,The Architect,0.41
19.11,19,"Family, Parenting, Reproduction, and Caregiving","Elder care, dementia, and later-life decision-making",L28,"Family, Parenting, and Caregiving",0.5,L17,"Physical Health, Vitality, and Embodiment",0.2,L14,"Systems Thinking, Judgment, and Decision-Making",0.15,L04,"Mortality, Suffering, Gratitude, and Hope",0.15,,,,The Guardian,0.537,The Catalyst,0.47,The Builder,0.458
19.12,19,"Family, Parenting, Reproduction, and Caregiving","Family labor, provision, and invisible work",L28,"Family, Parenting, and Caregiving",0.4,L21,Financial Stewardship and Provision,0.2,L31,"Justice, Pluralism, and Social Responsibility",0.2,L23,Communication and Listening,0.1,L18,Domestic Competence and Material Self-Sufficiency,0.1,The Guardian,0.65,The Builder,0.505,The Architect,0.475
19.13,19,"Family, Parenting, Reproduction, and Caregiving","Co-parenting, separation, and family restructuring",L28,"Family, Parenting, and Caregiving",0.4,L29,"Conflict, Repair, Forgiveness, and Reconciliation",0.25,L23,Communication and Listening,0.2,L25,"Boundaries, Assertiveness, and Self-Respect",0.15,,,,The Guardian,0.655,The Catalyst,0.6,The Healer,0.505
19.14,19,"Family, Parenting, Reproduction, and Caregiving","Family ritual, heritage, and intergenerational continuity",L28,"Family, Parenting, and Caregiving",0.35,L03,"Spirituality, Reverence, and Transcendence",0.2,L16,"Creativity, Aesthetics, and Cultural Literacy",0.2,L37,"Legacy, Generativity, and Transmission",0.15,L26,"Friendship, Belonging, and Hospitality",0.1,The Healer,0.603,The Steward,0.5,The Guardian,0.482
19.15,19,"Family, Parenting, Reproduction, and Caregiving","Caregiver limits, respite, and shared responsibility",L28,"Family, Parenting, and Caregiving",0.4,L25,"Boundaries, Assertiveness, and Self-Respect",0.25,L34,"Play, Rest, Celebration, and Joy",0.15,L17,"Physical Health, Vitality, and Embodiment",0.1,L26,"Friendship, Belonging, and Hospitality",0.1,The Guardian,0.605,The Catalyst,0.56,The Connector,0.453
20.01,20,"Community, Citizenship, Justice, and Nonviolent Action",Social interdependence,L30,"Service, Citizenship, and Civic Agency",0.35,L26,"Friendship, Belonging, and Hospitality",0.25,L31,"Justice, Pluralism, and Social Responsibility",0.2,L24,"Empathy, Social Perception, and Perspective-Taking",0.2,,,,The Guardian,0.595,The Healer,0.593,The Counselor,0.515
20.02,20,"Community, Citizenship, Justice, and Nonviolent Action",Civic and governmental literacy,L30,"Service, Citizenship, and Civic Agency",0.4,L31,"Justice, Pluralism, and Social Responsibility",0.35,L13,"Evidence, Truth, and Epistemic Humility",0.15,L33,"Leadership, Power, Mentorship, and Institutions",0.1,,,,The Architect,0.492,The Steward,0.47,The Seeker,0.438
20.03,20,"Community, Citizenship, Justice, and Nonviolent Action","Rights, duties, law, and civil liberty",L31,"Justice, Pluralism, and Social Responsibility",0.55,L30,"Service, Citizenship, and Civic Agency",0.25,L02,"Values, Integrity, and Moral Courage",0.1,L13,"Evidence, Truth, and Epistemic Humility",0.1,,,,The Steward,0.523,The Architect,0.498,The Seeker,0.455
20.04,20,"Community, Citizenship, Justice, and Nonviolent Action","Justice, inequality, and social structure",L31,"Justice, Pluralism, and Social Responsibility",0.6,L14,"Systems Thinking, Judgment, and Decision-Making",0.2,L24,"Empathy, Social Perception, and Perspective-Taking",0.1,L30,"Service, Citizenship, and Civic Agency",0.1,,,,The Architect,0.49,The Steward,0.44,The Guardian,0.435
20.05,20,"Community, Citizenship, Justice, and Nonviolent Action",Engagement across difference,L31,"Justice, Pluralism, and Social Responsibility",0.4,L24,"Empathy, Social Perception, and Perspective-Taking",0.3,L23,Communication and Listening,0.2,L29,"Conflict, Repair, Forgiveness, and Reconciliation",0.1,,,,The Counselor,0.56,The Guardian,0.545,The Healer,0.535
20.06,20,"Community, Citizenship, Justice, and Nonviolent Action",Service and volunteering,L30,"Service, Citizenship, and Civic Agency",0.6,L24,"Empathy, Social Perception, and Perspective-Taking",0.2,L26,"Friendship, Belonging, and Hospitality",0.1,L10,"Discipline, Habits, and Follow-Through",0.1,,,,The Guardian,0.545,The Healer,0.525,The Catalyst,0.49
20.07,20,"Community, Citizenship, Justice, and Nonviolent Action",Helping without paternalism,L30,"Service, Citizenship, and Civic Agency",0.35,L24,"Empathy, Social Perception, and Perspective-Taking",0.3,L31,"Justice, Pluralism, and Social Responsibility",0.2,L25,"Boundaries, Assertiveness, and Self-Respect",0.15,,,,The Guardian,0.535,The Healer,0.525,The Counselor,0.5
20.08,20,"Community, Citizenship, Justice, and Nonviolent Action",Collective action and organizing,L30,"Service, Citizenship, and Civic Agency",0.45,L33,"Leadership, Power, Mentorship, and Institutions",0.25,L23,Communication and Listening,0.15,L10,"Discipline, Habits, and Follow-Through",0.15,,,,The Builder,0.503,The Guardian,0.497,The Catalyst,0.465
20.09,20,"Community, Citizenship, Justice, and Nonviolent Action",Public discourse and information responsibility,L31,"Justice, Pluralism, and Social Responsibility",0.3,L23,Communication and Listening,0.25,L13,"Evidence, Truth, and Epistemic Humility",0.25,L30,"Service, Citizenship, and Civic Agency",0.2,,,,The Counselor,0.512,The Architect,0.507,The Seeker,0.455
20.10,20,"Community, Citizenship, Justice, and Nonviolent Action",Stewardship of commons and environment,L31,"Justice, Pluralism, and Social Responsibility",0.3,L35,"Nature, Exploration, and Adventure",0.3,L30,"Service, Citizenship, and Civic Agency",0.2,L21,Financial Stewardship and Provision,0.2,,,,The Steward,0.42,The Craftsman,0.415,The Builder,0.4
20.11,20,"Community, Citizenship, Justice, and Nonviolent Action",Pluralism and peaceful coexistence,L31,"Justice, Pluralism, and Social Responsibility",0.55,L29,"Conflict, Repair, Forgiveness, and Reconciliation",0.2,L24,"Empathy, Social Perception, and Perspective-Taking",0.15,L30,"Service, Citizenship, and Civic Agency",0.1,,,,The Guardian,0.515,The Healer,0.503,The Counselor,0.448
20.12,20,"Community, Citizenship, Justice, and Nonviolent Action",Institutional and media-system literacy,L31,"Justice, Pluralism, and Social Responsibility",0.35,L13,"Evidence, Truth, and Epistemic Humility",0.25,L33,"Leadership, Power, Mentorship, and Institutions",0.2,L19,"Digital Agency, Media Literacy, and Security",0.2,,,,The Architect,0.617,The Strategist,0.47,The Seeker,0.468
20.13,20,"Community, Citizenship, Justice, and Nonviolent Action","Propaganda, polarization, and democratic resilience",L31,"Justice, Pluralism, and Social Responsibility",0.35,L13,"Evidence, Truth, and Epistemic Humility",0.3,L19,"Digital Agency, Media Literacy, and Security",0.2,L29,"Conflict, Repair, Forgiveness, and Reconciliation",0.15,,,,The Architect,0.59,The Seeker,0.497,The Counselor,0.477
20.14,20,"Community, Citizenship, Justice, and Nonviolent Action",Nonviolent action and conflict transformation,L30,"Service, Citizenship, and Civic Agency",0.35,L29,"Conflict, Repair, Forgiveness, and Reconciliation",0.3,L31,"Justice, Pluralism, and Social Responsibility",0.2,L33,"Leadership, Power, Mentorship, and Institutions",0.15,,,,The Guardian,0.527,The Healer,0.472,The Catalyst,0.453
20.15,20,"Community, Citizenship, Justice, and Nonviolent Action",Civil disobedience and principled lawbreaking,L31,"Justice, Pluralism, and Social Responsibility",0.4,L30,"Service, Citizenship, and Civic Agency",0.3,L02,"Values, Integrity, and Moral Courage",0.2,L20,"Safety, Risk, and Preparedness",0.1,,,,The Steward,0.56,The Builder,0.48,The Architect,0.47
20.16,20,"Community, Citizenship, Justice, and Nonviolent Action",Mutual aid and community resilience,L30,"Service, Citizenship, and Civic Agency",0.4,L20,"Safety, Risk, and Preparedness",0.25,L28,"Family, Parenting, and Caregiving",0.2,L26,"Friendship, Belonging, and Hospitality",0.15,,,,The Guardian,0.618,The Builder,0.473,The Catalyst,0.455
20.17,20,"Community, Citizenship, Justice, and Nonviolent Action",Social insurance and shared risk,L31,"Justice, Pluralism, and Social Responsibility",0.35,L30,"Service, Citizenship, and Civic Agency",0.3,L22,"Economic Agency, Entrepreneurship, and Market Literacy",0.2,L21,Financial Stewardship and Provision,0.15,,,,The Architect,0.492,The Builder,0.485,The Steward,0.475
20.18,20,"Community, Citizenship, Justice, and Nonviolent Action",Peacebuilding and reconciliation after collective harm,L29,"Conflict, Repair, Forgiveness, and Reconciliation",0.4,L30,"Service, Citizenship, and Civic Agency",0.25,L31,"Justice, Pluralism, and Social Responsibility",0.2,L24,"Empathy, Social Perception, and Perspective-Taking",0.15,,,,The Healer,0.557,The Guardian,0.552,The Catalyst,0.508
21.01,21,"Work, Craft, Professionalism, and Labor Ethics",Work worth doing,L32,"Work, Craft, Professionalism, and Contribution",0.45,L01,Purpose and Direction,0.3,L36,"Life Design, Balance, and Seasonality",0.25,,,,,,,The Steward,0.522,The Builder,0.475,The Architect,0.47
21.02,21,"Work, Craft, Professionalism, and Labor Ethics",Professional reliability,L32,"Work, Craft, Professionalism, and Contribution",0.5,L10,"Discipline, Habits, and Follow-Through",0.3,L02,"Values, Integrity, and Moral Courage",0.2,,,,,,,The Builder,0.74,The Strategist,0.505,The Architect,0.485
21.03,21,"Work, Craft, Professionalism, and Labor Ethics",Foundational craft competence,L32,"Work, Craft, Professionalism, and Contribution",0.6,L15,"Learning Agility, Memory, and Teaching",0.25,L10,"Discipline, Habits, and Follow-Through",0.15,,,,,,,The Builder,0.593,The Strategist,0.535,The Architect,0.468
21.04,21,"Work, Craft, Professionalism, and Labor Ethics",Deliberate mastery and expertise,L32,"Work, Craft, Professionalism, and Contribution",0.5,L15,"Learning Agility, Memory, and Teaching",0.3,L10,"Discipline, Habits, and Follow-Through",0.2,,,,,,,The Builder,0.575,The Strategist,0.545,The Trailblazer,0.47
21.05,21,"Work, Craft, Professionalism, and Labor Ethics","Quality, craftsmanship, and reputation",L32,"Work, Craft, Professionalism, and Contribution",0.6,L10,"Discipline, Habits, and Follow-Through",0.2,L02,"Values, Integrity, and Moral Courage",0.1,L16,"Creativity, Aesthetics, and Cultural Literacy",0.1,,,,The Builder,0.66,The Strategist,0.47,The Trailblazer,0.46
21.06,21,"Work, Craft, Professionalism, and Labor Ethics","Customer, stakeholder, and user understanding",L32,"Work, Craft, Professionalism, and Contribution",0.35,L24,"Empathy, Social Perception, and Perspective-Taking",0.25,L22,"Economic Agency, Entrepreneurship, and Market Literacy",0.2,L23,Communication and Listening,0.2,,,,The Catalyst,0.492,The Guardian,0.463,The Counselor,0.45
21.07,21,"Work, Craft, Professionalism, and Labor Ethics",Systems and organizational awareness,L32,"Work, Craft, Professionalism, and Contribution",0.35,L14,"Systems Thinking, Judgment, and Decision-Making",0.3,L33,"Leadership, Power, Mentorship, and Institutions",0.2,L31,"Justice, Pluralism, and Social Responsibility",0.15,,,,The Architect,0.56,The Builder,0.56,The Strategist,0.495
21.08,21,"Work, Craft, Professionalism, and Labor Ethics",Project delivery,L32,"Work, Craft, Professionalism, and Contribution",0.5,L10,"Discipline, Habits, and Follow-Through",0.35,L14,"Systems Thinking, Judgment, and Decision-Making",0.15,,,,,,,The Builder,0.732,The Strategist,0.575,The Architect,0.512
21.09,21,"Work, Craft, Professionalism, and Labor Ethics",Collaboration and team contribution,L32,"Work, Craft, Professionalism, and Contribution",0.35,L26,"Friendship, Belonging, and Hospitality",0.25,L23,Communication and Listening,0.2,L33,"Leadership, Power, Mentorship, and Institutions",0.2,,,,The Guardian,0.56,The Catalyst,0.512,The Builder,0.452
21.10,21,"Work, Craft, Professionalism, and Labor Ethics",Innovation and improvement,L32,"Work, Craft, Professionalism, and Contribution",0.35,L16,"Creativity, Aesthetics, and Cultural Literacy",0.25,L11,"Adaptability, Uncertainty, and Learning from Failure",0.2,L14,"Systems Thinking, Judgment, and Decision-Making",0.2,,,,The Trailblazer,0.507,The Explorer,0.492,The Craftsman,0.458
21.11,21,"Work, Craft, Professionalism, and Labor Ethics",Career adaptability and marketable capability,L32,"Work, Craft, Professionalism, and Contribution",0.4,L15,"Learning Agility, Memory, and Teaching",0.25,L11,"Adaptability, Uncertainty, and Learning from Failure",0.2,L22,"Economic Agency, Entrepreneurship, and Market Literacy",0.15,,,,The Strategist,0.528,The Trailblazer,0.508,The Builder,0.467
21.12,21,"Work, Craft, Professionalism, and Labor Ethics",Meaningful contribution and service through work,L32,"Work, Craft, Professionalism, and Contribution",0.45,L30,"Service, Citizenship, and Civic Agency",0.25,L01,Purpose and Direction,0.2,L24,"Empathy, Social Perception, and Perspective-Taking",0.1,,,,The Builder,0.455,The Steward,0.453,The Guardian,0.41
21.13,21,"Work, Craft, Professionalism, and Labor Ethics","Documentation, maintainability, and professional legacy",L32,"Work, Craft, Professionalism, and Contribution",0.4,L10,"Discipline, Habits, and Follow-Through",0.2,L37,"Legacy, Generativity, and Transmission",0.2,L23,Communication and Listening,0.1,L15,"Learning Agility, Memory, and Teaching",0.1,The Builder,0.58,The Architect,0.45,The Strategist,0.45
21.14,21,"Work, Craft, Professionalism, and Labor Ethics","Efficiency, thoroughness, and quality tradeoffs",L32,"Work, Craft, Professionalism, and Contribution",0.4,L14,"Systems Thinking, Judgment, and Decision-Making",0.3,L10,"Discipline, Habits, and Follow-Through",0.2,L02,"Values, Integrity, and Moral Courage",0.1,,,,The Builder,0.655,The Strategist,0.555,The Architect,0.55
21.15,21,"Work, Craft, Professionalism, and Labor Ethics",Worker rights and employment law literacy,L31,"Justice, Pluralism, and Social Responsibility",0.4,L32,"Work, Craft, Professionalism, and Contribution",0.3,L22,"Economic Agency, Entrepreneurship, and Market Literacy",0.2,L13,"Evidence, Truth, and Epistemic Humility",0.1,,,,The Architect,0.535,The Builder,0.505,The Strategist,0.46
21.16,21,"Work, Craft, Professionalism, and Labor Ethics","Power asymmetry, exploitation, and precarity",L31,"Justice, Pluralism, and Social Responsibility",0.45,L32,"Work, Craft, Professionalism, and Contribution",0.2,L33,"Leadership, Power, Mentorship, and Institutions",0.2,L22,"Economic Agency, Entrepreneurship, and Market Literacy",0.15,,,,The Builder,0.53,The Architect,0.5,The Steward,0.435
21.17,21,"Work, Craft, Professionalism, and Labor Ethics","Collective bargaining, unions, and worker voice",L31,"Justice, Pluralism, and Social Responsibility",0.35,L30,"Service, Citizenship, and Civic Agency",0.25,L32,"Work, Craft, Professionalism, and Contribution",0.2,L23,Communication and Listening,0.2,,,,The Guardian,0.473,The Builder,0.43,The Architect,0.422
21.18,21,"Work, Craft, Professionalism, and Labor Ethics",Inclusive and accessible work,L31,"Justice, Pluralism, and Social Responsibility",0.4,L32,"Work, Craft, Professionalism, and Contribution",0.3,L24,"Empathy, Social Perception, and Perspective-Taking",0.15,L33,"Leadership, Power, Mentorship, and Institutions",0.15,,,,The Guardian,0.48,The Builder,0.46,The Architect,0.448
21.19,21,"Work, Craft, Professionalism, and Labor Ethics","Work boundaries, rest, and freedom from total identity",L25,"Boundaries, Assertiveness, and Self-Respect",0.3,L34,"Play, Rest, Celebration, and Joy",0.25,L32,"Work, Craft, Professionalism, and Contribution",0.25,L36,"Life Design, Balance, and Seasonality",0.2,,,,The Builder,0.458,The Catalyst,0.422,The Guardian,0.405
22.01,22,"Leadership, Power, Mentorship, and Institutions",Self-leadership and credibility,L33,"Leadership, Power, Mentorship, and Institutions",0.4,L10,"Discipline, Habits, and Follow-Through",0.25,L02,"Values, Integrity, and Moral Courage",0.2,L05,"Self-Knowledge, Identity, and Humility",0.15,,,,The Builder,0.585,The Architect,0.488,The Strategist,0.458
22.02,22,"Leadership, Power, Mentorship, and Institutions","Direction, vision, and priorities",L33,"Leadership, Power, Mentorship, and Institutions",0.4,L01,Purpose and Direction,0.25,L36,"Life Design, Balance, and Seasonality",0.2,L14,"Systems Thinking, Judgment, and Decision-Making",0.15,,,,The Architect,0.505,The Steward,0.498,The Builder,0.438
22.03,22,"Leadership, Power, Mentorship, and Institutions",Authority and ethical use of power,L33,"Leadership, Power, Mentorship, and Institutions",0.45,L02,"Values, Integrity, and Moral Courage",0.25,L31,"Justice, Pluralism, and Social Responsibility",0.2,L24,"Empathy, Social Perception, and Perspective-Taking",0.1,,,,The Guardian,0.503,The Builder,0.5,The Steward,0.475
22.04,22,"Leadership, Power, Mentorship, and Institutions",Decision-making under responsibility,L33,"Leadership, Power, Mentorship, and Institutions",0.4,L14,"Systems Thinking, Judgment, and Decision-Making",0.35,L02,"Values, Integrity, and Moral Courage",0.15,L20,"Safety, Risk, and Preparedness",0.1,,,,The Architect,0.585,The Builder,0.568,The Strategist,0.478
22.05,22,"Leadership, Power, Mentorship, and Institutions",Delegation and empowerment,L33,"Leadership, Power, Mentorship, and Institutions",0.5,L23,Communication and Listening,0.2,L24,"Empathy, Social Perception, and Perspective-Taking",0.15,L25,"Boundaries, Assertiveness, and Self-Respect",0.15,,,,The Guardian,0.557,The Catalyst,0.54,The Counselor,0.492
22.06,22,"Leadership, Power, Mentorship, and Institutions","Coaching, mentorship, and development",L33,"Leadership, Power, Mentorship, and Institutions",0.4,L15,"Learning Agility, Memory, and Teaching",0.25,L24,"Empathy, Social Perception, and Perspective-Taking",0.2,L23,Communication and Listening,0.15,,,,The Counselor,0.535,The Catalyst,0.475,The Guardian,0.47
22.07,22,"Leadership, Power, Mentorship, and Institutions",Accountability and standards,L33,"Leadership, Power, Mentorship, and Institutions",0.4,L10,"Discipline, Habits, and Follow-Through",0.25,L02,"Values, Integrity, and Moral Courage",0.2,L23,Communication and Listening,0.15,,,,The Builder,0.622,The Guardian,0.47,The Architect,0.458
22.08,22,"Leadership, Power, Mentorship, and Institutions","Conflict, dissent, and psychological safety",L33,"Leadership, Power, Mentorship, and Institutions",0.3,L29,"Conflict, Repair, Forgiveness, and Reconciliation",0.3,L25,"Boundaries, Assertiveness, and Self-Respect",0.2,L31,"Justice, Pluralism, and Social Responsibility",0.2,,,,The Guardian,0.535,The Catalyst,0.51,The Builder,0.475
22.09,22,"Leadership, Power, Mentorship, and Institutions",Culture and institutional design,L33,"Leadership, Power, Mentorship, and Institutions",0.4,L14,"Systems Thinking, Judgment, and Decision-Making",0.25,L31,"Justice, Pluralism, and Social Responsibility",0.2,L26,"Friendship, Belonging, and Hospitality",0.15,,,,The Architect,0.497,The Guardian,0.493,The Builder,0.455
22.10,22,"Leadership, Power, Mentorship, and Institutions",Organizational politics and stakeholder navigation,L33,"Leadership, Power, Mentorship, and Institutions",0.4,L24,"Empathy, Social Perception, and Perspective-Taking",0.2,L14,"Systems Thinking, Judgment, and Decision-Making",0.2,L23,Communication and Listening,0.1,L31,"Justice, Pluralism, and Social Responsibility",0.1,The Guardian,0.5,The Counselor,0.49,The Architect,0.45
22.11,22,"Leadership, Power, Mentorship, and Institutions",Crisis leadership,L33,"Leadership, Power, Mentorship, and Institutions",0.45,L20,"Safety, Risk, and Preparedness",0.25,L14,"Systems Thinking, Judgment, and Decision-Making",0.2,L07,Emotional Regulation and Resilience,0.1,,,,The Builder,0.615,The Architect,0.552,The Guardian,0.475
22.12,22,"Leadership, Power, Mentorship, and Institutions",Succession and institutional stewardship,L33,"Leadership, Power, Mentorship, and Institutions",0.4,L37,"Legacy, Generativity, and Transmission",0.3,L15,"Learning Agility, Memory, and Teaching",0.15,L32,"Work, Craft, Professionalism, and Contribution",0.15,,,,The Builder,0.487,The Architect,0.47,The Guardian,0.468
22.13,22,"Leadership, Power, Mentorship, and Institutions",Anti-corruption and conflicts of interest,L33,"Leadership, Power, Mentorship, and Institutions",0.3,L31,"Justice, Pluralism, and Social Responsibility",0.3,L02,"Values, Integrity, and Moral Courage",0.25,L13,"Evidence, Truth, and Epistemic Humility",0.15,,,,The Architect,0.552,The Steward,0.497,The Builder,0.472
22.14,22,"Leadership, Power, Mentorship, and Institutions",Institutional capture and concentrated power,L31,"Justice, Pluralism, and Social Responsibility",0.4,L33,"Leadership, Power, Mentorship, and Institutions",0.3,L14,"Systems Thinking, Judgment, and Decision-Making",0.2,L13,"Evidence, Truth, and Epistemic Humility",0.1,,,,The Architect,0.575,The Builder,0.445,The Strategist,0.44
22.15,22,"Leadership, Power, Mentorship, and Institutions",Whistleblowing and protected dissent,L31,"Justice, Pluralism, and Social Responsibility",0.35,L25,"Boundaries, Assertiveness, and Self-Respect",0.25,L33,"Leadership, Power, Mentorship, and Institutions",0.2,L02,"Values, Integrity, and Moral Courage",0.2,,,,The Builder,0.517,The Guardian,0.473,The Architect,0.463
22.16,22,"Leadership, Power, Mentorship, and Institutions","Governance, checks, and accountable authority",L33,"Leadership, Power, Mentorship, and Institutions",0.4,L31,"Justice, Pluralism, and Social Responsibility",0.35,L14,"Systems Thinking, Judgment, and Decision-Making",0.15,L02,"Values, Integrity, and Moral Courage",0.1,,,,The Architect,0.53,The Builder,0.507,The Steward,0.46
22.17,22,"Leadership, Power, Mentorship, and Institutions",Abuse response and institutional repair,L33,"Leadership, Power, Mentorship, and Institutions",0.3,L29,"Conflict, Repair, Forgiveness, and Reconciliation",0.25,L31,"Justice, Pluralism, and Social Responsibility",0.25,L20,"Safety, Risk, and Preparedness",0.1,L24,"Empathy, Social Perception, and Perspective-Taking",0.1,The Guardian,0.547,The Catalyst,0.46,The Builder,0.448
23.01,23,"Personal Finance, Provision, and Material Stewardship",Personal financial literacy,L21,Financial Stewardship and Provision,0.75,L13,"Evidence, Truth, and Epistemic Humility",0.15,L14,"Systems Thinking, Judgment, and Decision-Making",0.1,,,,,,,The Architect,0.76,The Builder,0.592,The Guardian,0.535
23.02,23,"Personal Finance, Provision, and Material Stewardship",Budgeting and cash-flow control,L21,Financial Stewardship and Provision,0.7,L10,"Discipline, Habits, and Follow-Through",0.2,L09,Temperance and Desire Governance,0.1,,,,,,,The Builder,0.745,The Architect,0.655,The Guardian,0.555
23.03,23,"Personal Finance, Provision, and Material Stewardship",Emergency reserves and liquidity,L21,Financial Stewardship and Provision,0.6,L20,"Safety, Risk, and Preparedness",0.25,L10,"Discipline, Habits, and Follow-Through",0.15,,,,,,,The Builder,0.755,The Architect,0.68,The Guardian,0.58
23.04,23,"Personal Finance, Provision, and Material Stewardship",Debt and credit,L21,Financial Stewardship and Provision,0.7,L14,"Systems Thinking, Judgment, and Decision-Making",0.15,L09,Temperance and Desire Governance,0.15,,,,,,,The Architect,0.69,The Builder,0.67,The Guardian,0.537
23.05,23,"Personal Finance, Provision, and Material Stewardship","Saving, investing, and retirement",L21,Financial Stewardship and Provision,0.65,L36,"Life Design, Balance, and Seasonality",0.2,L14,"Systems Thinking, Judgment, and Decision-Making",0.15,,,,,,,The Architect,0.693,The Builder,0.603,The Guardian,0.54
23.06,23,"Personal Finance, Provision, and Material Stewardship","Insurance, estate, and dependent protection",L21,Financial Stewardship and Provision,0.5,L28,"Family, Parenting, and Caregiving",0.2,L20,"Safety, Risk, and Preparedness",0.15,L37,"Legacy, Generativity, and Transmission",0.15,,,,The Guardian,0.65,The Builder,0.62,The Architect,0.61
23.07,23,"Personal Finance, Provision, and Material Stewardship","Consumption, status, and enoughness",L21,Financial Stewardship and Provision,0.35,L09,Temperance and Desire Governance,0.3,L36,"Life Design, Balance, and Seasonality",0.2,L05,"Self-Knowledge, Identity, and Humility",0.15,,,,The Architect,0.557,The Builder,0.55,The Steward,0.458
23.08,23,"Personal Finance, Provision, and Material Stewardship",Generosity and responsible provision,L21,Financial Stewardship and Provision,0.4,L30,"Service, Citizenship, and Civic Agency",0.25,L28,"Family, Parenting, and Caregiving",0.2,L02,"Values, Integrity, and Moral Courage",0.15,,,,The Guardian,0.605,The Builder,0.56,The Steward,0.54
23.09,23,"Personal Finance, Provision, and Material Stewardship",Family and intergenerational stewardship,L21,Financial Stewardship and Provision,0.4,L28,"Family, Parenting, and Caregiving",0.25,L37,"Legacy, Generativity, and Transmission",0.2,L30,"Service, Citizenship, and Civic Agency",0.15,,,,The Guardian,0.645,The Steward,0.538,The Builder,0.532
23.10,23,"Personal Finance, Provision, and Material Stewardship",Material and ecological stewardship,L21,Financial Stewardship and Provision,0.4,L35,"Nature, Exploration, and Adventure",0.25,L31,"Justice, Pluralism, and Social Responsibility",0.2,L18,Domestic Competence and Material Self-Sufficiency,0.15,,,,The Builder,0.53,The Architect,0.495,The Craftsman,0.485
23.11,23,"Personal Finance, Provision, and Material Stewardship","Financial hardship, poverty, and constrained choice",L21,Financial Stewardship and Provision,0.35,L31,"Justice, Pluralism, and Social Responsibility",0.3,L11,"Adaptability, Uncertainty, and Learning from Failure",0.15,L20,"Safety, Risk, and Preparedness",0.1,L05,"Self-Knowledge, Identity, and Humility",0.1,The Architect,0.557,The Builder,0.49,The Steward,0.443
23.12,23,"Personal Finance, Provision, and Material Stewardship",Financial relationships and shared money,L21,Financial Stewardship and Provision,0.4,L27,"Intimacy, Sexuality, and Partnership",0.25,L23,Communication and Listening,0.15,L29,"Conflict, Repair, Forgiveness, and Reconciliation",0.1,L25,"Boundaries, Assertiveness, and Self-Respect",0.1,The Guardian,0.64,The Catalyst,0.495,The Builder,0.47
24.01,24,"Entrepreneurship, Markets, Economics, and Social Systems","Income, negotiation, and career economics",L22,"Economic Agency, Entrepreneurship, and Market Literacy",0.45,L21,Financial Stewardship and Provision,0.2,L23,Communication and Listening,0.15,L32,"Work, Craft, Professionalism, and Contribution",0.1,L14,"Systems Thinking, Judgment, and Decision-Making",0.1,The Builder,0.562,The Architect,0.54,The Strategist,0.508
24.02,24,"Entrepreneurship, Markets, Economics, and Social Systems",Entrepreneurship and value creation,L22,"Economic Agency, Entrepreneurship, and Market Literacy",0.55,L16,"Creativity, Aesthetics, and Cultural Literacy",0.2,L10,"Discipline, Habits, and Follow-Through",0.15,L32,"Work, Craft, Professionalism, and Contribution",0.1,,,,The Builder,0.535,The Trailblazer,0.523,The Strategist,0.498
24.03,24,"Entrepreneurship, Markets, Economics, and Social Systems","Business, markets, and economics",L22,"Economic Agency, Entrepreneurship, and Market Literacy",0.65,L14,"Systems Thinking, Judgment, and Decision-Making",0.2,L13,"Evidence, Truth, and Epistemic Humility",0.15,,,,,,,The Strategist,0.625,The Architect,0.593,The Builder,0.503
24.04,24,"Entrepreneurship, Markets, Economics, and Social Systems",Customer discovery and problem validation,L22,"Economic Agency, Entrepreneurship, and Market Literacy",0.4,L24,"Empathy, Social Perception, and Perspective-Taking",0.25,L13,"Evidence, Truth, and Epistemic Humility",0.2,L14,"Systems Thinking, Judgment, and Decision-Making",0.15,,,,The Strategist,0.515,The Architect,0.513,The Counselor,0.508
24.05,24,"Entrepreneurship, Markets, Economics, and Social Systems","Business models, pricing, and unit economics",L22,"Economic Agency, Entrepreneurship, and Market Literacy",0.6,L21,Financial Stewardship and Provision,0.2,L14,"Systems Thinking, Judgment, and Decision-Making",0.2,,,,,,,The Architect,0.59,The Builder,0.59,The Strategist,0.56
24.06,24,"Entrepreneurship, Markets, Economics, and Social Systems","Operations, accounting, and compliance",L22,"Economic Agency, Entrepreneurship, and Market Literacy",0.45,L21,Financial Stewardship and Provision,0.2,L10,"Discipline, Habits, and Follow-Through",0.15,L31,"Justice, Pluralism, and Social Responsibility",0.1,L32,"Work, Craft, Professionalism, and Contribution",0.1,The Builder,0.655,The Architect,0.542,The Strategist,0.518
24.07,24,"Entrepreneurship, Markets, Economics, and Social Systems","Competition, monopoly, and market power",L22,"Economic Agency, Entrepreneurship, and Market Literacy",0.35,L31,"Justice, Pluralism, and Social Responsibility",0.35,L14,"Systems Thinking, Judgment, and Decision-Making",0.2,L33,"Leadership, Power, Mentorship, and Institutions",0.1,,,,The Architect,0.54,The Builder,0.5,The Strategist,0.485
24.08,24,"Entrepreneurship, Markets, Economics, and Social Systems",Externalities and full-cost accounting,L31,"Justice, Pluralism, and Social Responsibility",0.35,L22,"Economic Agency, Entrepreneurship, and Market Literacy",0.3,L14,"Systems Thinking, Judgment, and Decision-Making",0.2,L35,"Nature, Exploration, and Adventure",0.15,,,,The Architect,0.472,The Strategist,0.453,The Builder,0.44
24.09,24,"Entrepreneurship, Markets, Economics, and Social Systems",Macroeconomics and economic cycles,L22,"Economic Agency, Entrepreneurship, and Market Literacy",0.55,L14,"Systems Thinking, Judgment, and Decision-Making",0.25,L13,"Evidence, Truth, and Epistemic Humility",0.2,,,,,,,The Strategist,0.633,The Architect,0.62,The Explorer,0.508
24.10,24,"Entrepreneurship, Markets, Economics, and Social Systems","Public finance, taxation, and redistribution",L22,"Economic Agency, Entrepreneurship, and Market Literacy",0.35,L31,"Justice, Pluralism, and Social Responsibility",0.35,L21,Financial Stewardship and Provision,0.15,L30,"Service, Citizenship, and Civic Agency",0.15,,,,The Architect,0.515,The Builder,0.515,The Steward,0.438
24.11,24,"Entrepreneurship, Markets, Economics, and Social Systems",Social insurance and welfare-state design,L31,"Justice, Pluralism, and Social Responsibility",0.4,L22,"Economic Agency, Entrepreneurship, and Market Literacy",0.3,L30,"Service, Citizenship, and Civic Agency",0.2,L21,Financial Stewardship and Provision,0.1,,,,The Architect,0.495,The Builder,0.49,The Steward,0.45
24.12,24,"Entrepreneurship, Markets, Economics, and Social Systems","Ownership, governance, and alternative enterprise forms",L22,"Economic Agency, Entrepreneurship, and Market Literacy",0.4,L33,"Leadership, Power, Mentorship, and Institutions",0.25,L31,"Justice, Pluralism, and Social Responsibility",0.2,L14,"Systems Thinking, Judgment, and Decision-Making",0.15,,,,The Builder,0.537,The Architect,0.53,The Strategist,0.497
24.13,24,"Entrepreneurship, Markets, Economics, and Social Systems",Responsible innovation and technological change,L22,"Economic Agency, Entrepreneurship, and Market Literacy",0.35,L16,"Creativity, Aesthetics, and Cultural Literacy",0.25,L31,"Justice, Pluralism, and Social Responsibility",0.2,L19,"Digital Agency, Media Literacy, and Security",0.1,L14,"Systems Thinking, Judgment, and Decision-Making",0.1,The Explorer,0.46,The Architect,0.435,The Craftsman,0.43
24.14,24,"Entrepreneurship, Markets, Economics, and Social Systems","Global trade, development, and supply chains",L22,"Economic Agency, Entrepreneurship, and Market Literacy",0.4,L31,"Justice, Pluralism, and Social Responsibility",0.25,L14,"Systems Thinking, Judgment, and Decision-Making",0.2,L30,"Service, Citizenship, and Civic Agency",0.15,,,,The Architect,0.517,The Builder,0.49,The Strategist,0.482
25.01,25,"Creativity, Beauty, and Culture",Regular creative production,L16,"Creativity, Aesthetics, and Cultural Literacy",0.7,L10,"Discipline, Habits, and Follow-Through",0.2,L34,"Play, Rest, Celebration, and Joy",0.1,,,,,,,The Creator,0.62,The Trailblazer,0.58,The Connector,0.555
25.02,25,"Creativity, Beauty, and Culture",Observation and imagination,L16,"Creativity, Aesthetics, and Cultural Literacy",0.65,L08,Attention and Presence,0.2,L15,"Learning Agility, Memory, and Teaching",0.15,,,,,,,The Explorer,0.63,The Creator,0.615,The Connector,0.522
25.03,25,"Creativity, Beauty, and Culture",Aesthetic literacy and taste,L16,"Creativity, Aesthetics, and Cultural Literacy",0.75,L13,"Evidence, Truth, and Epistemic Humility",0.1,L03,"Spirituality, Reverence, and Transcendence",0.1,L34,"Play, Rest, Celebration, and Joy",0.05,,,,The Creator,0.735,The Explorer,0.62,The Connector,0.572
25.04,25,"Creativity, Beauty, and Culture",Medium and technique,L16,"Creativity, Aesthetics, and Cultural Literacy",0.6,L15,"Learning Agility, Memory, and Teaching",0.25,L32,"Work, Craft, Professionalism, and Contribution",0.15,,,,,,,The Explorer,0.632,The Creator,0.57,The Connector,0.555
25.05,25,"Creativity, Beauty, and Culture",Originality through synthesis,L16,"Creativity, Aesthetics, and Cultural Literacy",0.65,L15,"Learning Agility, Memory, and Teaching",0.2,L11,"Adaptability, Uncertainty, and Learning from Failure",0.15,,,,,,,The Explorer,0.685,The Creator,0.655,The Connector,0.605
25.06,25,"Creativity, Beauty, and Culture",Creative courage and experimentation,L16,"Creativity, Aesthetics, and Cultural Literacy",0.55,L11,"Adaptability, Uncertainty, and Learning from Failure",0.25,L25,"Boundaries, Assertiveness, and Self-Respect",0.1,L10,"Discipline, Habits, and Follow-Through",0.1,,,,The Trailblazer,0.595,The Creator,0.565,The Explorer,0.56
25.07,25,"Creativity, Beauty, and Culture","Revision, finishing, and publication",L16,"Creativity, Aesthetics, and Cultural Literacy",0.45,L10,"Discipline, Habits, and Follow-Through",0.3,L32,"Work, Craft, Professionalism, and Contribution",0.15,L23,Communication and Listening,0.1,,,,The Trailblazer,0.528,The Craftsman,0.463,The Explorer,0.412
25.08,25,"Creativity, Beauty, and Culture",Creative collaboration,L16,"Creativity, Aesthetics, and Cultural Literacy",0.45,L26,"Friendship, Belonging, and Hospitality",0.25,L23,Communication and Listening,0.15,L32,"Work, Craft, Professionalism, and Contribution",0.15,,,,The Connector,0.608,The Creator,0.44,The Craftsman,0.43
25.09,25,"Creativity, Beauty, and Culture","Art as truth, memory, and moral imagination",L16,"Creativity, Aesthetics, and Cultural Literacy",0.5,L02,"Values, Integrity, and Moral Courage",0.2,L03,"Spirituality, Reverence, and Transcendence",0.15,L31,"Justice, Pluralism, and Social Responsibility",0.15,,,,The Creator,0.633,The Steward,0.458,The Seeker,0.432
25.10,25,"Creativity, Beauty, and Culture",Cultural and historical literacy,L16,"Creativity, Aesthetics, and Cultural Literacy",0.5,L15,"Learning Agility, Memory, and Teaching",0.25,L31,"Justice, Pluralism, and Social Responsibility",0.15,L13,"Evidence, Truth, and Epistemic Humility",0.1,,,,The Explorer,0.63,The Creator,0.527,The Connector,0.49
25.11,25,"Creativity, Beauty, and Culture",Personal style and aesthetic environment,L16,"Creativity, Aesthetics, and Cultural Literacy",0.55,L05,"Self-Knowledge, Identity, and Humility",0.2,L18,Domestic Competence and Material Self-Sufficiency,0.15,L17,"Physical Health, Vitality, and Embodiment",0.1,,,,The Explorer,0.545,The Creator,0.525,The Connector,0.485
25.12,25,"Creativity, Beauty, and Culture",Communal craft and tradition-bearing,L16,"Creativity, Aesthetics, and Cultural Literacy",0.4,L26,"Friendship, Belonging, and Hospitality",0.2,L15,"Learning Agility, Memory, and Teaching",0.2,L03,"Spirituality, Reverence, and Transcendence",0.1,L28,"Family, Parenting, and Caregiving",0.1,The Connector,0.575,The Creator,0.52,The Healer,0.455
25.13,25,"Creativity, Beauty, and Culture","Cultural appropriation, exchange, and attribution",L16,"Creativity, Aesthetics, and Cultural Literacy",0.35,L31,"Justice, Pluralism, and Social Responsibility",0.35,L02,"Values, Integrity, and Moral Courage",0.2,L13,"Evidence, Truth, and Epistemic Humility",0.1,,,,The Creator,0.442,The Steward,0.427,The Seeker,0.423
26.01,26,"Play, Celebration, Leisure, Nature, and Exploration",Play for its own sake,L34,"Play, Rest, Celebration, and Joy",0.8,L05,"Self-Knowledge, Identity, and Humility",0.1,L11,"Adaptability, Uncertainty, and Learning from Failure",0.1,,,,,,,The Connector,0.59,The Creator,0.565,The Trailblazer,0.485
26.02,26,"Play, Celebration, Leisure, Nature, and Exploration",Rest and leisure,L34,"Play, Rest, Celebration, and Joy",0.75,L17,"Physical Health, Vitality, and Embodiment",0.15,L36,"Life Design, Balance, and Seasonality",0.1,,,,,,,The Connector,0.545,The Creator,0.502,The Trailblazer,0.492
26.03,26,"Play, Celebration, Leisure, Nature, and Exploration",Hobbies and lifelong interests,L34,"Play, Rest, Celebration, and Joy",0.45,L16,"Creativity, Aesthetics, and Cultural Literacy",0.25,L15,"Learning Agility, Memory, and Teaching",0.15,L36,"Life Design, Balance, and Seasonality",0.15,,,,The Connector,0.565,The Creator,0.56,The Explorer,0.505
26.04,26,"Play, Celebration, Leisure, Nature, and Exploration",Nature connection and ecological awareness,L35,"Nature, Exploration, and Adventure",0.6,L31,"Justice, Pluralism, and Social Responsibility",0.2,L03,"Spirituality, Reverence, and Transcendence",0.1,L17,"Physical Health, Vitality, and Embodiment",0.1,,,,The Creator,0.575,The Trailblazer,0.535,The Craftsman,0.43
26.05,26,"Play, Celebration, Leisure, Nature, and Exploration",Outdoor competence and responsible recreation,L35,"Nature, Exploration, and Adventure",0.5,L17,"Physical Health, Vitality, and Embodiment",0.25,L20,"Safety, Risk, and Preparedness",0.15,L34,"Play, Rest, Celebration, and Joy",0.1,,,,The Trailblazer,0.633,The Craftsman,0.495,The Creator,0.447
26.06,26,"Play, Celebration, Leisure, Nature, and Exploration","Travel, geography, and place",L35,"Nature, Exploration, and Adventure",0.55,L31,"Justice, Pluralism, and Social Responsibility",0.2,L15,"Learning Agility, Memory, and Teaching",0.15,L20,"Safety, Risk, and Preparedness",0.1,,,,The Trailblazer,0.53,The Explorer,0.49,The Creator,0.48
26.07,26,"Play, Celebration, Leisure, Nature, and Exploration",Cross-cultural exploration,L35,"Nature, Exploration, and Adventure",0.4,L31,"Justice, Pluralism, and Social Responsibility",0.3,L24,"Empathy, Social Perception, and Perspective-Taking",0.15,L15,"Learning Agility, Memory, and Teaching",0.15,,,,The Connector,0.465,The Explorer,0.443,The Creator,0.43
26.08,26,"Play, Celebration, Leisure, Nature, and Exploration",Adventure and calculated challenge,L35,"Nature, Exploration, and Adventure",0.5,L11,"Adaptability, Uncertainty, and Learning from Failure",0.2,L20,"Safety, Risk, and Preparedness",0.15,L17,"Physical Health, Vitality, and Embodiment",0.15,,,,The Trailblazer,0.657,The Craftsman,0.49,The Creator,0.472
26.09,26,"Play, Celebration, Leisure, Nature, and Exploration",Wonder and awe,L35,"Nature, Exploration, and Adventure",0.4,L03,"Spirituality, Reverence, and Transcendence",0.3,L16,"Creativity, Aesthetics, and Cultural Literacy",0.2,L34,"Play, Rest, Celebration, and Joy",0.1,,,,The Creator,0.77,The Healer,0.485,The Reformer,0.48
26.10,26,"Play, Celebration, Leisure, Nature, and Exploration",Communal festivity and celebration,L34,"Play, Rest, Celebration, and Joy",0.55,L26,"Friendship, Belonging, and Hospitality",0.25,L03,"Spirituality, Reverence, and Transcendence",0.1,L16,"Creativity, Aesthetics, and Cultural Literacy",0.1,,,,The Connector,0.625,The Healer,0.565,The Creator,0.55
26.11,26,"Play, Celebration, Leisure, Nature, and Exploration",Communal recreation and inclusive play,L34,"Play, Rest, Celebration, and Joy",0.4,L26,"Friendship, Belonging, and Hospitality",0.3,L31,"Justice, Pluralism, and Social Responsibility",0.2,L17,"Physical Health, Vitality, and Embodiment",0.1,,,,The Connector,0.54,The Healer,0.495,The Guardian,0.485
26.12,26,"Play, Celebration, Leisure, Nature, and Exploration",Pilgrimage and meaningful journey,L35,"Nature, Exploration, and Adventure",0.35,L03,"Spirituality, Reverence, and Transcendence",0.3,L01,Purpose and Direction,0.2,L34,"Play, Rest, Celebration, and Joy",0.15,,,,The Creator,0.725,The Healer,0.557,The Reformer,0.557
26.13,26,"Play, Celebration, Leisure, Nature, and Exploration","Humor, delight, and lightness",L34,"Play, Rest, Celebration, and Joy",0.65,L23,Communication and Listening,0.15,L26,"Friendship, Belonging, and Hospitality",0.1,L07,Emotional Regulation and Resilience,0.1,,,,The Connector,0.605,The Healer,0.47,The Catalyst,0.448
26.14,26,"Play, Celebration, Leisure, Nature, and Exploration",Ecological relationship and reciprocal stewardship,L35,"Nature, Exploration, and Adventure",0.45,L31,"Justice, Pluralism, and Social Responsibility",0.3,L03,"Spirituality, Reverence, and Transcendence",0.15,L30,"Service, Citizenship, and Civic Agency",0.1,,,,The Creator,0.55,The Reformer,0.438,The Steward,0.418
27.01,27,"Integration, Life Design, Seasons, and Legacy",Life architecture,L36,"Life Design, Balance, and Seasonality",0.65,L01,Purpose and Direction,0.2,L14,"Systems Thinking, Judgment, and Decision-Making",0.15,,,,,,,The Steward,0.523,The Architect,0.51,The Seeker,0.488
27.02,27,"Integration, Life Design, Seasons, and Legacy",Balancing competing goods,L36,"Life Design, Balance, and Seasonality",0.55,L14,"Systems Thinking, Judgment, and Decision-Making",0.25,L02,"Values, Integrity, and Moral Courage",0.2,,,,,,,The Architect,0.55,The Steward,0.478,The Builder,0.453
27.03,27,"Integration, Life Design, Seasons, and Legacy",Seasons and changing emphasis,L36,"Life Design, Balance, and Seasonality",0.55,L11,"Adaptability, Uncertainty, and Learning from Failure",0.2,L04,"Mortality, Suffering, Gratitude, and Hope",0.15,L17,"Physical Health, Vitality, and Embodiment",0.1,,,,The Steward,0.41,The Reformer,0.4,The Seeker,0.385
27.04,27,"Integration, Life Design, Seasons, and Legacy",Roles and responsibility portfolio,L36,"Life Design, Balance, and Seasonality",0.45,L28,"Family, Parenting, and Caregiving",0.15,L32,"Work, Craft, Professionalism, and Contribution",0.15,L30,"Service, Citizenship, and Civic Agency",0.15,L01,Purpose and Direction,0.1,The Steward,0.5,The Guardian,0.455,The Architect,0.445
27.05,27,"Integration, Life Design, Seasons, and Legacy",Personal operating reviews,L36,"Life Design, Balance, and Seasonality",0.45,L10,"Discipline, Habits, and Follow-Through",0.25,L05,"Self-Knowledge, Identity, and Humility",0.15,L14,"Systems Thinking, Judgment, and Decision-Making",0.15,,,,The Architect,0.517,The Builder,0.473,The Strategist,0.47
27.06,27,"Integration, Life Design, Seasons, and Legacy",Goals as experiments,L36,"Life Design, Balance, and Seasonality",0.4,L11,"Adaptability, Uncertainty, and Learning from Failure",0.25,L10,"Discipline, Habits, and Follow-Through",0.2,L14,"Systems Thinking, Judgment, and Decision-Making",0.15,,,,The Builder,0.483,The Strategist,0.473,The Architect,0.445
27.07,27,"Integration, Life Design, Seasons, and Legacy",Transition preparedness,L36,"Life Design, Balance, and Seasonality",0.4,L20,"Safety, Risk, and Preparedness",0.2,L11,"Adaptability, Uncertainty, and Learning from Failure",0.2,L21,Financial Stewardship and Provision,0.1,L04,"Mortality, Suffering, Gratitude, and Hope",0.1,The Builder,0.46,The Architect,0.455,The Steward,0.435
27.08,27,"Integration, Life Design, Seasons, and Legacy",Ambition and contentment,L36,"Life Design, Balance, and Seasonality",0.4,L01,Purpose and Direction,0.2,L09,Temperance and Desire Governance,0.15,L34,"Play, Rest, Celebration, and Joy",0.15,L05,"Self-Knowledge, Identity, and Humility",0.1,The Steward,0.485,The Seeker,0.458,The Architect,0.398
27.09,27,"Integration, Life Design, Seasons, and Legacy",Coherence without rigidity,L36,"Life Design, Balance, and Seasonality",0.45,L11,"Adaptability, Uncertainty, and Learning from Failure",0.25,L05,"Self-Knowledge, Identity, and Humility",0.15,L01,Purpose and Direction,0.15,,,,The Seeker,0.48,The Explorer,0.412,The Architect,0.41
27.10,27,"Integration, Life Design, Seasons, and Legacy",Mentorship and generativity,L37,"Legacy, Generativity, and Transmission",0.35,L33,"Leadership, Power, Mentorship, and Institutions",0.25,L15,"Learning Agility, Memory, and Teaching",0.2,L28,"Family, Parenting, and Caregiving",0.1,L30,"Service, Citizenship, and Civic Agency",0.1,The Guardian,0.49,The Architect,0.432,The Steward,0.422
27.11,27,"Integration, Life Design, Seasons, and Legacy","Legacy in people, institutions, and works",L37,"Legacy, Generativity, and Transmission",0.55,L33,"Leadership, Power, Mentorship, and Institutions",0.15,L32,"Work, Craft, Professionalism, and Contribution",0.1,L28,"Family, Parenting, and Caregiving",0.1,L16,"Creativity, Aesthetics, and Cultural Literacy",0.1,The Steward,0.518,The Guardian,0.515,The Builder,0.425
27.12,27,"Integration, Life Design, Seasons, and Legacy",Annual reckoning and recommitment,L36,"Life Design, Balance, and Seasonality",0.5,L05,"Self-Knowledge, Identity, and Humility",0.2,L10,"Discipline, Habits, and Follow-Through",0.2,L01,Purpose and Direction,0.1,,,,The Architect,0.48,The Seeker,0.44,The Steward,0.44
27.13,27,"Integration, Life Design, Seasons, and Legacy","Applicability, role choice, and the right to leave domains unchosen",L36,"Life Design, Balance, and Seasonality",0.45,L05,"Self-Knowledge, Identity, and Humility",0.2,L25,"Boundaries, Assertiveness, and Self-Respect",0.2,L31,"Justice, Pluralism, and Social Responsibility",0.15,,,,The Architect,0.47,The Seeker,0.417,The Counselor,0.408
27.14,27,"Integration, Life Design, Seasons, and Legacy",Multiple pathways to flourishing,L36,"Life Design, Balance, and Seasonality",0.35,L31,"Justice, Pluralism, and Social Responsibility",0.3,L01,Purpose and Direction,0.2,L05,"Self-Knowledge, Identity, and Humility",0.15,,,,The Seeker,0.54,The Steward,0.53,The Architect,0.48
27.15,27,"Integration, Life Design, Seasons, and Legacy",Receiving as well as achieving,L36,"Life Design, Balance, and Seasonality",0.35,L04,"Mortality, Suffering, Gratitude, and Hope",0.25,L05,"Self-Knowledge, Identity, and Humility",0.2,L28,"Family, Parenting, and Caregiving",0.1,L34,"Play, Rest, Celebration, and Joy",0.1,The Seeker,0.485,The Healer,0.475,The Steward,0.435
