competency_id,competency_name,domain_id,domain_name,content_status,protocol_stable_id,protocol_version,protocol_path,protocol_sha256,protocol_family,risk_class,runtime_projection,sources_complete,safety_review_status,scoring_policy,shadow_test_status,activation_status,release_gate_status,ui_test_status,parent_mapping_lever_ids,recommendation_target_lever_ids,blocking_issue
01.01,Conceptions of flourishing,01,"Meaning, Worldview, and Purpose",draft,PRACTICE-COMP-0101-CONCEPTIONS-OF-FLOURISHING-01,0.1.0,data/practices/protocols/01/PRACTICE-COMP-0101-CONCEPTIONS-OF-FLOURISHING-01.yaml,17f33c7876dceb546332f2072d942ff1b8283f8a03d04ad9efd65080fad0d569,PF-CONTEMPLATIVE-MEANING,RISK-LOW,none,false,pending,SP-SHADOW-ONLY,not_started,inactive,blocked,not_applicable,L01;L02;L36,L01;L02;L36,accessibility_review_status:pending;content_review_status:pending;last_reviewed:missing;originality_review_status:pending;research_gap:RG-M6A-001:open;research_review_status:internal_sources_only_external_review_required;safety_review_status:pending;sources:incomplete
01.02,A provisional worldview,01,"Meaning, Worldview, and Purpose",draft,PRACTICE-COMP-0102-A-PROVISIONAL-WORLDVIEW-01,0.1.0,data/practices/protocols/01/PRACTICE-COMP-0102-A-PROVISIONAL-WORLDVIEW-01.yaml,f542051b54b8631ffde7f35b8739c035603586f269b100290abcc33738868daa,PF-CONTEMPLATIVE-MEANING,RISK-LOW,none,false,pending,SP-SHADOW-ONLY,not_started,inactive,blocked,not_applicable,L01;L03;L11;L13,L01;L03;L11;L13,accessibility_review_status:pending;content_review_status:pending;last_reviewed:missing;originality_review_status:pending;research_gap:RG-M6A-001:open;research_review_status:internal_sources_only_external_review_required;safety_review_status:pending;sources:incomplete
01.03,Chosen and inherited values,01,"Meaning, Worldview, and Purpose",draft,PRACTICE-COMP-0103-CHOSEN-AND-INHERITED-VALUES-01,0.1.0,data/practices/protocols/01/PRACTICE-COMP-0103-CHOSEN-AND-INHERITED-VALUES-01.yaml,32027dbfd477a0185478c666c48a4518db9426200b9b81b6e4093c8e3a56747d,PF-RELATIONAL-CONVERSATION,RISK-LOW,none,false,pending,SP-SHADOW-ONLY,not_started,inactive,blocked,not_applicable,L02;L05;L31,L02;L05;L31,accessibility_review_status:pending;content_review_status:pending;last_reviewed:missing;originality_review_status:pending;research_gap:RG-M6A-001:open;research_review_status:internal_sources_only_external_review_required;safety_review_status:pending;sources:incomplete
01.04,A hierarchy of goods,01,"Meaning, Worldview, and Purpose",draft,PRACTICE-COMP-0104-A-HIERARCHY-OF-GOODS-01,0.1.0,data/practices/protocols/01/PRACTICE-COMP-0104-A-HIERARCHY-OF-GOODS-01.yaml,099b6bd4ba7e0d0c6958a0a613cb4a26972b3c34344555940d09634bf882873a,PF-RELATIONAL-CONVERSATION,RISK-LOW,none,false,pending,SP-SHADOW-ONLY,not_started,inactive,blocked,not_applicable,L02;L14;L36,L02;L14;L36,accessibility_review_status:pending;content_review_status:pending;last_reviewed:missing;originality_review_status:pending;research_gap:RG-M6A-001:open;research_review_status:internal_sources_only_external_review_required;safety_review_status:pending;sources:incomplete
01.05,Purpose and calling,01,"Meaning, Worldview, and Purpose",draft,PRACTICE-COMP-0105-PURPOSE-AND-CALLING-01,0.1.0,data/practices/protocols/01/PRACTICE-COMP-0105-PURPOSE-AND-CALLING-01.yaml,fbebcd322a11606ea347dee1ff5cc8de1b6e8e10d81cbd59f23e532d0aadc913,PF-CONTEMPLATIVE-MEANING,RISK-LOW,none,false,pending,SP-SHADOW-ONLY,not_started,inactive,blocked,not_applicable,L01;L32;L36,L01;L32;L36,accessibility_review_status:pending;content_review_status:pending;last_reviewed:missing;originality_review_status:pending;research_gap:RG-M6A-001:open;research_review_status:internal_sources_only_external_review_required;safety_review_status:pending;sources:incomplete
01.06,Meaning versus status,01,"Meaning, Worldview, and Purpose",draft,PRACTICE-COMP-0106-MEANING-VERSUS-STATUS-01,0.1.0,data/practices/protocols/01/PRACTICE-COMP-0106-MEANING-VERSUS-STATUS-01.yaml,b695eecf4dec30254217cb69b52f330b99a651d44784b387030e93c65545badd,PF-CONTEMPLATIVE-MEANING,RISK-LOW,none,false,pending,SP-SHADOW-ONLY,not_started,inactive,blocked,not_applicable,L01;L05;L09;L36,L01;L05;L09;L36,accessibility_review_status:pending;content_review_status:pending;last_reviewed:missing;originality_review_status:pending;research_gap:RG-M6A-001:open;research_review_status:internal_sources_only_external_review_required;safety_review_status:pending;sources:incomplete
01.07,Commitment under uncertainty,01,"Meaning, Worldview, and Purpose",draft,PRACTICE-COMP-0107-COMMITMENT-UNDER-UNCERTAINTY-01,0.1.0,data/practices/protocols/01/PRACTICE-COMP-0107-COMMITMENT-UNDER-UNCERTAINTY-01.yaml,fd74de4287a2460f8682d4c523d0a27fa04c0c1990470d87300785a7d6614bc4,PF-ARTIFACT-PLAN,RISK-LOW,none,false,pending,SP-SHADOW-ONLY,not_started,inactive,blocked,not_applicable,L10;L11;L14,L10;L11;L14,accessibility_review_status:pending;content_review_status:pending;last_reviewed:missing;originality_review_status:pending;research_gap:RG-M6A-001:open;research_review_status:internal_sources_only_external_review_required;safety_review_status:pending;sources:incomplete
01.08,Existential responsibility,01,"Meaning, Worldview, and Purpose",draft,PRACTICE-COMP-0108-EXISTENTIAL-RESPONSIBILITY-01,0.1.0,data/practices/protocols/01/PRACTICE-COMP-0108-EXISTENTIAL-RESPONSIBILITY-01.yaml,22def9913bbdd25b53c7d7d99517075d072dfae4b47aadaceb46b2bcfae618bc,PF-ARTIFACT-PLAN,RISK-LOW,none,false,pending,SP-SHADOW-ONLY,not_started,inactive,blocked,not_applicable,L01;L05;L10;L11,L01;L05;L10;L11,accessibility_review_status:pending;content_review_status:pending;last_reviewed:missing;originality_review_status:pending;research_gap:RG-M6A-001:open;research_review_status:internal_sources_only_external_review_required;safety_review_status:pending;sources:incomplete
01.09,Life review and philosophical revision,01,"Meaning, Worldview, and Purpose",draft,PRACTICE-COMP-0109-LIFE-REVIEW-AND-PHILOSOPHICAL-REVISION-01,0.1.0,data/practices/protocols/01/PRACTICE-COMP-0109-LIFE-REVIEW-AND-PHILOSOPHICAL-REVISION-01.yaml,4e0af99a7cbd03deb62a870d7848bbdf0d6804bcc7bcbbe9d2eef392959e505d,PF-LONGITUDINAL-REVIEW,RISK-LOW,none,false,pending,SP-SHADOW-ONLY,not_started,inactive,blocked,not_applicable,L01;L05;L36,L01;L05;L36,accessibility_review_status:pending;content_review_status:pending;last_reviewed:missing;originality_review_status:pending;research_gap:RG-M6A-001:open;research_review_status:internal_sources_only_external_review_required;safety_review_status:pending;sources:incomplete
01.10,Meaning after disillusionment,01,"Meaning, Worldview, and Purpose",draft,PRACTICE-COMP-0110-MEANING-AFTER-DISILLUSIONMENT-01,0.1.0,data/practices/protocols/01/PRACTICE-COMP-0110-MEANING-AFTER-DISILLUSIONMENT-01.yaml,9c4f86c1c681518e6308bcd2a8dd1804fb8a4002cf0daf8b4621b370ffd6af36,PF-CONTEMPLATIVE-MEANING,RISK-LOW,none,false,pending,SP-SHADOW-ONLY,not_started,inactive,blocked,not_applicable,L01;L04;L11,L01;L04;L11,accessibility_review_status:pending;content_review_status:pending;last_reviewed:missing;originality_review_status:pending;research_gap:RG-M6A-001:open;research_review_status:internal_sources_only_external_review_required;safety_review_status:pending;sources:incomplete
01.11,Plural ends and reasonable disagreement,01,"Meaning, Worldview, and Purpose",draft,PRACTICE-COMP-0111-PLURAL-ENDS-AND-REASONABLE-DISAGREEMENT-01,0.1.0,data/practices/protocols/01/PRACTICE-COMP-0111-PLURAL-ENDS-AND-REASONABLE-DISAGREEMENT-01.yaml,6634701befa5ab1735f2f71eca38f7fd3e741a6d9e2e7dafcf44f8829965c81b,PF-CONTEMPLATIVE-MEANING,RISK-LOW,none,false,pending,SP-SHADOW-ONLY,not_started,inactive,blocked,not_applicable,L01;L13;L24;L31,L01;L13;L24;L31,accessibility_review_status:pending;content_review_status:pending;last_reviewed:missing;originality_review_status:pending;research_gap:RG-M6A-001:open;research_review_status:internal_sources_only_external_review_required;safety_review_status:pending;sources:incomplete
02.01,Moral frameworks,02,"Ethics, Virtue, and Integrity",draft,PRACTICE-COMP-0201-MORAL-FRAMEWORKS-01,0.1.0,data/practices/protocols/02/PRACTICE-COMP-0201-MORAL-FRAMEWORKS-01.yaml,80a27c17c9d17fc56b5888e754f7e633384e69196576bd5d81a2df51be78e584,PF-REPEATED-HABIT,RISK-MODERATE,none,false,pending,SP-SHADOW-ONLY,not_started,inactive,blocked,not_applicable,L02;L12;L31,L02;L12;L31,accessibility_review_status:pending;content_review_status:pending;last_reviewed:missing;originality_review_status:pending;research_gap:RG-M6A-001:open;research_review_status:internal_sources_only_external_review_required;safety_review_status:pending;sources:incomplete;specialist_review:missing
02.02,Moral perception,02,"Ethics, Virtue, and Integrity",draft,PRACTICE-COMP-0202-MORAL-PERCEPTION-01,0.1.0,data/practices/protocols/02/PRACTICE-COMP-0202-MORAL-PERCEPTION-01.yaml,cd46b17d355a77b6ded396f357f9ead17716c014af5c0c3c82bf1be0bb9db066,PF-QUALIFIED-CONSULTATION,RISK-HIGH,none,false,pending_specialist_expansion_review,SP-NON-SCORED-REFLECTION,not_applicable,inactive,blocked,not_applicable,L02;L14;L24,L02;L14;L24,accessibility_review_status:pending;content_review_status:pending;last_reviewed:missing;originality_review_status:pending;research_gap:RG-M6A-001:open;research_review_status:internal_sources_only_external_review_required;safety_review_status:pending_specialist_expansion_review;sources:incomplete;specialist_review:missing
02.03,Behavioral definitions of virtue,02,"Ethics, Virtue, and Integrity",draft,PRACTICE-COMP-0203-BEHAVIORAL-DEFINITIONS-OF-VIRTUE-01,0.1.0,data/practices/protocols/02/PRACTICE-COMP-0203-BEHAVIORAL-DEFINITIONS-OF-VIRTUE-01.yaml,a8947a23426eba806c49a4570ab4b9727a51175844718d605b4dca69e41704d3,PF-REPEATED-HABIT,RISK-MODERATE,none,false,pending,SP-SHADOW-ONLY,not_started,inactive,blocked,not_applicable,L02;L05;L10,L02;L05;L10,accessibility_review_status:pending;content_review_status:pending;last_reviewed:missing;originality_review_status:pending;research_gap:RG-M6A-001:open;research_review_status:internal_sources_only_external_review_required;safety_review_status:pending;sources:incomplete;specialist_review:missing
02.04,Truthfulness and candor,02,"Ethics, Virtue, and Integrity",draft,PRACTICE-COMP-0204-TRUTHFULNESS-AND-CANDOR-01,0.1.0,data/practices/protocols/02/PRACTICE-COMP-0204-TRUTHFULNESS-AND-CANDOR-01.yaml,b7cb8240c07e7a6f7924e6681d9e8223e7c71feae99d435ab18781ff7ae2cecc,PF-REPEATED-HABIT,RISK-MODERATE,none,false,pending,SP-SHADOW-ONLY,not_started,inactive,blocked,not_applicable,L02;L23;L25,L02;L23;L25,accessibility_review_status:pending;content_review_status:pending;last_reviewed:missing;originality_review_status:pending;research_gap:RG-M6A-001:open;research_review_status:internal_sources_only_external_review_required;safety_review_status:pending;sources:incomplete;specialist_review:missing
02.05,"Promises, reliability, and one's word",02,"Ethics, Virtue, and Integrity",draft,PRACTICE-COMP-0205-PROMISES-RELIABILITY-AND-ONE-S-WORD-01,0.1.0,data/practices/protocols/02/PRACTICE-COMP-0205-PROMISES-RELIABILITY-AND-ONE-S-WORD-01.yaml,f58949203303745f84c5dc8b8b8bd2aac3527b01f5a31829cca4a7baba58a92b,PF-REPEATED-HABIT,RISK-MODERATE,none,false,pending,SP-SHADOW-ONLY,not_started,inactive,blocked,not_applicable,L02;L10;L32,L02;L10;L32,accessibility_review_status:pending;content_review_status:pending;last_reviewed:missing;originality_review_status:pending;research_gap:RG-M6A-001:open;research_review_status:internal_sources_only_external_review_required;safety_review_status:pending;sources:incomplete;specialist_review:missing
02.06,"Justice, fairness, and equal dignity",02,"Ethics, Virtue, and Integrity",draft,PRACTICE-COMP-0206-JUSTICE-FAIRNESS-AND-EQUAL-DIGNITY-01,0.1.0,data/practices/protocols/02/PRACTICE-COMP-0206-JUSTICE-FAIRNESS-AND-EQUAL-DIGNITY-01.yaml,e2d3600086795df4230002d44b53381b8a18510c046c8789033c95892b107ab6,PF-REPEATED-HABIT,RISK-MODERATE,none,false,pending,SP-SHADOW-ONLY,not_started,inactive,blocked,not_applicable,L02;L24;L31,L02;L24;L31,accessibility_review_status:pending;content_review_status:pending;last_reviewed:missing;originality_review_status:pending;research_gap:RG-M6A-001:open;research_review_status:internal_sources_only_external_review_required;safety_review_status:pending;sources:incomplete;specialist_review:missing
02.07,Moral courage,02,"Ethics, Virtue, and Integrity",draft,PRACTICE-COMP-0207-MORAL-COURAGE-01,0.1.0,data/practices/protocols/02/PRACTICE-COMP-0207-MORAL-COURAGE-01.yaml,80ab2175c0d6dbfa4df803f3a2bdccee2df4ca2bc9255de980b842aa9968ff85,PF-REPEATED-HABIT,RISK-MODERATE,none,false,pending,SP-SHADOW-ONLY,not_started,inactive,blocked,not_applicable,L02;L25;L30,L02;L25;L30,accessibility_review_status:pending;content_review_status:pending;last_reviewed:missing;originality_review_status:pending;research_gap:RG-M6A-001:open;research_review_status:internal_sources_only_external_review_required;safety_review_status:pending;sources:incomplete;specialist_review:missing
02.08,Temperance and moderation,02,"Ethics, Virtue, and Integrity",draft,PRACTICE-COMP-0208-TEMPERANCE-AND-MODERATION-01,0.1.0,data/practices/protocols/02/PRACTICE-COMP-0208-TEMPERANCE-AND-MODERATION-01.yaml,fdc9a82ba4439fc986fe2c4cc930df0c4f5f2027dc011cd3f5cf8056d81388a2,PF-REPEATED-HABIT,RISK-MODERATE,none,false,pending,SP-SHADOW-ONLY,not_started,inactive,blocked,not_applicable,L02;L09;L10,L02;L09;L10,accessibility_review_status:pending;content_review_status:pending;last_reviewed:missing;originality_review_status:pending;research_gap:RG-M6A-001:open;research_review_status:internal_sources_only_external_review_required;safety_review_status:pending;sources:incomplete;specialist_review:missing
02.09,"Compassion, mercy, and forgiveness",02,"Ethics, Virtue, and Integrity",draft,PRACTICE-COMP-0209-COMPASSION-MERCY-AND-FORGIVENESS-01,0.1.0,data/practices/protocols/02/PRACTICE-COMP-0209-COMPASSION-MERCY-AND-FORGIVENESS-01.yaml,15ae2d9cdfeba2d7849a93a993e1a684aa5b6ae404315ea43c02b614c8300cd9,PF-REPEATED-HABIT,RISK-MODERATE,none,false,pending,SP-SHADOW-ONLY,not_started,inactive,blocked,not_applicable,L02;L24;L29,L02;L24;L29,accessibility_review_status:pending;content_review_status:pending;last_reviewed:missing;originality_review_status:pending;research_gap:RG-M6A-001:open;research_review_status:internal_sources_only_external_review_required;safety_review_status:pending;sources:incomplete;specialist_review:missing
02.10,Loyalty and principled dissent,02,"Ethics, Virtue, and Integrity",draft,PRACTICE-COMP-0210-LOYALTY-AND-PRINCIPLED-DISSENT-01,0.1.0,data/practices/protocols/02/PRACTICE-COMP-0210-LOYALTY-AND-PRINCIPLED-DISSENT-01.yaml,8c7dc6dd4ee73ad55ef1c6e4f07d5cbdc7fcb59d82291bf462aa794ebdafe965,PF-REPEATED-HABIT,RISK-MODERATE,none,false,pending,SP-SHADOW-ONLY,not_started,inactive,blocked,not_applicable,L02;L25;L31;L33,L02;L25;L31;L33,accessibility_review_status:pending;content_review_status:pending;last_reviewed:missing;originality_review_status:pending;research_gap:RG-M6A-001:open;research_review_status:internal_sources_only_external_review_required;safety_review_status:pending;sources:incomplete;specialist_review:missing
02.11,"Responsibility, apology, and restitution",02,"Ethics, Virtue, and Integrity",draft,PRACTICE-COMP-0211-RESPONSIBILITY-APOLOGY-AND-RESTITUTION-01,0.1.0,data/practices/protocols/02/PRACTICE-COMP-0211-RESPONSIBILITY-APOLOGY-AND-RESTITUTION-01.yaml,273a190ceeb29e85bb20c9257fad2643e15a7f9f744c78350821bc84da2ec3d7,PF-RELATIONAL-CONVERSATION,RISK-MODERATE,none,false,pending,SP-SHADOW-ONLY,not_started,inactive,blocked,not_applicable,L02;L23;L29,L02;L23;L29,accessibility_review_status:pending;content_review_status:pending;last_reviewed:missing;originality_review_status:pending;research_gap:RG-M6A-001:open;research_review_status:internal_sources_only_external_review_required;safety_review_status:pending;sources:incomplete;specialist_review:missing
02.12,Integrity across contexts,02,"Ethics, Virtue, and Integrity",draft,PRACTICE-COMP-0212-INTEGRITY-ACROSS-CONTEXTS-01,0.1.0,data/practices/protocols/02/PRACTICE-COMP-0212-INTEGRITY-ACROSS-CONTEXTS-01.yaml,1a694a40a6d242d6b5520eb5363c2f4f7833a91def854a439b2c44374900a3fb,PF-REPEATED-HABIT,RISK-MODERATE,none,false,pending,SP-SHADOW-ONLY,not_started,inactive,blocked,not_applicable,L02;L05;L10,L02;L05;L10,accessibility_review_status:pending;content_review_status:pending;last_reviewed:missing;originality_review_status:pending;research_gap:RG-M6A-001:open;research_review_status:internal_sources_only_external_review_required;safety_review_status:pending;sources:incomplete;specialist_review:missing
02.13,"Moral luck, complicity, and dirty hands",02,"Ethics, Virtue, and Integrity",draft,PRACTICE-COMP-0213-MORAL-LUCK-COMPLICITY-AND-DIRTY-HANDS-01,0.1.0,data/practices/protocols/02/PRACTICE-COMP-0213-MORAL-LUCK-COMPLICITY-AND-DIRTY-HANDS-01.yaml,4f59a9dc6558789c9e812066c2dfb2b2e4596f3883dd46db2a689ac96b65a124,PF-REPEATED-HABIT,RISK-MODERATE,none,false,pending,SP-SHADOW-ONLY,not_started,inactive,blocked,not_applicable,L02;L04;L14;L31,L02;L04;L14;L31,accessibility_review_status:pending;content_review_status:pending;last_reviewed:missing;originality_review_status:pending;research_gap:RG-M6A-001:open;research_review_status:internal_sources_only_external_review_required;safety_review_status:pending;sources:incomplete;specialist_review:missing
02.14,"Conscience, conscientious objection, and civil disobedience",02,"Ethics, Virtue, and Integrity",draft,PRACTICE-COMP-0214-CONSCIENCE-CONSCIENTIOUS-OBJECTION-AND-CIVIL-DISOBEDIENCE-01,0.1.0,data/practices/protocols/02/PRACTICE-COMP-0214-CONSCIENCE-CONSCIENTIOUS-OBJECTION-AND-CIVIL-DISOBEDIENCE-01.yaml,e22dd03e176c952ec8206720da920088a27a4a55d7c360759ae9170857286560,PF-QUALIFIED-CONSULTATION,RISK-HIGH,none,false,pending_specialist_expansion_review,SP-NON-SCORED-REFLECTION,not_applicable,inactive,blocked,not_applicable,L02;L25;L30;L31,L02;L25;L30;L31,accessibility_review_status:pending;content_review_status:pending;last_reviewed:missing;originality_review_status:pending;research_gap:RG-M6A-001:open;research_review_status:internal_sources_only_external_review_required;safety_review_status:pending_specialist_expansion_review;sources:incomplete;specialist_review:missing
02.15,Ethics of care and dependency,02,"Ethics, Virtue, and Integrity",draft,PRACTICE-COMP-0215-ETHICS-OF-CARE-AND-DEPENDENCY-01,0.1.0,data/practices/protocols/02/PRACTICE-COMP-0215-ETHICS-OF-CARE-AND-DEPENDENCY-01.yaml,572ce6b4745b9636b1a15a2929d1c9a4e83e2dcf108c6e691bd4fadd0538f191,PF-REPEATED-HABIT,RISK-MODERATE,none,false,pending,SP-SHADOW-ONLY,not_started,inactive,blocked,not_applicable,L02;L24;L28;L31,L02;L24;L28;L31,accessibility_review_status:pending;content_review_status:pending;last_reviewed:missing;originality_review_status:pending;research_gap:RG-M6A-001:open;research_review_status:internal_sources_only_external_review_required;safety_review_status:pending;sources:incomplete;specialist_review:missing
03.01,Metaphysical and spiritual inquiry,03,"Spirituality, Religion, Ritual, and Transcendence",draft,PRACTICE-COMP-0301-METAPHYSICAL-AND-SPIRITUAL-INQUIRY-01,0.1.0,data/practices/protocols/03/PRACTICE-COMP-0301-METAPHYSICAL-AND-SPIRITUAL-INQUIRY-01.yaml,68e5d3d4a2bdb558d03c28469874055eefeee13517a86d8d24294eb35e642d8a,PF-CONTEMPLATIVE-MEANING,RISK-LOW,none,false,pending,SP-SHADOW-ONLY,not_started,inactive,blocked,not_applicable,L01;L03;L13,L01;L03;L13,accessibility_review_status:pending;content_review_status:pending;last_reviewed:missing;originality_review_status:pending;research_gap:RG-M6A-001:open;research_review_status:internal_sources_only_external_review_required;safety_review_status:pending;sources:incomplete
03.02,Serious study of a wisdom tradition,03,"Spirituality, Religion, Ritual, and Transcendence",draft,PRACTICE-COMP-0302-SERIOUS-STUDY-OF-A-WISDOM-TRADITION-01,0.1.0,data/practices/protocols/03/PRACTICE-COMP-0302-SERIOUS-STUDY-OF-A-WISDOM-TRADITION-01.yaml,16d3e4d2f2e98b26e13a737b86a132b7702321fa4ebc4111940a2ffadfe8288d,PF-CONTEMPLATIVE-MEANING,RISK-LOW,none,false,pending,SP-SHADOW-ONLY,not_started,inactive,blocked,not_applicable,L03;L15;L31,L03;L15;L31,accessibility_review_status:pending;content_review_status:pending;last_reviewed:missing;originality_review_status:pending;research_gap:RG-M6A-001:open;research_review_status:internal_sources_only_external_review_required;safety_review_status:pending;sources:incomplete
03.03,"Contemplation, prayer, and silence",03,"Spirituality, Religion, Ritual, and Transcendence",draft,PRACTICE-COMP-0303-CONTEMPLATION-PRAYER-AND-SILENCE-01,0.1.0,data/practices/protocols/03/PRACTICE-COMP-0303-CONTEMPLATION-PRAYER-AND-SILENCE-01.yaml,bc0b3bf15892338f427c1bb9afaab2bf8319fc7a05d1c85672973833dcaccc73,PF-CONTEMPLATIVE-MEANING,RISK-LOW,none,false,pending,SP-SHADOW-ONLY,not_started,inactive,blocked,not_applicable,L03;L07;L08,L03;L07;L08,accessibility_review_status:pending;content_review_status:pending;last_reviewed:missing;originality_review_status:pending;research_gap:RG-M6A-001:open;research_review_status:internal_sources_only_external_review_required;safety_review_status:pending;sources:incomplete
03.04,Reverence and the sacred,03,"Spirituality, Religion, Ritual, and Transcendence",draft,PRACTICE-COMP-0304-REVERENCE-AND-THE-SACRED-01,0.1.0,data/practices/protocols/03/PRACTICE-COMP-0304-REVERENCE-AND-THE-SACRED-01.yaml,f5a1e03d6c6d3827b913db20c8f407c5df87d8fcf24a3170f775d00e03776d32,PF-CONTEMPLATIVE-MEANING,RISK-LOW,none,false,pending,SP-SHADOW-ONLY,not_started,inactive,blocked,not_applicable,L03;L16;L34,L03;L16;L34,accessibility_review_status:pending;content_review_status:pending;last_reviewed:missing;originality_review_status:pending;research_gap:RG-M6A-001:open;research_review_status:internal_sources_only_external_review_required;safety_review_status:pending;sources:incomplete
03.05,Gratitude and received life,03,"Spirituality, Religion, Ritual, and Transcendence",draft,PRACTICE-COMP-0305-GRATITUDE-AND-RECEIVED-LIFE-01,0.1.0,data/practices/protocols/03/PRACTICE-COMP-0305-GRATITUDE-AND-RECEIVED-LIFE-01.yaml,48f5012406ac91d0ce917d4216abc598f5cd0d965651c9352a00d2ba8a949c71,PF-CONTEMPLATIVE-MEANING,RISK-LOW,none,false,pending,SP-SHADOW-ONLY,not_started,inactive,blocked,not_applicable,L03;L04;L34;L36,L03;L04;L34;L36,accessibility_review_status:pending;content_review_status:pending;last_reviewed:missing;originality_review_status:pending;research_gap:RG-M6A-001:open;research_review_status:internal_sources_only_external_review_required;safety_review_status:pending;sources:incomplete
03.06,Surrender and limits of control,03,"Spirituality, Religion, Ritual, and Transcendence",draft,PRACTICE-COMP-0306-SURRENDER-AND-LIMITS-OF-CONTROL-01,0.1.0,data/practices/protocols/03/PRACTICE-COMP-0306-SURRENDER-AND-LIMITS-OF-CONTROL-01.yaml,e348b7899e4cff259f37f8fc031278bba50e6f87219ac11e20150f4d241bb1b4,PF-CONTEMPLATIVE-MEANING,RISK-LOW,none,false,pending,SP-SHADOW-ONLY,not_started,inactive,blocked,not_applicable,L03;L04;L11,L03;L04;L11,accessibility_review_status:pending;content_review_status:pending;last_reviewed:missing;originality_review_status:pending;research_gap:RG-M6A-001:open;research_review_status:internal_sources_only_external_review_required;safety_review_status:pending;sources:incomplete
03.07,Religious and spiritual community,03,"Spirituality, Religion, Ritual, and Transcendence",draft,PRACTICE-COMP-0307-RELIGIOUS-AND-SPIRITUAL-COMMUNITY-01,0.1.0,data/practices/protocols/03/PRACTICE-COMP-0307-RELIGIOUS-AND-SPIRITUAL-COMMUNITY-01.yaml,7f8d1da2d72fb4a1e3a35cdaf4863abbbd3a4ae27b31773ee4924d2341960a51,PF-SAFETY-PREPARATION,RISK-HIGH,none,false,pending_specialist_expansion_review,SP-NON-SCORED-REFLECTION,not_applicable,inactive,blocked,not_applicable,L03;L26;L30,L03;L26;L30,accessibility_review_status:pending;content_review_status:pending;last_reviewed:missing;originality_review_status:pending;research_gap:RG-M6A-001:open;research_review_status:internal_sources_only_external_review_required;safety_review_status:pending_specialist_expansion_review;sources:incomplete;specialist_review:missing
03.08,Vocation and service beyond self,03,"Spirituality, Religion, Ritual, and Transcendence",draft,PRACTICE-COMP-0308-VOCATION-AND-SERVICE-BEYOND-SELF-01,0.1.0,data/practices/protocols/03/PRACTICE-COMP-0308-VOCATION-AND-SERVICE-BEYOND-SELF-01.yaml,7f39f67dc75332ce138b4cd898cb9a4e22b95488f8815089d535272bf0786b3a,PF-CONTEMPLATIVE-MEANING,RISK-LOW,none,false,pending,SP-SHADOW-ONLY,not_started,inactive,blocked,not_applicable,L01;L03;L30;L32,L01;L03;L30;L32,accessibility_review_status:pending;content_review_status:pending;last_reviewed:missing;originality_review_status:pending;research_gap:RG-M6A-001:open;research_review_status:internal_sources_only_external_review_required;safety_review_status:pending;sources:incomplete
03.09,"Ritual, remembrance, and sacred time",03,"Spirituality, Religion, Ritual, and Transcendence",draft,PRACTICE-COMP-0309-RITUAL-REMEMBRANCE-AND-SACRED-TIME-01,0.1.0,data/practices/protocols/03/PRACTICE-COMP-0309-RITUAL-REMEMBRANCE-AND-SACRED-TIME-01.yaml,49a91b2d2fd75155e3a31d251697e3ab60cd07ef4595e8707d6c96b73912551e,PF-QUALIFIED-CONSULTATION,RISK-HIGH,none,false,pending_specialist_expansion_review,SP-NON-SCORED-REFLECTION,not_applicable,inactive,blocked,not_applicable,L03;L26;L34;L36,L03;L26;L34;L36,accessibility_review_status:pending;content_review_status:pending;last_reviewed:missing;originality_review_status:pending;research_gap:RG-M6A-001:open;research_review_status:internal_sources_only_external_review_required;safety_review_status:pending_specialist_expansion_review;sources:incomplete;specialist_review:missing
03.10,"Communal worship, liturgy, and shared sacred practice",03,"Spirituality, Religion, Ritual, and Transcendence",draft,PRACTICE-COMP-0310-COMMUNAL-WORSHIP-LITURGY-AND-SHARED-SACRED-PRACTICE-01,0.1.0,data/practices/protocols/03/PRACTICE-COMP-0310-COMMUNAL-WORSHIP-LITURGY-AND-SHARED-SACRED-PRACTICE-01.yaml,3e3cf147c17c6cb1e214183c04da2320ae4c13d395ad795c8fef8545a3c942e3,PF-CONTEMPLATIVE-MEANING,RISK-LOW,none,false,pending,SP-SHADOW-ONLY,not_started,inactive,blocked,not_applicable,L03;L16;L26,L03;L16;L26,accessibility_review_status:pending;content_review_status:pending;last_reviewed:missing;originality_review_status:pending;research_gap:RG-M6A-001:open;research_review_status:internal_sources_only_external_review_required;safety_review_status:pending;sources:incomplete
03.11,"Authority, tradition, conscience, and reform",03,"Spirituality, Religion, Ritual, and Transcendence",draft,PRACTICE-COMP-0311-AUTHORITY-TRADITION-CONSCIENCE-AND-REFORM-01,0.1.0,data/practices/protocols/03/PRACTICE-COMP-0311-AUTHORITY-TRADITION-CONSCIENCE-AND-REFORM-01.yaml,3d26ba71198f9efccb8f4d5a98187788a65043508ba5ebf44cb83ff175e7ed8c,PF-QUALIFIED-CONSULTATION,RISK-HIGH,none,false,pending_specialist_expansion_review,SP-NON-SCORED-REFLECTION,not_applicable,inactive,blocked,not_applicable,L02;L03;L13;L31,L02;L03;L13;L31,accessibility_review_status:pending;content_review_status:pending;last_reviewed:missing;originality_review_status:pending;research_gap:RG-M6A-001:open;research_review_status:internal_sources_only_external_review_required;safety_review_status:pending_specialist_expansion_review;sources:incomplete;specialist_review:missing
03.12,Religious pluralism and interfaith humility,03,"Spirituality, Religion, Ritual, and Transcendence",draft,PRACTICE-COMP-0312-RELIGIOUS-PLURALISM-AND-INTERFAITH-HUMILITY-01,0.1.0,data/practices/protocols/03/PRACTICE-COMP-0312-RELIGIOUS-PLURALISM-AND-INTERFAITH-HUMILITY-01.yaml,646cdd66e56121459edbd7f89882a47fd5021912c812f5dbfe763f997064baa5,PF-CONTEMPLATIVE-MEANING,RISK-LOW,none,false,pending,SP-SHADOW-ONLY,not_started,inactive,blocked,not_applicable,L03;L05;L24;L31,L03;L05;L24;L31,accessibility_review_status:pending;content_review_status:pending;last_reviewed:missing;originality_review_status:pending;research_gap:RG-M6A-001:open;research_review_status:internal_sources_only_external_review_required;safety_review_status:pending;sources:incomplete
03.13,"Mystical, ecstatic, and peak experience",03,"Spirituality, Religion, Ritual, and Transcendence",draft,PRACTICE-COMP-0313-MYSTICAL-ECSTATIC-AND-PEAK-EXPERIENCE-01,0.1.0,data/practices/protocols/03/PRACTICE-COMP-0313-MYSTICAL-ECSTATIC-AND-PEAK-EXPERIENCE-01.yaml,ad505cd232dab7d4cb345d96a016d9eea7e90e3cc1fadc199db6b16c875666db,PF-CONTEMPLATIVE-MEANING,RISK-LOW,none,false,pending,SP-SHADOW-ONLY,not_started,inactive,blocked,not_applicable,L03;L04;L16;L35,L03;L04;L16;L35,accessibility_review_status:pending;content_review_status:pending;last_reviewed:missing;originality_review_status:pending;research_gap:RG-M6A-001:open;research_review_status:internal_sources_only_external_review_required;safety_review_status:pending;sources:incomplete
04.01,"Suffering, evil, and lament",04,"Mortality, Suffering, Tragedy, and Hope",draft,PRACTICE-COMP-0401-SUFFERING-EVIL-AND-LAMENT-01,0.1.0,data/practices/protocols/04/PRACTICE-COMP-0401-SUFFERING-EVIL-AND-LAMENT-01.yaml,021a92229c15f53d3856fda08c1d0db6d0701e0fcaf93b0272d187afbe9b2f81,PF-CONTEMPLATIVE-MEANING,RISK-MODERATE,none,false,pending,SP-SHADOW-ONLY,not_started,inactive,blocked,not_applicable,L03;L04;L06,L03;L04;L06,accessibility_review_status:pending;content_review_status:pending;last_reviewed:missing;originality_review_status:pending;research_gap:RG-M6A-001:open;research_review_status:internal_sources_only_external_review_required;safety_review_status:pending;sources:incomplete;specialist_review:missing
04.02,Mortality and impermanence,04,"Mortality, Suffering, Tragedy, and Hope",draft,PRACTICE-COMP-0402-MORTALITY-AND-IMPERMANENCE-01,0.1.0,data/practices/protocols/04/PRACTICE-COMP-0402-MORTALITY-AND-IMPERMANENCE-01.yaml,91667da54f857a62c5cb2f2ce2f59a47e7391b3a78260201b2ccecb8d5666fa3,PF-QUALIFIED-CONSULTATION,RISK-HIGH,none,false,pending_specialist_expansion_review,SP-NON-SCORED-REFLECTION,not_applicable,inactive,blocked,not_applicable,L03;L04;L36,L03;L04;L36,accessibility_review_status:pending;content_review_status:pending;last_reviewed:missing;originality_review_status:pending;research_gap:RG-M6A-001:open;research_review_status:internal_sources_only_external_review_required;safety_review_status:pending_specialist_expansion_review;sources:incomplete;specialist_review:missing
04.03,Tragic knowledge and the limits of control,04,"Mortality, Suffering, Tragedy, and Hope",draft,PRACTICE-COMP-0403-TRAGIC-KNOWLEDGE-AND-THE-LIMITS-OF-CONTROL-01,0.1.0,data/practices/protocols/04/PRACTICE-COMP-0403-TRAGIC-KNOWLEDGE-AND-THE-LIMITS-OF-CONTROL-01.yaml,3cde194283e59bcee58f82f282d0556866373c37ac20d6844deeb27cd3a9eb97,PF-RELATIONAL-CONVERSATION,RISK-MODERATE,none,false,pending,SP-SHADOW-ONLY,not_started,inactive,blocked,not_applicable,L04;L11;L14,L04;L11;L14,accessibility_review_status:pending;content_review_status:pending;last_reviewed:missing;originality_review_status:pending;research_gap:RG-M6A-001:open;research_review_status:internal_sources_only_external_review_required;safety_review_status:pending;sources:incomplete;specialist_review:missing
04.04,Meaning after catastrophic loss,04,"Mortality, Suffering, Tragedy, and Hope",draft,PRACTICE-COMP-0404-MEANING-AFTER-CATASTROPHIC-LOSS-01,0.1.0,data/practices/protocols/04/PRACTICE-COMP-0404-MEANING-AFTER-CATASTROPHIC-LOSS-01.yaml,d544fecfb6eacde30ba3ed0a65dac344a192d5871706bf249d7018a6470309ad,PF-SAFETY-PREPARATION,RISK-HIGH,none,false,pending_specialist_expansion_review,SP-NON-SCORED-REFLECTION,not_applicable,inactive,blocked,not_applicable,L01;L04;L07,L01;L04;L07,accessibility_review_status:pending;content_review_status:pending;last_reviewed:missing;originality_review_status:pending;research_gap:RG-M6A-001:open;research_review_status:internal_sources_only_external_review_required;safety_review_status:pending_specialist_expansion_review;sources:incomplete;specialist_review:missing
04.05,"Absurdity, existential anxiety, and meaninglessness",04,"Mortality, Suffering, Tragedy, and Hope",draft,PRACTICE-COMP-0405-ABSURDITY-EXISTENTIAL-ANXIETY-AND-MEANINGLESSNESS-01,0.1.0,data/practices/protocols/04/PRACTICE-COMP-0405-ABSURDITY-EXISTENTIAL-ANXIETY-AND-MEANINGLESSNESS-01.yaml,875288fd0faddcac9ee2fffea4766f30c35ca20337b9def35e82e30ba51e3e10,PF-CONTEMPLATIVE-MEANING,RISK-MODERATE,none,false,pending,SP-SHADOW-ONLY,not_started,inactive,blocked,not_applicable,L01;L04;L07,L01;L04;L07,accessibility_review_status:pending;content_review_status:pending;last_reviewed:missing;originality_review_status:pending;research_gap:RG-M6A-001:open;research_review_status:internal_sources_only_external_review_required;safety_review_status:pending;sources:incomplete;specialist_review:missing
04.06,Endurance without self-optimization,04,"Mortality, Suffering, Tragedy, and Hope",draft,PRACTICE-COMP-0406-ENDURANCE-WITHOUT-SELF-OPTIMIZATION-01,0.1.0,data/practices/protocols/04/PRACTICE-COMP-0406-ENDURANCE-WITHOUT-SELF-OPTIMIZATION-01.yaml,f31394218b18b35f6b6930251522a68b4b4338cbaed7606ffaa685d8329fdbf0,PF-CONTEMPLATIVE-MEANING,RISK-MODERATE,none,false,pending,SP-SHADOW-ONLY,not_started,inactive,blocked,not_applicable,L04;L05;L07;L34,L04;L05;L07;L34,accessibility_review_status:pending;content_review_status:pending;last_reviewed:missing;originality_review_status:pending;research_gap:RG-M6A-001:open;research_review_status:internal_sources_only_external_review_required;safety_review_status:pending;sources:incomplete;specialist_review:missing
04.07,Moral injury and compromised action,04,"Mortality, Suffering, Tragedy, and Hope",draft,PRACTICE-COMP-0407-MORAL-INJURY-AND-COMPROMISED-ACTION-01,0.1.0,data/practices/protocols/04/PRACTICE-COMP-0407-MORAL-INJURY-AND-COMPROMISED-ACTION-01.yaml,a31a95bdb0c54fc84f02ec3f8bbe906d260bd5207b4839b60eb7233351517c7c,PF-QUALIFIED-CONSULTATION,RISK-HIGH,none,false,pending_specialist_expansion_review,SP-NON-SCORED-REFLECTION,not_applicable,inactive,blocked,not_applicable,L02;L04;L07;L29,L02;L04;L07;L29,accessibility_review_status:pending;content_review_status:pending;last_reviewed:missing;originality_review_status:pending;research_gap:RG-M6A-001:open;research_review_status:internal_sources_only_external_review_required;safety_review_status:pending_specialist_expansion_review;sources:incomplete;specialist_review:missing
04.08,"Dying, end-of-life choices, and accompaniment",04,"Mortality, Suffering, Tragedy, and Hope",draft,PRACTICE-COMP-0408-DYING-END-OF-LIFE-CHOICES-AND-ACCOMPANIMENT-01,0.1.0,data/practices/protocols/04/PRACTICE-COMP-0408-DYING-END-OF-LIFE-CHOICES-AND-ACCOMPANIMENT-01.yaml,2d1e6bef1b0d6aaaae819c7e7cfcb9f4954f89cb8379680ece5e76af1dcebe46,PF-QUALIFIED-CONSULTATION,RISK-HIGH,none,false,pending_specialist_expansion_review,SP-NON-SCORED-REFLECTION,not_applicable,inactive,blocked,not_applicable,L03;L04;L23;L28,L03;L04;L23;L28,accessibility_review_status:pending;content_review_status:pending;last_reviewed:missing;originality_review_status:pending;research_gap:RG-M6A-001:open;research_review_status:internal_sources_only_external_review_required;safety_review_status:pending_specialist_expansion_review;sources:incomplete;specialist_review:missing
04.09,Hope without denial,04,"Mortality, Suffering, Tragedy, and Hope",draft,PRACTICE-COMP-0409-HOPE-WITHOUT-DENIAL-01,0.1.0,data/practices/protocols/04/PRACTICE-COMP-0409-HOPE-WITHOUT-DENIAL-01.yaml,f0c0e2582005d25c6924f443624d93dd40d98bed0e4d8c8992371a093b045ef2,PF-QUALIFIED-CONSULTATION,RISK-HIGH,none,false,pending_specialist_expansion_review,SP-NON-SCORED-REFLECTION,not_applicable,inactive,blocked,not_applicable,L04;L07;L13,L04;L07;L13,accessibility_review_status:pending;content_review_status:pending;last_reviewed:missing;originality_review_status:pending;research_gap:RG-M6A-001:open;research_review_status:internal_sources_only_external_review_required;safety_review_status:pending_specialist_expansion_review;sources:incomplete;specialist_review:missing
04.10,"Irreversibility, remorse, and living after the unfixable",04,"Mortality, Suffering, Tragedy, and Hope",draft,PRACTICE-COMP-0410-IRREVERSIBILITY-REMORSE-AND-LIVING-AFTER-THE-UNFIXABLE-01,0.1.0,data/practices/protocols/04/PRACTICE-COMP-0410-IRREVERSIBILITY-REMORSE-AND-LIVING-AFTER-THE-UNFIXABLE-01.yaml,c2b3977d210e013cffa9ed6db9ddc00cae70b415c1de299c3b849f316a00cdb3,PF-ARTIFACT-PLAN,RISK-MODERATE,none,false,pending,SP-SHADOW-ONLY,not_started,inactive,blocked,not_applicable,L02;L04;L07;L29,L02;L04;L07;L29,accessibility_review_status:pending;content_review_status:pending;last_reviewed:missing;originality_review_status:pending;research_gap:RG-M6A-001:open;research_review_status:internal_sources_only_external_review_required;safety_review_status:pending;sources:incomplete;specialist_review:missing
05.01,An honest personal inventory,05,"Self-Knowledge, Identity, and Humility",draft,PRACTICE-COMP-0501-AN-HONEST-PERSONAL-INVENTORY-01,0.1.0,data/practices/protocols/05/PRACTICE-COMP-0501-AN-HONEST-PERSONAL-INVENTORY-01.yaml,2f67573b235b0965cec7266b6f192795c5126b44641c0dd5c4606e5f45c84911,PF-LONGITUDINAL-REVIEW,RISK-LOW,none,false,pending,SP-SHADOW-ONLY,not_started,inactive,blocked,not_applicable,L05;L13;L36,L05;L13;L36,accessibility_review_status:pending;content_review_status:pending;last_reviewed:missing;originality_review_status:pending;research_gap:RG-M6A-001:open;research_review_status:internal_sources_only_external_review_required;safety_review_status:pending;sources:incomplete
05.02,Narrative identity,05,"Self-Knowledge, Identity, and Humility",draft,PRACTICE-COMP-0502-NARRATIVE-IDENTITY-01,0.1.0,data/practices/protocols/05/PRACTICE-COMP-0502-NARRATIVE-IDENTITY-01.yaml,1cfbb4dd36742b4bab624247301f18bef59080b982de21d79c5290c259e27737,PF-ARTIFACT-PLAN,RISK-LOW,none,false,pending,SP-SHADOW-ONLY,not_started,inactive,blocked,not_applicable,L01;L05;L16,L01;L05;L16,accessibility_review_status:pending;content_review_status:pending;last_reviewed:missing;originality_review_status:pending;research_gap:RG-M6A-001:open;research_review_status:internal_sources_only_external_review_required;safety_review_status:pending;sources:incomplete
05.03,"Strengths, limitations, and fit",05,"Self-Knowledge, Identity, and Humility",draft,PRACTICE-COMP-0503-STRENGTHS-LIMITATIONS-AND-FIT-01,0.1.0,data/practices/protocols/05/PRACTICE-COMP-0503-STRENGTHS-LIMITATIONS-AND-FIT-01.yaml,29c1f53ae484a079ec2ebc26506a47e7517ff4a5419c7793ab8dba17bfc3b717,PF-LONGITUDINAL-REVIEW,RISK-LOW,none,false,pending,SP-SHADOW-ONLY,not_started,inactive,blocked,not_applicable,L05;L32;L36,L05;L32;L36,accessibility_review_status:pending;content_review_status:pending;last_reviewed:missing;originality_review_status:pending;research_gap:RG-M6A-001:open;research_review_status:internal_sources_only_external_review_required;safety_review_status:pending;sources:incomplete
05.04,Personality as hypothesis,05,"Self-Knowledge, Identity, and Humility",draft,PRACTICE-COMP-0504-PERSONALITY-AS-HYPOTHESIS-01,0.1.0,data/practices/protocols/05/PRACTICE-COMP-0504-PERSONALITY-AS-HYPOTHESIS-01.yaml,a1d622b0b5498be8554c57e785216f72a02c3c4d01b632f3dcb51156205e2994,PF-ARTIFACT-PLAN,RISK-LOW,none,false,pending,SP-SHADOW-ONLY,not_started,inactive,blocked,not_applicable,L05;L11;L13,L05;L11;L13,accessibility_review_status:pending;content_review_status:pending;last_reviewed:missing;originality_review_status:pending;research_gap:RG-M6A-001:open;research_review_status:internal_sources_only_external_review_required;safety_review_status:pending;sources:incomplete
05.05,Defenses and self-deception,05,"Self-Knowledge, Identity, and Humility",draft,PRACTICE-COMP-0505-DEFENSES-AND-SELF-DECEPTION-01,0.1.0,data/practices/protocols/05/PRACTICE-COMP-0505-DEFENSES-AND-SELF-DECEPTION-01.yaml,ca1be93f5f476c436b7879621b368d3d5911df6461d57fc0f6eaf1321886addc,PF-ARTIFACT-PLAN,RISK-LOW,none,false,pending,SP-SHADOW-ONLY,not_started,inactive,blocked,not_applicable,L05;L06;L13,L05;L06;L13,accessibility_review_status:pending;content_review_status:pending;last_reviewed:missing;originality_review_status:pending;research_gap:RG-M6A-001:open;research_review_status:internal_sources_only_external_review_required;safety_review_status:pending;sources:incomplete
05.06,Triggers and repeated patterns,05,"Self-Knowledge, Identity, and Humility",draft,PRACTICE-COMP-0506-TRIGGERS-AND-REPEATED-PATTERNS-01,0.1.0,data/practices/protocols/05/PRACTICE-COMP-0506-TRIGGERS-AND-REPEATED-PATTERNS-01.yaml,10b8154dfe836bae63c2843cd37f711b10526f52d15faca2a348ac2ce7ceb8a0,PF-LONGITUDINAL-REVIEW,RISK-LOW,none,false,pending,SP-SHADOW-ONLY,not_started,inactive,blocked,not_applicable,L05;L06;L07;L08,L05;L06;L07;L08,accessibility_review_status:pending;content_review_status:pending;last_reviewed:missing;originality_review_status:pending;research_gap:RG-M6A-001:open;research_review_status:internal_sources_only_external_review_required;safety_review_status:pending;sources:incomplete
05.07,Feedback and disconfirmation,05,"Self-Knowledge, Identity, and Humility",draft,PRACTICE-COMP-0507-FEEDBACK-AND-DISCONFIRMATION-01,0.1.0,data/practices/protocols/05/PRACTICE-COMP-0507-FEEDBACK-AND-DISCONFIRMATION-01.yaml,d762f6088f91b894a19b331ba31410f9b730ece428451a7936f9f4ac42339e3d,PF-RELATIONAL-CONVERSATION,RISK-LOW,none,false,pending,SP-SHADOW-ONLY,not_started,inactive,blocked,not_applicable,L05;L13;L15;L23,L05;L13;L15;L23,accessibility_review_status:pending;content_review_status:pending;last_reviewed:missing;originality_review_status:pending;research_gap:RG-M6A-001:open;research_review_status:internal_sources_only_external_review_required;safety_review_status:pending;sources:incomplete
05.08,Self-worth beyond performance,05,"Self-Knowledge, Identity, and Humility",draft,PRACTICE-COMP-0508-SELF-WORTH-BEYOND-PERFORMANCE-01,0.1.0,data/practices/protocols/05/PRACTICE-COMP-0508-SELF-WORTH-BEYOND-PERFORMANCE-01.yaml,2006a6a90b4bcfac0703e5ad5ca7e2284d60b8c33cb73e99d74269f55260e37b,PF-ARTIFACT-PLAN,RISK-LOW,none,false,pending,SP-SHADOW-ONLY,not_started,inactive,blocked,not_applicable,L01;L05;L07,L01;L05;L07,accessibility_review_status:pending;content_review_status:pending;last_reviewed:missing;originality_review_status:pending;research_gap:RG-M6A-001:open;research_review_status:internal_sources_only_external_review_required;safety_review_status:pending;sources:incomplete
05.09,Integration of conflicting parts,05,"Self-Knowledge, Identity, and Humility",draft,PRACTICE-COMP-0509-INTEGRATION-OF-CONFLICTING-PARTS-01,0.1.0,data/practices/protocols/05/PRACTICE-COMP-0509-INTEGRATION-OF-CONFLICTING-PARTS-01.yaml,313e9f62a9ded9588e63aab7e1d1921d08e12a9a32b2fbe9ae06df1c901fafe0,PF-RELATIONAL-CONVERSATION,RISK-LOW,none,false,pending,SP-SHADOW-ONLY,not_started,inactive,blocked,not_applicable,L05;L06;L07,L05;L06;L07,accessibility_review_status:pending;content_review_status:pending;last_reviewed:missing;originality_review_status:pending;research_gap:RG-M6A-001:open;research_review_status:internal_sources_only_external_review_required;safety_review_status:pending;sources:incomplete
05.10,Humility and proportionate self-regard,05,"Self-Knowledge, Identity, and Humility",draft,PRACTICE-COMP-0510-HUMILITY-AND-PROPORTIONATE-SELF-REGARD-01,0.1.0,data/practices/protocols/05/PRACTICE-COMP-0510-HUMILITY-AND-PROPORTIONATE-SELF-REGARD-01.yaml,7d8cd7ff33bdde7cde44513a8adbe5dbd840ae09cd8e5c6e435d197a759f51a2,PF-ARTIFACT-PLAN,RISK-LOW,none,false,pending,SP-SHADOW-ONLY,not_started,inactive,blocked,not_applicable,L02;L05;L13;L24,L02;L05;L13;L24,accessibility_review_status:pending;content_review_status:pending;last_reviewed:missing;originality_review_status:pending;research_gap:RG-M6A-001:open;research_review_status:internal_sources_only_external_review_required;safety_review_status:pending;sources:incomplete
05.11,Embodied and socially situated identity,05,"Self-Knowledge, Identity, and Humility",draft,PRACTICE-COMP-0511-EMBODIED-AND-SOCIALLY-SITUATED-IDENTITY-01,0.1.0,data/practices/protocols/05/PRACTICE-COMP-0511-EMBODIED-AND-SOCIALLY-SITUATED-IDENTITY-01.yaml,caa7055d0b476d7413b4c53b60f4d0e43d80df0a9a6de906e6ba73e343b53621,PF-ARTIFACT-PLAN,RISK-LOW,none,false,pending,SP-SHADOW-ONLY,not_started,inactive,blocked,not_applicable,L05;L17;L24;L31,L05;L17;L24;L31,accessibility_review_status:pending;content_review_status:pending;last_reviewed:missing;originality_review_status:pending;research_gap:RG-M6A-001:open;research_review_status:internal_sources_only_external_review_required;safety_review_status:pending;sources:incomplete
05.12,Cultural self-location and inherited assumptions,05,"Self-Knowledge, Identity, and Humility",draft,PRACTICE-COMP-0512-CULTURAL-SELF-LOCATION-AND-INHERITED-ASSUMPTIONS-01,0.1.0,data/practices/protocols/05/PRACTICE-COMP-0512-CULTURAL-SELF-LOCATION-AND-INHERITED-ASSUMPTIONS-01.yaml,d7934a6d6780afa2740ac9ae826f5eccaf60ccd07e9ba5c9904b568db0143a8a,PF-RELATIONAL-CONVERSATION,RISK-LOW,none,false,pending,SP-SHADOW-ONLY,not_started,inactive,blocked,not_applicable,L05;L13;L24;L31,L05;L13;L24;L31,accessibility_review_status:pending;content_review_status:pending;last_reviewed:missing;originality_review_status:pending;research_gap:RG-M6A-001:open;research_review_status:internal_sources_only_external_review_required;safety_review_status:pending;sources:incomplete
06.01,Vulnerability as a human condition,06,"Vulnerability, Trauma, Disability, Neurodiversity, and Dependency",draft,PRACTICE-COMP-0601-VULNERABILITY-AS-A-HUMAN-CONDITION-01,0.1.0,data/practices/protocols/06/PRACTICE-COMP-0601-VULNERABILITY-AS-A-HUMAN-CONDITION-01.yaml,a74d62b292925cd056fa3f242b9dc4eaa41097223d55a73770f71dbe874476f9,PF-QUALIFIED-CONSULTATION,RISK-HIGH,none,false,pending_specialist_expansion_review,SP-NON-SCORED-REFLECTION,not_applicable,inactive,blocked,not_applicable,L04;L05;L07;L24;L28,L04;L05;L07;L24;L28,accessibility_review_status:pending;content_review_status:pending;last_reviewed:missing;originality_review_status:pending;research_gap:RG-M6A-001:open;research_review_status:internal_sources_only_external_review_required;safety_review_status:pending_specialist_expansion_review;sources:incomplete;specialist_review:missing
06.02,Trauma and post-traumatic stress literacy,06,"Vulnerability, Trauma, Disability, Neurodiversity, and Dependency",draft,PRACTICE-COMP-0602-TRAUMA-AND-POST-TRAUMATIC-STRESS-LITERACY-01,0.1.0,data/practices/protocols/06/PRACTICE-COMP-0602-TRAUMA-AND-POST-TRAUMATIC-STRESS-LITERACY-01.yaml,ee8be8024b904789e9e520411a7224ce04c1a03121a2de1dabce7aebfed50eaf,PF-QUALIFIED-CONSULTATION,RISK-HIGH,none,false,pending_specialist_expansion_review,SP-NON-SCORED-REFLECTION,not_applicable,inactive,blocked,not_applicable,L07;L13;L17;L20;L28,L07;L13;L17;L20;L28,accessibility_review_status:pending;content_review_status:pending;last_reviewed:missing;originality_review_status:pending;research_gap:RG-M6A-001:open;research_review_status:internal_sources_only_external_review_required;safety_review_status:pending_specialist_expansion_review;sources:incomplete;specialist_review:missing
06.03,Recovery after violation and betrayal,06,"Vulnerability, Trauma, Disability, Neurodiversity, and Dependency",draft,PRACTICE-COMP-0603-RECOVERY-AFTER-VIOLATION-AND-BETRAYAL-01,0.1.0,data/practices/protocols/06/PRACTICE-COMP-0603-RECOVERY-AFTER-VIOLATION-AND-BETRAYAL-01.yaml,b3221cf49e200fec0cbff0dcb25bef5f59b294bd2188b62f272e4d49a5917e53,PF-SAFETY-PREPARATION,RISK-HIGH,none,false,pending_specialist_expansion_review,SP-NON-SCORED-REFLECTION,not_applicable,inactive,blocked,not_applicable,L07;L24;L25;L29,L07;L24;L25;L29,accessibility_review_status:pending;content_review_status:pending;last_reviewed:missing;originality_review_status:pending;research_gap:RG-M6A-001:open;research_review_status:internal_sources_only_external_review_required;safety_review_status:pending_specialist_expansion_review;sources:incomplete;specialist_review:missing
06.04,Chronic illness adaptation,06,"Vulnerability, Trauma, Disability, Neurodiversity, and Dependency",draft,PRACTICE-COMP-0604-CHRONIC-ILLNESS-ADAPTATION-01,0.1.0,data/practices/protocols/06/PRACTICE-COMP-0604-CHRONIC-ILLNESS-ADAPTATION-01.yaml,e5715e1206b141df0a2b65b9cf4cca01aa1120af450d5d21d4f951e52c5d00c8,PF-QUALIFIED-CONSULTATION,RISK-HIGH,none,false,pending_specialist_expansion_review,SP-NON-SCORED-REFLECTION,not_applicable,inactive,blocked,not_applicable,L07;L11;L17;L36,L07;L11;L17;L36,accessibility_review_status:pending;content_review_status:pending;last_reviewed:missing;originality_review_status:pending;research_gap:RG-M6A-001:open;research_review_status:internal_sources_only_external_review_required;safety_review_status:pending_specialist_expansion_review;sources:incomplete;specialist_review:missing
06.05,Chronic pain and pain-related functioning,06,"Vulnerability, Trauma, Disability, Neurodiversity, and Dependency",draft,PRACTICE-COMP-0605-CHRONIC-PAIN-AND-PAIN-RELATED-FUNCTIONING-01,0.1.0,data/practices/protocols/06/PRACTICE-COMP-0605-CHRONIC-PAIN-AND-PAIN-RELATED-FUNCTIONING-01.yaml,94e21800e237dcc754405a1aa5f12328d47fdcb3632f262b2ff38243d0142ef8,PF-QUALIFIED-CONSULTATION,RISK-HIGH,none,false,pending_specialist_expansion_review,SP-NON-SCORED-REFLECTION,not_applicable,inactive,blocked,not_applicable,L07;L11;L17;L36,L07;L11;L17;L36,accessibility_review_status:pending;content_review_status:pending;last_reviewed:missing;originality_review_status:pending;research_gap:RG-M6A-001:open;research_review_status:internal_sources_only_external_review_required;safety_review_status:pending_specialist_expansion_review;sources:incomplete;specialist_review:missing
06.06,"Disability identity, access, and adaptive excellence",06,"Vulnerability, Trauma, Disability, Neurodiversity, and Dependency",draft,PRACTICE-COMP-0606-DISABILITY-IDENTITY-ACCESS-AND-ADAPTIVE-EXCELLENCE-01,0.1.0,data/practices/protocols/06/PRACTICE-COMP-0606-DISABILITY-IDENTITY-ACCESS-AND-ADAPTIVE-EXCELLENCE-01.yaml,3d50e5f14799757df5805cb8a34df40e09e21af4e199af9aea9fc12fb127a540,PF-QUALIFIED-CONSULTATION,RISK-HIGH,none,false,pending_specialist_expansion_review,SP-NON-SCORED-REFLECTION,not_applicable,inactive,blocked,not_applicable,L05;L11;L17;L31;L36,L05;L11;L17;L31;L36,accessibility_review_status:pending;content_review_status:pending;last_reviewed:missing;originality_review_status:pending;research_gap:RG-M6A-001:open;research_review_status:internal_sources_only_external_review_required;safety_review_status:pending_specialist_expansion_review;sources:incomplete;specialist_review:missing
06.07,Neurodiversity and cognitive variation,06,"Vulnerability, Trauma, Disability, Neurodiversity, and Dependency",draft,PRACTICE-COMP-0607-NEURODIVERSITY-AND-COGNITIVE-VARIATION-01,0.1.0,data/practices/protocols/06/PRACTICE-COMP-0607-NEURODIVERSITY-AND-COGNITIVE-VARIATION-01.yaml,ec675f165f5c967cb4aa0cca806e64e0a66e9bb4b44fbcf52494f5b2ed014eac,PF-QUALIFIED-CONSULTATION,RISK-HIGH,none,false,pending_specialist_expansion_review,SP-NON-SCORED-REFLECTION,not_applicable,inactive,blocked,not_applicable,L05;L11;L13;L15;L31,L05;L11;L13;L15;L31,accessibility_review_status:pending;content_review_status:pending;last_reviewed:missing;originality_review_status:pending;research_gap:RG-M6A-001:open;research_review_status:internal_sources_only_external_review_required;safety_review_status:pending_specialist_expansion_review;sources:incomplete;specialist_review:missing
06.08,Receiving care and seasons of reduced agency,06,"Vulnerability, Trauma, Disability, Neurodiversity, and Dependency",draft,PRACTICE-COMP-0608-RECEIVING-CARE-AND-SEASONS-OF-REDUCED-AGENCY-01,0.1.0,data/practices/protocols/06/PRACTICE-COMP-0608-RECEIVING-CARE-AND-SEASONS-OF-REDUCED-AGENCY-01.yaml,e7b192e53e9a59b0ccb9baf4e8c47fa050bb8be6c1f6870633d10e7a4f76c159,PF-QUALIFIED-CONSULTATION,RISK-HIGH,none,false,pending_specialist_expansion_review,SP-NON-SCORED-REFLECTION,not_applicable,inactive,blocked,not_applicable,L04;L05;L28;L36,L04;L05;L28;L36,accessibility_review_status:pending;content_review_status:pending;last_reviewed:missing;originality_review_status:pending;research_gap:RG-M6A-001:open;research_review_status:internal_sources_only_external_review_required;safety_review_status:pending_specialist_expansion_review;sources:incomplete;specialist_review:missing
06.09,"Accommodation, assistive technology, and universal design",06,"Vulnerability, Trauma, Disability, Neurodiversity, and Dependency",draft,PRACTICE-COMP-0609-ACCOMMODATION-ASSISTIVE-TECHNOLOGY-AND-UNIVERSAL-DESIGN-01,0.1.0,data/practices/protocols/06/PRACTICE-COMP-0609-ACCOMMODATION-ASSISTIVE-TECHNOLOGY-AND-UNIVERSAL-DESIGN-01.yaml,95f0d563714667c66e625f836c70d8d858d081c78d5ff076177228f47ff643ce,PF-QUALIFIED-CONSULTATION,RISK-HIGH,none,false,pending_specialist_expansion_review,SP-NON-SCORED-REFLECTION,not_applicable,inactive,blocked,not_applicable,L11;L17;L18;L19;L31,L11;L17;L18;L19;L31,accessibility_review_status:pending;content_review_status:pending;last_reviewed:missing;originality_review_status:pending;research_gap:RG-M6A-001:open;research_review_status:internal_sources_only_external_review_required;safety_review_status:pending_specialist_expansion_review;sources:incomplete;specialist_review:missing
06.10,Dignity under limitation and loss of role,06,"Vulnerability, Trauma, Disability, Neurodiversity, and Dependency",draft,PRACTICE-COMP-0610-DIGNITY-UNDER-LIMITATION-AND-LOSS-OF-ROLE-01,0.1.0,data/practices/protocols/06/PRACTICE-COMP-0610-DIGNITY-UNDER-LIMITATION-AND-LOSS-OF-ROLE-01.yaml,d5600418a5ec1b324a3d7024651e844349995b1bc6675b43d02f12dd181b9cf8,PF-QUALIFIED-CONSULTATION,RISK-HIGH,none,false,pending_specialist_expansion_review,SP-NON-SCORED-REFLECTION,not_applicable,inactive,blocked,not_applicable,L01;L04;L05;L31,L01;L04;L05;L31,accessibility_review_status:pending;content_review_status:pending;last_reviewed:missing;originality_review_status:pending;research_gap:RG-M6A-001:open;research_review_status:internal_sources_only_external_review_required;safety_review_status:pending_specialist_expansion_review;sources:incomplete;specialist_review:missing
06.11,"Relapse, recurrence, and nonlinear recovery",06,"Vulnerability, Trauma, Disability, Neurodiversity, and Dependency",draft,PRACTICE-COMP-0611-RELAPSE-RECURRENCE-AND-NONLINEAR-RECOVERY-01,0.1.0,data/practices/protocols/06/PRACTICE-COMP-0611-RELAPSE-RECURRENCE-AND-NONLINEAR-RECOVERY-01.yaml,219fa9b5c38f315491b899f2ae63710d99c34e3b44fa04774183382c9d5c6e91,PF-QUALIFIED-CONSULTATION,RISK-HIGH,none,false,pending_specialist_expansion_review,SP-NON-SCORED-REFLECTION,not_applicable,inactive,blocked,not_applicable,L04;L07;L11;L36,L04;L07;L11;L36,accessibility_review_status:pending;content_review_status:pending;last_reviewed:missing;originality_review_status:pending;research_gap:RG-M6A-001:open;research_review_status:internal_sources_only_external_review_required;safety_review_status:pending_specialist_expansion_review;sources:incomplete;specialist_review:missing
06.12,Care-recipient agency and safeguarding,06,"Vulnerability, Trauma, Disability, Neurodiversity, and Dependency",draft,PRACTICE-COMP-0612-CARE-RECIPIENT-AGENCY-AND-SAFEGUARDING-01,0.1.0,data/practices/protocols/06/PRACTICE-COMP-0612-CARE-RECIPIENT-AGENCY-AND-SAFEGUARDING-01.yaml,af18a734785fc5edef75321686ae4fb03e3368069ad6b1575d4a71bc62663703,PF-QUALIFIED-CONSULTATION,RISK-HIGH,none,false,pending_specialist_expansion_review,SP-NON-SCORED-REFLECTION,not_applicable,inactive,blocked,not_applicable,L20;L25;L28;L31,L20;L25;L28;L31,accessibility_review_status:pending;content_review_status:pending;last_reviewed:missing;originality_review_status:pending;research_gap:RG-M6A-001:open;research_review_status:internal_sources_only_external_review_required;safety_review_status:pending_specialist_expansion_review;sources:incomplete;specialist_review:missing
06.13,"Ableism, stigma, and inclusive participation",06,"Vulnerability, Trauma, Disability, Neurodiversity, and Dependency",draft,PRACTICE-COMP-0613-ABLEISM-STIGMA-AND-INCLUSIVE-PARTICIPATION-01,0.1.0,data/practices/protocols/06/PRACTICE-COMP-0613-ABLEISM-STIGMA-AND-INCLUSIVE-PARTICIPATION-01.yaml,a4138cf6a44d1bc9369c1119d3f527c88699a386c8bf45ab7deeae70878c649e,PF-QUALIFIED-CONSULTATION,RISK-HIGH,none,false,pending_specialist_expansion_review,SP-NON-SCORED-REFLECTION,not_applicable,inactive,blocked,not_applicable,L24;L25;L30;L31,L24;L25;L30;L31,accessibility_review_status:pending;content_review_status:pending;last_reviewed:missing;originality_review_status:pending;research_gap:RG-M6A-001:open;research_review_status:internal_sources_only_external_review_required;safety_review_status:pending_specialist_expansion_review;sources:incomplete;specialist_review:missing
06.14,Professional and emergency boundaries,06,"Vulnerability, Trauma, Disability, Neurodiversity, and Dependency",draft,PRACTICE-COMP-0614-PROFESSIONAL-AND-EMERGENCY-BOUNDARIES-01,0.1.0,data/practices/protocols/06/PRACTICE-COMP-0614-PROFESSIONAL-AND-EMERGENCY-BOUNDARIES-01.yaml,855aea7d8cd024c4e6f7a07d4771800cf3fa2d6c97138397e2287769ded8378e,PF-SAFETY-PREPARATION,RISK-HIGH,none,false,pending_specialist_expansion_review,SP-NON-SCORED-REFLECTION,not_applicable,inactive,blocked,not_applicable,L20;L25;L28;L32,L20;L25;L28;L32,accessibility_review_status:pending;content_review_status:pending;last_reviewed:missing;originality_review_status:pending;research_gap:RG-M6A-001:open;research_review_status:internal_sources_only_external_review_required;safety_review_status:pending_specialist_expansion_review;sources:incomplete;specialist_review:missing
07.01,Emotional vocabulary and differentiation,07,"Emotional Maturity, Resilience, and Mental Well-Being",draft,PRACTICE-COMP-0701-EMOTIONAL-VOCABULARY-AND-DIFFERENTIATION-01,0.1.0,data/practices/protocols/07/PRACTICE-COMP-0701-EMOTIONAL-VOCABULARY-AND-DIFFERENTIATION-01.yaml,6ffbd267b3e332fed5430c5c2cacc8633a3744a593b425264363e0cd878435ca,PF-QUALIFIED-CONSULTATION,RISK-HIGH,none,false,pending_specialist_expansion_review,SP-NON-SCORED-REFLECTION,not_applicable,inactive,blocked,not_applicable,L06;L23,L06;L23,accessibility_review_status:pending;content_review_status:pending;last_reviewed:missing;originality_review_status:pending;research_gap:RG-M6A-001:open;research_review_status:internal_sources_only_external_review_required;safety_review_status:pending_specialist_expansion_review;sources:incomplete;specialist_review:missing
07.02,Body-based emotional awareness,07,"Emotional Maturity, Resilience, and Mental Well-Being",draft,PRACTICE-COMP-0702-BODY-BASED-EMOTIONAL-AWARENESS-01,0.1.0,data/practices/protocols/07/PRACTICE-COMP-0702-BODY-BASED-EMOTIONAL-AWARENESS-01.yaml,66450bcaa2dadbd177c625c2dce1e7b1e886de3586f04ec7e129bdf959bdb3ed,PF-QUALIFIED-CONSULTATION,RISK-HIGH,none,false,pending_specialist_expansion_review,SP-NON-SCORED-REFLECTION,not_applicable,inactive,blocked,not_applicable,L06;L08;L17,L06;L08;L17,accessibility_review_status:pending;content_review_status:pending;last_reviewed:missing;originality_review_status:pending;research_gap:RG-M6A-001:open;research_review_status:internal_sources_only_external_review_required;safety_review_status:pending_specialist_expansion_review;sources:incomplete;specialist_review:missing
07.03,The pause between feeling and action,07,"Emotional Maturity, Resilience, and Mental Well-Being",draft,PRACTICE-COMP-0703-THE-PAUSE-BETWEEN-FEELING-AND-ACTION-01,0.1.0,data/practices/protocols/07/PRACTICE-COMP-0703-THE-PAUSE-BETWEEN-FEELING-AND-ACTION-01.yaml,75e1e5b2ac4c36757fc3e3ec68dbc4215426200b870df6201e9ac59ec25b330e,PF-QUALIFIED-CONSULTATION,RISK-HIGH,none,false,pending_specialist_expansion_review,SP-NON-SCORED-REFLECTION,not_applicable,inactive,blocked,not_applicable,L07;L08;L09,L07;L08;L09,accessibility_review_status:pending;content_review_status:pending;last_reviewed:missing;originality_review_status:pending;research_gap:RG-M6A-001:open;research_review_status:internal_sources_only_external_review_required;safety_review_status:pending_specialist_expansion_review;sources:incomplete;specialist_review:missing
07.04,Anxiety and courageous exposure,07,"Emotional Maturity, Resilience, and Mental Well-Being",draft,PRACTICE-COMP-0704-ANXIETY-AND-COURAGEOUS-EXPOSURE-01,0.1.0,data/practices/protocols/07/PRACTICE-COMP-0704-ANXIETY-AND-COURAGEOUS-EXPOSURE-01.yaml,f0f850d6a5dd39b4ef6dfc6e980a1fe40a5e53df5c24ff9b643d29fddcc3207e,PF-QUALIFIED-CONSULTATION,RISK-HIGH,none,false,pending_specialist_expansion_review,SP-NON-SCORED-REFLECTION,not_applicable,inactive,blocked,not_applicable,L07;L10;L11,L07;L10;L11,accessibility_review_status:pending;content_review_status:pending;last_reviewed:missing;originality_review_status:pending;research_gap:RG-M6A-001:open;research_review_status:internal_sources_only_external_review_required;safety_review_status:pending_specialist_expansion_review;sources:incomplete;specialist_review:missing
07.05,Anger and assertive repair,07,"Emotional Maturity, Resilience, and Mental Well-Being",draft,PRACTICE-COMP-0705-ANGER-AND-ASSERTIVE-REPAIR-01,0.1.0,data/practices/protocols/07/PRACTICE-COMP-0705-ANGER-AND-ASSERTIVE-REPAIR-01.yaml,81c1c9f801ce829d74bca30138675e1b4b87eaf971e8ab7429abdc4cf7b3e781,PF-QUALIFIED-CONSULTATION,RISK-HIGH,none,false,pending_specialist_expansion_review,SP-NON-SCORED-REFLECTION,not_applicable,inactive,blocked,not_applicable,L07;L23;L25;L29,L07;L23;L25;L29,accessibility_review_status:pending;content_review_status:pending;last_reviewed:missing;originality_review_status:pending;research_gap:RG-M6A-001:open;research_review_status:internal_sources_only_external_review_required;safety_review_status:pending_specialist_expansion_review;sources:incomplete;specialist_review:missing
07.06,"Sadness, grief, and loss",07,"Emotional Maturity, Resilience, and Mental Well-Being",draft,PRACTICE-COMP-0706-SADNESS-GRIEF-AND-LOSS-01,0.1.0,data/practices/protocols/07/PRACTICE-COMP-0706-SADNESS-GRIEF-AND-LOSS-01.yaml,2b125a7bbd891f8bbf4a29dfcf1a784cc346cc6357b25a83b2ca0a40015c1431,PF-QUALIFIED-CONSULTATION,RISK-HIGH,none,false,pending_specialist_expansion_review,SP-NON-SCORED-REFLECTION,not_applicable,inactive,blocked,not_applicable,L04;L06;L07;L24,L04;L06;L07;L24,accessibility_review_status:pending;content_review_status:pending;last_reviewed:missing;originality_review_status:pending;research_gap:RG-M6A-001:open;research_review_status:internal_sources_only_external_review_required;safety_review_status:pending_specialist_expansion_review;sources:incomplete;specialist_review:missing
07.07,"Shame, guilt, and remorse",07,"Emotional Maturity, Resilience, and Mental Well-Being",draft,PRACTICE-COMP-0707-SHAME-GUILT-AND-REMORSE-01,0.1.0,data/practices/protocols/07/PRACTICE-COMP-0707-SHAME-GUILT-AND-REMORSE-01.yaml,c663a1c4a702393ec73c8f1617a92e6f9df6f448c0742d8211a58535278a9b5d,PF-QUALIFIED-CONSULTATION,RISK-HIGH,none,false,pending_specialist_expansion_review,SP-NON-SCORED-REFLECTION,not_applicable,inactive,blocked,not_applicable,L02;L06;L07;L29,L02;L06;L07;L29,accessibility_review_status:pending;content_review_status:pending;last_reviewed:missing;originality_review_status:pending;research_gap:RG-M6A-001:open;research_review_status:internal_sources_only_external_review_required;safety_review_status:pending_specialist_expansion_review;sources:incomplete;specialist_review:missing
07.08,"Envy, jealousy, and comparison",07,"Emotional Maturity, Resilience, and Mental Well-Being",draft,PRACTICE-COMP-0708-ENVY-JEALOUSY-AND-COMPARISON-01,0.1.0,data/practices/protocols/07/PRACTICE-COMP-0708-ENVY-JEALOUSY-AND-COMPARISON-01.yaml,6c5e879d7f0d73599af635138362cea68f8e01127211b232bce9802811e86b98,PF-SAFETY-PREPARATION,RISK-HIGH,none,false,pending_specialist_expansion_review,SP-NON-SCORED-REFLECTION,not_applicable,inactive,blocked,not_applicable,L05;L06;L07;L09,L05;L06;L07;L09,accessibility_review_status:pending;content_review_status:pending;last_reviewed:missing;originality_review_status:pending;research_gap:RG-M6A-001:open;research_review_status:internal_sources_only_external_review_required;safety_review_status:pending_specialist_expansion_review;sources:incomplete;specialist_review:missing
07.09,Healthy emotional expression,07,"Emotional Maturity, Resilience, and Mental Well-Being",draft,PRACTICE-COMP-0709-HEALTHY-EMOTIONAL-EXPRESSION-01,0.1.0,data/practices/protocols/07/PRACTICE-COMP-0709-HEALTHY-EMOTIONAL-EXPRESSION-01.yaml,13f5901439ed906012c4881bfa83100014135b32dd5f97d863e424956dca158f,PF-QUALIFIED-CONSULTATION,RISK-HIGH,none,false,pending_specialist_expansion_review,SP-NON-SCORED-REFLECTION,not_applicable,inactive,blocked,not_applicable,L06;L07;L23;L25,L06;L07;L23;L25,accessibility_review_status:pending;content_review_status:pending;last_reviewed:missing;originality_review_status:pending;research_gap:RG-M6A-001:open;research_review_status:internal_sources_only_external_review_required;safety_review_status:pending_specialist_expansion_review;sources:incomplete;specialist_review:missing
07.10,Self-compassion with standards,07,"Emotional Maturity, Resilience, and Mental Well-Being",draft,PRACTICE-COMP-0710-SELF-COMPASSION-WITH-STANDARDS-01,0.1.0,data/practices/protocols/07/PRACTICE-COMP-0710-SELF-COMPASSION-WITH-STANDARDS-01.yaml,9ecea7115da6082cb1ea20b599ae4eab583869b7c8ca2bdd551455cf546566b2,PF-QUALIFIED-CONSULTATION,RISK-HIGH,none,false,pending_specialist_expansion_review,SP-NON-SCORED-REFLECTION,not_applicable,inactive,blocked,not_applicable,L02;L05;L07;L10,L02;L05;L07;L10,accessibility_review_status:pending;content_review_status:pending;last_reviewed:missing;originality_review_status:pending;research_gap:RG-M6A-001:open;research_review_status:internal_sources_only_external_review_required;safety_review_status:pending_specialist_expansion_review;sources:incomplete;specialist_review:missing
07.11,"Hope, optimism, joy, and contentment",07,"Emotional Maturity, Resilience, and Mental Well-Being",draft,PRACTICE-COMP-0711-HOPE-OPTIMISM-JOY-AND-CONTENTMENT-01,0.1.0,data/practices/protocols/07/PRACTICE-COMP-0711-HOPE-OPTIMISM-JOY-AND-CONTENTMENT-01.yaml,e8b2d1ed77c06ca2a8dfb1bb4993a0a443d3050f35481460026eb115ac964642,PF-QUALIFIED-CONSULTATION,RISK-HIGH,none,false,pending_specialist_expansion_review,SP-NON-SCORED-REFLECTION,not_applicable,inactive,blocked,not_applicable,L03;L04;L07;L34,L03;L04;L07;L34,accessibility_review_status:pending;content_review_status:pending;last_reviewed:missing;originality_review_status:pending;research_gap:RG-M6A-001:open;research_review_status:internal_sources_only_external_review_required;safety_review_status:pending_specialist_expansion_review;sources:incomplete;specialist_review:missing
07.12,Resilience and post-setback adaptation,07,"Emotional Maturity, Resilience, and Mental Well-Being",draft,PRACTICE-COMP-0712-RESILIENCE-AND-POST-SETBACK-ADAPTATION-01,0.1.0,data/practices/protocols/07/PRACTICE-COMP-0712-RESILIENCE-AND-POST-SETBACK-ADAPTATION-01.yaml,ab08cca224d210b67f4b909e47dc4fd08b7980f10b30c17c82bd591ba2381359,PF-QUALIFIED-CONSULTATION,RISK-HIGH,none,false,pending_specialist_expansion_review,SP-NON-SCORED-REFLECTION,not_applicable,inactive,blocked,not_applicable,L07;L10;L11,L07;L10;L11,accessibility_review_status:pending;content_review_status:pending;last_reviewed:missing;originality_review_status:pending;research_gap:RG-M6A-001:open;research_review_status:internal_sources_only_external_review_required;safety_review_status:pending_specialist_expansion_review;sources:incomplete;specialist_review:missing
07.13,Mental-health literacy and help-seeking,07,"Emotional Maturity, Resilience, and Mental Well-Being",draft,PRACTICE-COMP-0713-MENTAL-HEALTH-LITERACY-AND-HELP-SEEKING-01,0.1.0,data/practices/protocols/07/PRACTICE-COMP-0713-MENTAL-HEALTH-LITERACY-AND-HELP-SEEKING-01.yaml,6a83698068eb08f6b12471ce1edb8096d74bb0936f5bdaca0462807d311b96ad,PF-SAFETY-PREPARATION,RISK-HIGH,none,false,pending_specialist_expansion_review,SP-NON-SCORED-REFLECTION,not_applicable,inactive,blocked,not_applicable,L07;L13;L17;L25,L07;L13;L17;L25,accessibility_review_status:pending;content_review_status:pending;last_reviewed:missing;originality_review_status:pending;research_gap:RG-M6A-001:open;research_review_status:internal_sources_only_external_review_required;safety_review_status:pending_specialist_expansion_review;sources:incomplete;specialist_review:missing
07.14,Chronic dysregulation and skill generalization,07,"Emotional Maturity, Resilience, and Mental Well-Being",draft,PRACTICE-COMP-0714-CHRONIC-DYSREGULATION-AND-SKILL-GENERALIZATION-01,0.1.0,data/practices/protocols/07/PRACTICE-COMP-0714-CHRONIC-DYSREGULATION-AND-SKILL-GENERALIZATION-01.yaml,400577aa95edb0b83508a32ba571d47b226720a8b307ebe77118af41c438d963,PF-QUALIFIED-CONSULTATION,RISK-HIGH,none,false,pending_specialist_expansion_review,SP-NON-SCORED-REFLECTION,not_applicable,inactive,blocked,not_applicable,L07;L08;L10;L11,L07;L08;L10;L11,accessibility_review_status:pending;content_review_status:pending;last_reviewed:missing;originality_review_status:pending;research_gap:RG-M6A-001:open;research_review_status:internal_sources_only_external_review_required;safety_review_status:pending_specialist_expansion_review;sources:incomplete;specialist_review:missing
08.01,Attention audit,08,"Attention, Desire, Temperance, and Discipline",draft,PRACTICE-COMP-0801-ATTENTION-AUDIT-01,0.1.0,data/practices/protocols/08/PRACTICE-COMP-0801-ATTENTION-AUDIT-01.yaml,31f6434b5ffd97b50c2aa6c0a9e0c32c6d98e4ad09b6f3a7bfa67c919360ebd9,PF-AUDIT-REDESIGN,RISK-LOW,none,false,pending,SP-SHADOW-ONLY,not_started,inactive,blocked,not_applicable,L08;L10;L36,L08;L10;L36,accessibility_review_status:pending;content_review_status:pending;last_reviewed:missing;originality_review_status:pending;research_gap:RG-M6A-001:open;research_review_status:internal_sources_only_external_review_required;safety_review_status:pending;sources:incomplete
08.02,Mindfulness and present attention,08,"Attention, Desire, Temperance, and Discipline",projected_legacy,PRACTICE-PRESENCE-01,1.0.0,data/practices/protocols/08/PRACTICE-PRESENCE-01.yaml,5d0c39a9fb36d816253fb231cc7d132b1a72583b71e364339749af37a0bdf366,PF-BEHAVIORAL-EXPERIMENT,RISK-LOW,GG-PRACTICE-RUNTIME-PROJECTION-1.0,false,pilot_boundary_reviewed_expansion_review_pending,SP-SHADOW-ONLY,not_started,inactive,blocked,existing_runtime_coverage,L03;L08;L17,L08,accessibility_review_status:pilot_boundary_reviewed_expansion_review_pending;content_review_status:frozen_runtime_behavior;last_reviewed:missing;originality_review_status:legacy_exceptions_recorded_expansion_review_pending;research_gap:RG-M6A-001:open;research_gap:RG-M6A-007:open;research_review_status:internal_sources_only_external_review_required;safety_review_status:pilot_boundary_reviewed_expansion_review_pending;sources:incomplete;ui_test_status:existing_runtime_coverage
08.03,Impulse control,08,"Attention, Desire, Temperance, and Discipline",draft,PRACTICE-COMP-0803-IMPULSE-CONTROL-01,0.1.0,data/practices/protocols/08/PRACTICE-COMP-0803-IMPULSE-CONTROL-01.yaml,4118710ee62e1de280a9615fde5bf5bc016fbffc21dfcb78282c2243926f8032,PF-AUDIT-REDESIGN,RISK-LOW,none,false,pending,SP-SHADOW-ONLY,not_started,inactive,blocked,not_applicable,L08;L09;L10,L08;L09;L10,accessibility_review_status:pending;content_review_status:pending;last_reviewed:missing;originality_review_status:pending;research_gap:RG-M6A-001:open;research_review_status:internal_sources_only_external_review_required;safety_review_status:pending;sources:incomplete
08.04,"Desire, craving, and lust",08,"Attention, Desire, Temperance, and Discipline",draft,PRACTICE-COMP-0804-DESIRE-CRAVING-AND-LUST-01,0.1.0,data/practices/protocols/08/PRACTICE-COMP-0804-DESIRE-CRAVING-AND-LUST-01.yaml,b5b2101cf0a4c537c6d9fbdf8c72436de4ea72f99a7738764aa7e1cbeeae754c,PF-AUDIT-REDESIGN,RISK-LOW,none,false,pending,SP-SHADOW-ONLY,not_started,inactive,blocked,not_applicable,L05;L08;L09;L27,L05;L08;L09;L27,accessibility_review_status:pending;content_review_status:pending;last_reviewed:missing;originality_review_status:pending;research_gap:RG-M6A-001:open;research_review_status:internal_sources_only_external_review_required;safety_review_status:pending;sources:incomplete
08.05,Tolerance of discomfort,08,"Attention, Desire, Temperance, and Discipline",draft,PRACTICE-COMP-0805-TOLERANCE-OF-DISCOMFORT-01,0.1.0,data/practices/protocols/08/PRACTICE-COMP-0805-TOLERANCE-OF-DISCOMFORT-01.yaml,0907372b8e0a64360737210294d995e9babf1f174091d4c7a06c5c0dd802ac27,PF-AUDIT-REDESIGN,RISK-LOW,none,false,pending,SP-SHADOW-ONLY,not_started,inactive,blocked,not_applicable,L07;L09;L10;L11,L07;L09;L10;L11,accessibility_review_status:pending;content_review_status:pending;last_reviewed:missing;originality_review_status:pending;research_gap:RG-M6A-001:open;research_review_status:internal_sources_only_external_review_required;safety_review_status:pending;sources:incomplete
08.06,Action independent of motivation,08,"Attention, Desire, Temperance, and Discipline",draft,PRACTICE-MOTIVATION-INDEPENDENT-START-01,1.0.0,data/practices/protocols/08/PRACTICE-MOTIVATION-INDEPENDENT-START-01.yaml,dd6b5503859d5f1c6eb98566659d30514f0318a7d69cee14b0632d728ca6e760,PF-BEHAVIORAL-EXPERIMENT,RISK-LOW,none,false,pending_specialist_expansion_review,SP-SHADOW-ONLY,passed,inactive,blocked,not_applicable,L01;L07;L09;L10,L10,accessibility_review_status:pending;content_review_status:pending;last_reviewed:missing;originality_review_status:pending;research_gap:RG-M6A-001:open;research_gap:RG-M6D-001:open;research_review_status:pending;safety_review_status:pending_specialist_expansion_review;sources:incomplete
08.07,Habit and environment design,08,"Attention, Desire, Temperance, and Discipline",draft,PRACTICE-COMP-0807-HABIT-AND-ENVIRONMENT-DESIGN-01,0.1.0,data/practices/protocols/08/PRACTICE-COMP-0807-HABIT-AND-ENVIRONMENT-DESIGN-01.yaml,b38ae5f991ebfe88da1fe40a3bc578a837927dd42bf0292d8f96bb0a2571a62f,PF-RELATIONAL-CONVERSATION,RISK-LOW,none,false,pending,SP-SHADOW-ONLY,not_started,inactive,blocked,not_applicable,L10;L14;L18,L10;L14;L18,accessibility_review_status:pending;content_review_status:pending;last_reviewed:missing;originality_review_status:pending;research_gap:RG-M6A-001:open;research_review_status:internal_sources_only_external_review_required;safety_review_status:pending;sources:incomplete
08.08,Consistency and minimum standards,08,"Attention, Desire, Temperance, and Discipline",draft,PRACTICE-COMP-0808-CONSISTENCY-AND-MINIMUM-STANDARDS-01,0.1.0,data/practices/protocols/08/PRACTICE-COMP-0808-CONSISTENCY-AND-MINIMUM-STANDARDS-01.yaml,c6cf870e370e310121b31b2805a2433bf482dd317da207c1d2cfda379d607a3d,PF-AUDIT-REDESIGN,RISK-LOW,none,false,pending,SP-SHADOW-ONLY,not_started,inactive,blocked,not_applicable,L09;L10;L36,L09;L10;L36,accessibility_review_status:pending;content_review_status:pending;last_reviewed:missing;originality_review_status:pending;research_gap:RG-M6A-001:open;research_review_status:internal_sources_only_external_review_required;safety_review_status:pending;sources:incomplete
08.09,Voluntary restraint and hardship,08,"Attention, Desire, Temperance, and Discipline",draft,PRACTICE-COMP-0809-VOLUNTARY-RESTRAINT-AND-HARDSHIP-01,0.1.0,data/practices/protocols/08/PRACTICE-COMP-0809-VOLUNTARY-RESTRAINT-AND-HARDSHIP-01.yaml,f69806b05bba9e91d12cc8d6dd194d702b0f1f1ddb084cd7863fbb9a3ebf3c83,PF-CONTEMPLATIVE-MEANING,RISK-LOW,none,false,pending,SP-SHADOW-ONLY,not_started,inactive,blocked,not_applicable,L03;L09;L10;L17,L03;L09;L10;L17,accessibility_review_status:pending;content_review_status:pending;last_reviewed:missing;originality_review_status:pending;research_gap:RG-M6A-001:open;research_review_status:internal_sources_only_external_review_required;safety_review_status:pending;sources:incomplete
08.10,Completion and perseverance,08,"Attention, Desire, Temperance, and Discipline",draft,PRACTICE-COMP-0810-COMPLETION-AND-PERSEVERANCE-01,0.1.0,data/practices/protocols/08/PRACTICE-COMP-0810-COMPLETION-AND-PERSEVERANCE-01.yaml,744c1a7c99643fc4b74531215edce06d0d31a57e7bf71c000c1542d2128cc8e2,PF-AUDIT-REDESIGN,RISK-LOW,none,false,pending,SP-SHADOW-ONLY,not_started,inactive,blocked,not_applicable,L07;L10;L32,L07;L10;L32,accessibility_review_status:pending;content_review_status:pending;last_reviewed:missing;originality_review_status:pending;research_gap:RG-M6A-001:open;research_review_status:internal_sources_only_external_review_required;safety_review_status:pending;sources:incomplete
08.11,Discipline without domination or purity,08,"Attention, Desire, Temperance, and Discipline",draft,PRACTICE-COMP-0811-DISCIPLINE-WITHOUT-DOMINATION-OR-PURITY-01,0.1.0,data/practices/protocols/08/PRACTICE-COMP-0811-DISCIPLINE-WITHOUT-DOMINATION-OR-PURITY-01.yaml,1d0f1ffb0f97a0e3863e2b4abda2ca06fa05da44f6321fb7350e1c518991fc31,PF-AUDIT-REDESIGN,RISK-LOW,none,false,pending,SP-SHADOW-ONLY,not_started,inactive,blocked,not_applicable,L02;L05;L09;L10,L02;L05;L09;L10,accessibility_review_status:pending;content_review_status:pending;last_reviewed:missing;originality_review_status:pending;research_gap:RG-M6A-001:open;research_review_status:internal_sources_only_external_review_required;safety_review_status:pending;sources:incomplete
09.01,Observation versus interpretation,09,"Reasoning, Science, Truth, and Decision-Making",draft,PRACTICE-COMP-0901-OBSERVATION-VERSUS-INTERPRETATION-01,0.1.0,data/practices/protocols/09/PRACTICE-COMP-0901-OBSERVATION-VERSUS-INTERPRETATION-01.yaml,1b0a0d80e8f0f09d16c7c8cbc1bd3ddf9d9893be0e6ae111fa3a0133b9b835ff,PF-SKILL-REHEARSAL,RISK-LOW,none,false,pending,SP-SHADOW-ONLY,not_started,inactive,blocked,not_applicable,L05;L12;L13,L05;L12;L13,accessibility_review_status:pending;content_review_status:pending;last_reviewed:missing;originality_review_status:pending;research_gap:RG-M6A-001:open;research_review_status:internal_sources_only_external_review_required;safety_review_status:pending;sources:incomplete
09.02,Logic and argument structure,09,"Reasoning, Science, Truth, and Decision-Making",draft,PRACTICE-COMP-0902-LOGIC-AND-ARGUMENT-STRUCTURE-01,0.1.0,data/practices/protocols/09/PRACTICE-COMP-0902-LOGIC-AND-ARGUMENT-STRUCTURE-01.yaml,144c96e1c2be43d5c9954db4dba0680fd18141fe9cc8d70932fe0d231b82148b,PF-SKILL-REHEARSAL,RISK-LOW,none,false,pending,SP-SHADOW-ONLY,not_started,inactive,blocked,not_applicable,L12;L13;L23,L12;L13;L23,accessibility_review_status:pending;content_review_status:pending;last_reviewed:missing;originality_review_status:pending;research_gap:RG-M6A-001:open;research_review_status:internal_sources_only_external_review_required;safety_review_status:pending;sources:incomplete
09.03,Cognitive and motivational bias,09,"Reasoning, Science, Truth, and Decision-Making",draft,PRACTICE-COMP-0903-COGNITIVE-AND-MOTIVATIONAL-BIAS-01,0.1.0,data/practices/protocols/09/PRACTICE-COMP-0903-COGNITIVE-AND-MOTIVATIONAL-BIAS-01.yaml,1b3976b6a856743b5a8e1eb266c28ff3abab4f0b073c7cb7a3c3b44e138df9d0,PF-SKILL-REHEARSAL,RISK-LOW,none,false,pending,SP-SHADOW-ONLY,not_started,inactive,blocked,not_applicable,L05;L12;L13;L14,L05;L12;L13;L14,accessibility_review_status:pending;content_review_status:pending;last_reviewed:missing;originality_review_status:pending;research_gap:RG-M6A-001:open;research_review_status:internal_sources_only_external_review_required;safety_review_status:pending;sources:incomplete
09.04,Source and evidence evaluation,09,"Reasoning, Science, Truth, and Decision-Making",draft,PRACTICE-COMP-0904-SOURCE-AND-EVIDENCE-EVALUATION-01,0.1.0,data/practices/protocols/09/PRACTICE-COMP-0904-SOURCE-AND-EVIDENCE-EVALUATION-01.yaml,759218b7855b4f2ba6ec864f9a25e3b163ca2afcaf1cbb53c4c07b5adf0c1d8a,PF-SKILL-REHEARSAL,RISK-LOW,none,false,pending,SP-SHADOW-ONLY,not_started,inactive,blocked,not_applicable,L12;L13;L19,L12;L13;L19,accessibility_review_status:pending;content_review_status:pending;last_reviewed:missing;originality_review_status:pending;research_gap:RG-M6A-001:open;research_review_status:internal_sources_only_external_review_required;safety_review_status:pending;sources:incomplete
09.05,Epistemic humility,09,"Reasoning, Science, Truth, and Decision-Making",draft,PRACTICE-COMP-0905-EPISTEMIC-HUMILITY-01,0.1.0,data/practices/protocols/09/PRACTICE-COMP-0905-EPISTEMIC-HUMILITY-01.yaml,2cdd3f723103dc00a2b4202215596e629c109a00f14cc472d92701ab4973cfba,PF-SKILL-REHEARSAL,RISK-LOW,none,false,pending,SP-SHADOW-ONLY,not_started,inactive,blocked,not_applicable,L05;L12;L13;L31,L05;L12;L13;L31,accessibility_review_status:pending;content_review_status:pending;last_reviewed:missing;originality_review_status:pending;research_gap:RG-M6A-001:open;research_review_status:internal_sources_only_external_review_required;safety_review_status:pending;sources:incomplete
09.06,Probabilistic and scenario thinking,09,"Reasoning, Science, Truth, and Decision-Making",draft,PRACTICE-COMP-0906-PROBABILISTIC-AND-SCENARIO-THINKING-01,0.1.0,data/practices/protocols/09/PRACTICE-COMP-0906-PROBABILISTIC-AND-SCENARIO-THINKING-01.yaml,e55477cbe33b19f38ac076f39668f7388f61ced3bb40e9dc5acde32aea36c559,PF-SKILL-REHEARSAL,RISK-LOW,none,false,pending,SP-SHADOW-ONLY,not_started,inactive,blocked,not_applicable,L12;L14;L20,L12;L14;L20,accessibility_review_status:pending;content_review_status:pending;last_reviewed:missing;originality_review_status:pending;research_gap:RG-M6A-001:open;research_review_status:internal_sources_only_external_review_required;safety_review_status:pending;sources:incomplete
09.07,Systems and causal reasoning,09,"Reasoning, Science, Truth, and Decision-Making",draft,PRACTICE-COMP-0907-SYSTEMS-AND-CAUSAL-REASONING-01,0.1.0,data/practices/protocols/09/PRACTICE-COMP-0907-SYSTEMS-AND-CAUSAL-REASONING-01.yaml,9f518dd87a546bb65c727bb8b6f00882334a3e8acd6a0b2effaea845adb93de9,PF-RELATIONAL-CONVERSATION,RISK-LOW,none,false,pending,SP-SHADOW-ONLY,not_started,inactive,blocked,not_applicable,L12;L14;L31,L12;L14;L31,accessibility_review_status:pending;content_review_status:pending;last_reviewed:missing;originality_review_status:pending;research_gap:RG-M6A-001:open;research_review_status:internal_sources_only_external_review_required;safety_review_status:pending;sources:incomplete
09.08,Root-cause problem solving,09,"Reasoning, Science, Truth, and Decision-Making",draft,PRACTICE-COMP-0908-ROOT-CAUSE-PROBLEM-SOLVING-01,0.1.0,data/practices/protocols/09/PRACTICE-COMP-0908-ROOT-CAUSE-PROBLEM-SOLVING-01.yaml,5d65a64d8dceea9d84bd6345ba673ad0fc1389ac70df257d545743f3829fb85b,PF-SKILL-REHEARSAL,RISK-LOW,none,false,pending,SP-SHADOW-ONLY,not_started,inactive,blocked,not_applicable,L12;L14;L32,L12;L14;L32,accessibility_review_status:pending;content_review_status:pending;last_reviewed:missing;originality_review_status:pending;research_gap:RG-M6A-001:open;research_review_status:internal_sources_only_external_review_required;safety_review_status:pending;sources:incomplete
09.09,Tradeoffs and opportunity cost,09,"Reasoning, Science, Truth, and Decision-Making",draft,PRACTICE-COMP-0909-TRADEOFFS-AND-OPPORTUNITY-COST-01,0.1.0,data/practices/protocols/09/PRACTICE-COMP-0909-TRADEOFFS-AND-OPPORTUNITY-COST-01.yaml,7689271b3c3114c111de77ea3546cc43e0340fd513452ece9f3c394c3c976738,PF-SKILL-REHEARSAL,RISK-LOW,none,false,pending,SP-SHADOW-ONLY,not_started,inactive,blocked,not_applicable,L14;L22;L36,L14;L22;L36,accessibility_review_status:pending;content_review_status:pending;last_reviewed:missing;originality_review_status:pending;research_gap:RG-M6A-001:open;research_review_status:internal_sources_only_external_review_required;safety_review_status:pending;sources:incomplete
09.10,Risk assessment and precaution,09,"Reasoning, Science, Truth, and Decision-Making",draft,PRACTICE-COMP-0910-RISK-ASSESSMENT-AND-PRECAUTION-01,0.1.0,data/practices/protocols/09/PRACTICE-COMP-0910-RISK-ASSESSMENT-AND-PRECAUTION-01.yaml,07b7379de88d17d97f3c722674de2838134667bd65734a31ef18cd3522df95cc,PF-SKILL-REHEARSAL,RISK-LOW,none,false,pending,SP-SHADOW-ONLY,not_started,inactive,blocked,not_applicable,L13;L14;L20,L13;L14;L20,accessibility_review_status:pending;content_review_status:pending;last_reviewed:missing;originality_review_status:pending;research_gap:RG-M6A-001:open;research_review_status:internal_sources_only_external_review_required;safety_review_status:pending;sources:incomplete
09.11,Practical wisdom and context,09,"Reasoning, Science, Truth, and Decision-Making",draft,PRACTICE-COMP-0911-PRACTICAL-WISDOM-AND-CONTEXT-01,0.1.0,data/practices/protocols/09/PRACTICE-COMP-0911-PRACTICAL-WISDOM-AND-CONTEXT-01.yaml,2f4e367d0c1ebbe101734f1c51ee38ef09d47922c5708161dbc134704c16967d,PF-SKILL-REHEARSAL,RISK-LOW,none,false,pending,SP-SHADOW-ONLY,not_started,inactive,blocked,not_applicable,L02;L11;L14;L24,L02;L11;L14;L24,accessibility_review_status:pending;content_review_status:pending;last_reviewed:missing;originality_review_status:pending;research_gap:RG-M6A-001:open;research_review_status:internal_sources_only_external_review_required;safety_review_status:pending;sources:incomplete
09.12,Decision records and updating,09,"Reasoning, Science, Truth, and Decision-Making",draft,PRACTICE-DECISION-RECORD-01,1.0.0,data/practices/protocols/09/PRACTICE-DECISION-RECORD-01.yaml,0b704508da1d522eaa976c3903a6cdb8323d7b35936704f4e1ae9f36c3848f59,PF-ARTIFACT-PLAN,RISK-LOW,none,false,pending_specialist_expansion_review,SP-SHADOW-ONLY,passed,inactive,blocked,not_applicable,L10;L13;L14,L14,accessibility_review_status:pending;content_review_status:pending;last_reviewed:missing;originality_review_status:pending;research_gap:RG-M6A-001:open;research_gap:RG-M6D-002:open;research_review_status:pending;safety_review_status:pending_specialist_expansion_review;sources:incomplete
09.13,Statistical literacy,09,"Reasoning, Science, Truth, and Decision-Making",draft,PRACTICE-COMP-0913-STATISTICAL-LITERACY-01,0.1.0,data/practices/protocols/09/PRACTICE-COMP-0913-STATISTICAL-LITERACY-01.yaml,c6c27a931e3188b6265d678a1784741edac818e155912c5c46f0367341993c08,PF-SKILL-REHEARSAL,RISK-LOW,none,false,pending,SP-SHADOW-ONLY,not_started,inactive,blocked,not_applicable,L12;L13,L12;L13,accessibility_review_status:pending;content_review_status:pending;last_reviewed:missing;originality_review_status:pending;research_gap:RG-M6A-001:open;research_review_status:internal_sources_only_external_review_required;safety_review_status:pending;sources:incomplete
09.14,Scientific reasoning and research design,09,"Reasoning, Science, Truth, and Decision-Making",draft,PRACTICE-COMP-0914-SCIENTIFIC-REASONING-AND-RESEARCH-DESIGN-01,0.1.0,data/practices/protocols/09/PRACTICE-COMP-0914-SCIENTIFIC-REASONING-AND-RESEARCH-DESIGN-01.yaml,9b9f4cd66d96fc463f76473bf139c97e804ecfeae9fbe99226db514b43d86f1d,PF-SKILL-REHEARSAL,RISK-LOW,none,false,pending,SP-SHADOW-ONLY,not_started,inactive,blocked,not_applicable,L12;L13;L15,L12;L13;L15,accessibility_review_status:pending;content_review_status:pending;last_reviewed:missing;originality_review_status:pending;research_gap:RG-M6A-001:open;research_review_status:internal_sources_only_external_review_required;safety_review_status:pending;sources:incomplete
09.15,Causal inference and intervention logic,09,"Reasoning, Science, Truth, and Decision-Making",draft,PRACTICE-COMP-0915-CAUSAL-INFERENCE-AND-INTERVENTION-LOGIC-01,0.1.0,data/practices/protocols/09/PRACTICE-COMP-0915-CAUSAL-INFERENCE-AND-INTERVENTION-LOGIC-01.yaml,c9537c3b29ae1ed4837ed94674b1fbcc2929e5085f39925d930d2f6235423aab,PF-SKILL-REHEARSAL,RISK-LOW,none,false,pending,SP-SHADOW-ONLY,not_started,inactive,blocked,not_applicable,L12;L13;L14,L12;L13;L14,accessibility_review_status:pending;content_review_status:pending;last_reviewed:missing;originality_review_status:pending;research_gap:RG-M6A-001:open;research_review_status:internal_sources_only_external_review_required;safety_review_status:pending;sources:incomplete
09.16,"Models, simulations, and abstraction limits",09,"Reasoning, Science, Truth, and Decision-Making",draft,PRACTICE-COMP-0916-MODELS-SIMULATIONS-AND-ABSTRACTION-LIMITS-01,0.1.0,data/practices/protocols/09/PRACTICE-COMP-0916-MODELS-SIMULATIONS-AND-ABSTRACTION-LIMITS-01.yaml,8ad0f57954a205ddc0ff152055a6353acfd5a21bc31acb9fad2a7b51801468a1,PF-CONTEMPLATIVE-MEANING,RISK-LOW,none,false,pending,SP-SHADOW-ONLY,not_started,inactive,blocked,not_applicable,L12;L13;L14,L12;L13;L14,accessibility_review_status:pending;content_review_status:pending;last_reviewed:missing;originality_review_status:pending;research_gap:RG-M6A-001:open;research_review_status:internal_sources_only_external_review_required;safety_review_status:pending;sources:incomplete
09.17,Adversarial reasoning and information operations,09,"Reasoning, Science, Truth, and Decision-Making",draft,PRACTICE-COMP-0917-ADVERSARIAL-REASONING-AND-INFORMATION-OPERATIONS-01,0.1.0,data/practices/protocols/09/PRACTICE-COMP-0917-ADVERSARIAL-REASONING-AND-INFORMATION-OPERATIONS-01.yaml,fc55794f6ce76e725182c0ccd2474623f498ce1c3ec4ee5d3d8fee3e5c742983,PF-SKILL-REHEARSAL,RISK-LOW,none,false,pending,SP-SHADOW-ONLY,not_started,inactive,blocked,not_applicable,L12;L13;L19;L31,L12;L13;L19;L31,accessibility_review_status:pending;content_review_status:pending;last_reviewed:missing;originality_review_status:pending;research_gap:RG-M6A-001:open;research_review_status:internal_sources_only_external_review_required;safety_review_status:pending;sources:incomplete
10.01,The science of learning,10,"Learning, Memory, Curiosity, Apprenticeship, and Teaching",draft,PRACTICE-COMP-1001-THE-SCIENCE-OF-LEARNING-01,0.1.0,data/practices/protocols/10/PRACTICE-COMP-1001-THE-SCIENCE-OF-LEARNING-01.yaml,b1d2b7fd2fc34d1580da072e072438c45cb2b86f4a040eb201b22fbbe515e216,PF-RELATIONAL-CONVERSATION,RISK-LOW,none,false,pending,SP-SHADOW-ONLY,not_started,inactive,blocked,not_applicable,L10;L13;L15,L10;L13;L15,accessibility_review_status:pending;content_review_status:pending;last_reviewed:missing;originality_review_status:pending;research_gap:RG-M6A-001:open;research_review_status:internal_sources_only_external_review_required;safety_review_status:pending;sources:incomplete
10.02,Deliberate practice,10,"Learning, Memory, Curiosity, Apprenticeship, and Teaching",draft,PRACTICE-DELIBERATE-PRACTICE-01,1.0.0,data/practices/protocols/10/PRACTICE-DELIBERATE-PRACTICE-01.yaml,c489c46573badc43a487ecdde135819fe81cebe10a2b00fda15c47f28cc2c6be,PF-SKILL-REHEARSAL,RISK-LOW,none,false,pending_specialist_expansion_review,SP-SHADOW-ONLY,passed,inactive,blocked,not_applicable,L10;L15;L32,L15,accessibility_review_status:pending;content_review_status:pending;last_reviewed:missing;originality_review_status:pending;research_gap:RG-M6A-001:open;research_gap:RG-M6D-003:open;research_review_status:pending;safety_review_status:pending_specialist_expansion_review;sources:incomplete
10.03,Curiosity and question formation,10,"Learning, Memory, Curiosity, Apprenticeship, and Teaching",draft,PRACTICE-COMP-1003-CURIOSITY-AND-QUESTION-FORMATION-01,0.1.0,data/practices/protocols/10/PRACTICE-COMP-1003-CURIOSITY-AND-QUESTION-FORMATION-01.yaml,3f5965dead7f8e0a84e0afb1d1a29c9b3341a61a89568576e71530d719a78bcc,PF-SKILL-REHEARSAL,RISK-LOW,none,false,pending,SP-SHADOW-ONLY,not_started,inactive,blocked,not_applicable,L11;L12;L15,L11;L12;L15,accessibility_review_status:pending;content_review_status:pending;last_reviewed:missing;originality_review_status:pending;research_gap:RG-M6A-001:open;research_review_status:internal_sources_only_external_review_required;safety_review_status:pending;sources:incomplete
10.04,Research and information gathering,10,"Learning, Memory, Curiosity, Apprenticeship, and Teaching",draft,PRACTICE-COMP-1004-RESEARCH-AND-INFORMATION-GATHERING-01,0.1.0,data/practices/protocols/10/PRACTICE-COMP-1004-RESEARCH-AND-INFORMATION-GATHERING-01.yaml,d03dd5c053b1f4baa9e777bdda50c1d71800a4248e16aee694d957b1281f748e,PF-SKILL-REHEARSAL,RISK-LOW,none,false,pending,SP-SHADOW-ONLY,not_started,inactive,blocked,not_applicable,L13;L15;L19,L13;L15;L19,accessibility_review_status:pending;content_review_status:pending;last_reviewed:missing;originality_review_status:pending;research_gap:RG-M6A-001:open;research_review_status:internal_sources_only_external_review_required;safety_review_status:pending;sources:incomplete
10.05,Knowledge organization and notes,10,"Learning, Memory, Curiosity, Apprenticeship, and Teaching",draft,PRACTICE-COMP-1005-KNOWLEDGE-ORGANIZATION-AND-NOTES-01,0.1.0,data/practices/protocols/10/PRACTICE-COMP-1005-KNOWLEDGE-ORGANIZATION-AND-NOTES-01.yaml,5ae36ea67e84d77551eaca107ba3d6f022f5a0ae58332a1fcb6db1a8d3859b45,PF-SKILL-REHEARSAL,RISK-LOW,none,false,pending,SP-SHADOW-ONLY,not_started,inactive,blocked,not_applicable,L10;L15;L19,L10;L15;L19,accessibility_review_status:pending;content_review_status:pending;last_reviewed:missing;originality_review_status:pending;research_gap:RG-M6A-001:open;research_review_status:internal_sources_only_external_review_required;safety_review_status:pending;sources:incomplete
10.06,Memory and recall,10,"Learning, Memory, Curiosity, Apprenticeship, and Teaching",draft,PRACTICE-COMP-1006-MEMORY-AND-RECALL-01,0.1.0,data/practices/protocols/10/PRACTICE-COMP-1006-MEMORY-AND-RECALL-01.yaml,f702239300f239876da521d74a8f4e4b0f77722f8b0aa1a9ab26af16ef3bdab3,PF-LONGITUDINAL-REVIEW,RISK-LOW,none,false,pending,SP-SHADOW-ONLY,not_started,inactive,blocked,not_applicable,L08;L10;L15,L08;L10;L15,accessibility_review_status:pending;content_review_status:pending;last_reviewed:missing;originality_review_status:pending;research_gap:RG-M6A-001:open;research_review_status:internal_sources_only_external_review_required;safety_review_status:pending;sources:incomplete
10.07,Skill decomposition and progression,10,"Learning, Memory, Curiosity, Apprenticeship, and Teaching",draft,PRACTICE-COMP-1007-SKILL-DECOMPOSITION-AND-PROGRESSION-01,0.1.0,data/practices/protocols/10/PRACTICE-COMP-1007-SKILL-DECOMPOSITION-AND-PROGRESSION-01.yaml,40826827cb0be3a35fabf47997b4b247bf30280723132251a731ed3782aeb1de,PF-SKILL-REHEARSAL,RISK-LOW,none,false,pending,SP-SHADOW-ONLY,not_started,inactive,blocked,not_applicable,L10;L14;L15,L10;L14;L15,accessibility_review_status:pending;content_review_status:pending;last_reviewed:missing;originality_review_status:pending;research_gap:RG-M6A-001:open;research_review_status:internal_sources_only_external_review_required;safety_review_status:pending;sources:incomplete
10.08,Feedback and error correction,10,"Learning, Memory, Curiosity, Apprenticeship, and Teaching",draft,PRACTICE-COMP-1008-FEEDBACK-AND-ERROR-CORRECTION-01,0.1.0,data/practices/protocols/10/PRACTICE-COMP-1008-FEEDBACK-AND-ERROR-CORRECTION-01.yaml,8c709b74b8c78468118c6ee693ecd6f3a54acada3f49a558b35e11491ba9a4e6,PF-RELATIONAL-CONVERSATION,RISK-LOW,none,false,pending,SP-SHADOW-ONLY,not_started,inactive,blocked,not_applicable,L10;L11;L13;L15,L10;L11;L13;L15,accessibility_review_status:pending;content_review_status:pending;last_reviewed:missing;originality_review_status:pending;research_gap:RG-M6A-001:open;research_review_status:internal_sources_only_external_review_required;safety_review_status:pending;sources:incomplete
10.09,Independent learning and resourcefulness,10,"Learning, Memory, Curiosity, Apprenticeship, and Teaching",draft,PRACTICE-COMP-1009-INDEPENDENT-LEARNING-AND-RESOURCEFULNESS-01,0.1.0,data/practices/protocols/10/PRACTICE-COMP-1009-INDEPENDENT-LEARNING-AND-RESOURCEFULNESS-01.yaml,f84a2eeaf6de5475c68199aa64060e179a28fc3417a115ebd4f8838588cb384d,PF-SKILL-REHEARSAL,RISK-LOW,none,false,pending,SP-SHADOW-ONLY,not_started,inactive,blocked,not_applicable,L10;L11;L15,L10;L11;L15,accessibility_review_status:pending;content_review_status:pending;last_reviewed:missing;originality_review_status:pending;research_gap:RG-M6A-001:open;research_review_status:internal_sources_only_external_review_required;safety_review_status:pending;sources:incomplete
10.10,Teaching and explanation,10,"Learning, Memory, Curiosity, Apprenticeship, and Teaching",draft,PRACTICE-COMP-1010-TEACHING-AND-EXPLANATION-01,0.1.0,data/practices/protocols/10/PRACTICE-COMP-1010-TEACHING-AND-EXPLANATION-01.yaml,c6ccfa750c0810eeff211d3f47985a95e3755f5f4ebe72130aed501be0eb8736,PF-RELATIONAL-CONVERSATION,RISK-LOW,none,false,pending,SP-SHADOW-ONLY,not_started,inactive,blocked,not_applicable,L15;L23;L24,L15;L23;L24,accessibility_review_status:pending;content_review_status:pending;last_reviewed:missing;originality_review_status:pending;research_gap:RG-M6A-001:open;research_review_status:internal_sources_only_external_review_required;safety_review_status:pending;sources:incomplete
10.11,Breadth and interdisciplinary literacy,10,"Learning, Memory, Curiosity, Apprenticeship, and Teaching",draft,PRACTICE-COMP-1011-BREADTH-AND-INTERDISCIPLINARY-LITERACY-01,0.1.0,data/practices/protocols/10/PRACTICE-COMP-1011-BREADTH-AND-INTERDISCIPLINARY-LITERACY-01.yaml,c9c908408aa43f1631ca4c45f527ec89165658644cf3e5cca5af9b93b830cff5,PF-SKILL-REHEARSAL,RISK-LOW,none,false,pending,SP-SHADOW-ONLY,not_started,inactive,blocked,not_applicable,L12;L15;L16;L31,L12;L15;L16;L31,accessibility_review_status:pending;content_review_status:pending;last_reviewed:missing;originality_review_status:pending;research_gap:RG-M6A-001:open;research_review_status:internal_sources_only_external_review_required;safety_review_status:pending;sources:incomplete
10.12,Apprenticeship and tacit knowledge,10,"Learning, Memory, Curiosity, Apprenticeship, and Teaching",draft,PRACTICE-COMP-1012-APPRENTICESHIP-AND-TACIT-KNOWLEDGE-01,0.1.0,data/practices/protocols/10/PRACTICE-COMP-1012-APPRENTICESHIP-AND-TACIT-KNOWLEDGE-01.yaml,1df394734fcab7abbf5b89f6427bd62587f8eefd3d1235658601836c9d264a60,PF-COMMUNITY-CONTRIBUTION,RISK-LOW,none,false,pending,SP-SHADOW-ONLY,not_started,inactive,blocked,not_applicable,L15;L23;L26;L32,L15;L23;L26;L32,accessibility_review_status:pending;content_review_status:pending;last_reviewed:missing;originality_review_status:pending;research_gap:RG-M6A-001:open;research_review_status:internal_sources_only_external_review_required;safety_review_status:pending;sources:incomplete
10.13,Communal and intergenerational knowledge transmission,10,"Learning, Memory, Curiosity, Apprenticeship, and Teaching",draft,PRACTICE-COMP-1013-COMMUNAL-AND-INTERGENERATIONAL-KNOWLEDGE-TRANSMISSION-01,0.1.0,data/practices/protocols/10/PRACTICE-COMP-1013-COMMUNAL-AND-INTERGENERATIONAL-KNOWLEDGE-TRANSMISSION-01.yaml,35f531cab7f0d78b40d5f45b503f246ff8d744e2439e9e1b31f56992db4af66e,PF-SKILL-REHEARSAL,RISK-LOW,none,false,pending,SP-SHADOW-ONLY,not_started,inactive,blocked,not_applicable,L15;L16;L26;L28,L15;L16;L26;L28,accessibility_review_status:pending;content_review_status:pending;last_reviewed:missing;originality_review_status:pending;research_gap:RG-M6A-001:open;research_review_status:internal_sources_only_external_review_required;safety_review_status:pending;sources:incomplete
10.14,Accessible and differentiated learning,10,"Learning, Memory, Curiosity, Apprenticeship, and Teaching",draft,PRACTICE-COMP-1014-ACCESSIBLE-AND-DIFFERENTIATED-LEARNING-01,0.1.0,data/practices/protocols/10/PRACTICE-COMP-1014-ACCESSIBLE-AND-DIFFERENTIATED-LEARNING-01.yaml,616de279bb95114e787063e121e9ecccec7cccdcd8875f9b4397f7eb7ae4d05f,PF-SKILL-REHEARSAL,RISK-LOW,none,false,pending,SP-SHADOW-ONLY,not_started,inactive,blocked,not_applicable,L15;L23;L24;L31,L15;L23;L24;L31,accessibility_review_status:pending;content_review_status:pending;last_reviewed:missing;originality_review_status:pending;research_gap:RG-M6A-001:open;research_review_status:internal_sources_only_external_review_required;safety_review_status:pending;sources:incomplete
11.01,Time and energy audit,11,"Time, Priorities, Goals, and Execution",draft,PRACTICE-COMP-1101-TIME-AND-ENERGY-AUDIT-01,0.1.0,data/practices/protocols/11/PRACTICE-COMP-1101-TIME-AND-ENERGY-AUDIT-01.yaml,3f4b3a09f634e9aef9c3bfa6d8ef898db1d81ed6ae329f017c6df911e9896709,PF-AUDIT-REDESIGN,RISK-LOW,none,false,pending,SP-SHADOW-ONLY,not_started,inactive,blocked,not_applicable,L08;L10;L17;L36,L08;L10;L17;L36,accessibility_review_status:pending;content_review_status:pending;last_reviewed:missing;originality_review_status:pending;research_gap:RG-M6A-001:open;research_review_status:internal_sources_only_external_review_required;safety_review_status:pending;sources:incomplete
11.02,Priority hierarchy,11,"Time, Priorities, Goals, and Execution",draft,PRACTICE-COMP-1102-PRIORITY-HIERARCHY-01,0.1.0,data/practices/protocols/11/PRACTICE-COMP-1102-PRIORITY-HIERARCHY-01.yaml,74d497a19482dd43c3f56e9e19ee254ee208578999d1ecb7083a400750289df7,PF-LONGITUDINAL-REVIEW,RISK-LOW,none,false,pending,SP-SHADOW-ONLY,not_started,inactive,blocked,not_applicable,L01;L10;L14;L36,L01;L10;L14;L36,accessibility_review_status:pending;content_review_status:pending;last_reviewed:missing;originality_review_status:pending;research_gap:RG-M6A-001:open;research_review_status:internal_sources_only_external_review_required;safety_review_status:pending;sources:incomplete
11.03,Goal definition and success criteria,11,"Time, Priorities, Goals, and Execution",draft,PRACTICE-COMP-1103-GOAL-DEFINITION-AND-SUCCESS-CRITERIA-01,0.1.0,data/practices/protocols/11/PRACTICE-COMP-1103-GOAL-DEFINITION-AND-SUCCESS-CRITERIA-01.yaml,1b7c6747f3327ab79c3a6b56b1f728028592a9aceb676ead89ba08aabafde0ed,PF-AUDIT-REDESIGN,RISK-LOW,none,false,pending,SP-SHADOW-ONLY,not_started,inactive,blocked,not_applicable,L10;L14;L36,L10;L14;L36,accessibility_review_status:pending;content_review_status:pending;last_reviewed:missing;originality_review_status:pending;research_gap:RG-M6A-001:open;research_review_status:internal_sources_only_external_review_required;safety_review_status:pending;sources:incomplete
11.04,Milestones and task decomposition,11,"Time, Priorities, Goals, and Execution",draft,PRACTICE-COMP-1104-MILESTONES-AND-TASK-DECOMPOSITION-01,0.1.0,data/practices/protocols/11/PRACTICE-COMP-1104-MILESTONES-AND-TASK-DECOMPOSITION-01.yaml,40c3ac412021399992fb546fe330bb3ac6bd3025308b870998901bd8956438c5,PF-AUDIT-REDESIGN,RISK-LOW,none,false,pending,SP-SHADOW-ONLY,not_started,inactive,blocked,not_applicable,L10;L14;L32,L10;L14;L32,accessibility_review_status:pending;content_review_status:pending;last_reviewed:missing;originality_review_status:pending;research_gap:RG-M6A-001:open;research_review_status:internal_sources_only_external_review_required;safety_review_status:pending;sources:incomplete
11.05,Scheduling and realistic capacity,11,"Time, Priorities, Goals, and Execution",draft,PRACTICE-COMP-1105-SCHEDULING-AND-REALISTIC-CAPACITY-01,0.1.0,data/practices/protocols/11/PRACTICE-COMP-1105-SCHEDULING-AND-REALISTIC-CAPACITY-01.yaml,ca35677a67f9a46b23bcb2de4b946da72367eaa4b3cb3687654325950738b671,PF-AUDIT-REDESIGN,RISK-LOW,none,false,pending,SP-SHADOW-ONLY,not_started,inactive,blocked,not_applicable,L10;L11;L17;L36,L10;L11;L17;L36,accessibility_review_status:pending;content_review_status:pending;last_reviewed:missing;originality_review_status:pending;research_gap:RG-M6A-001:open;research_review_status:internal_sources_only_external_review_required;safety_review_status:pending;sources:incomplete
11.06,Project and workflow management,11,"Time, Priorities, Goals, and Execution",draft,PRACTICE-COMP-1106-PROJECT-AND-WORKFLOW-MANAGEMENT-01,0.1.0,data/practices/protocols/11/PRACTICE-COMP-1106-PROJECT-AND-WORKFLOW-MANAGEMENT-01.yaml,683e57489160568844ade19eb776d811bc1eb493a96841478778e2e51108e6e6,PF-AUDIT-REDESIGN,RISK-LOW,none,false,pending,SP-SHADOW-ONLY,not_started,inactive,blocked,not_applicable,L10;L14;L32,L10;L14;L32,accessibility_review_status:pending;content_review_status:pending;last_reviewed:missing;originality_review_status:pending;research_gap:RG-M6A-001:open;research_review_status:internal_sources_only_external_review_required;safety_review_status:pending;sources:incomplete
11.07,Pacing and sustainable intensity,11,"Time, Priorities, Goals, and Execution",draft,PRACTICE-COMP-1107-PACING-AND-SUSTAINABLE-INTENSITY-01,0.1.0,data/practices/protocols/11/PRACTICE-COMP-1107-PACING-AND-SUSTAINABLE-INTENSITY-01.yaml,6892f6f30075ae27e3fbbe4a56ee34424ec78ec0b32060e512d672cf7baade40,PF-AUDIT-REDESIGN,RISK-LOW,none,false,pending,SP-SHADOW-ONLY,not_started,inactive,blocked,not_applicable,L10;L17;L34;L36,L10;L17;L34;L36,accessibility_review_status:pending;content_review_status:pending;last_reviewed:missing;originality_review_status:pending;research_gap:RG-M6A-001:open;research_review_status:internal_sources_only_external_review_required;safety_review_status:pending;sources:incomplete
11.08,Follow-through and accountability,11,"Time, Priorities, Goals, and Execution",draft,PRACTICE-COMP-1108-FOLLOW-THROUGH-AND-ACCOUNTABILITY-01,0.1.0,data/practices/protocols/11/PRACTICE-COMP-1108-FOLLOW-THROUGH-AND-ACCOUNTABILITY-01.yaml,9b65eeb85980186bcb0f671210df8e13d879c5541d43c34b70af871ce5d1797c,PF-AUDIT-REDESIGN,RISK-LOW,none,false,pending,SP-SHADOW-ONLY,not_started,inactive,blocked,not_applicable,L02;L10;L32,L02;L10;L32,accessibility_review_status:pending;content_review_status:pending;last_reviewed:missing;originality_review_status:pending;research_gap:RG-M6A-001:open;research_review_status:internal_sources_only_external_review_required;safety_review_status:pending;sources:incomplete
11.09,"Review, measurement, and adaptation",11,"Time, Priorities, Goals, and Execution",draft,PRACTICE-COMP-1109-REVIEW-MEASUREMENT-AND-ADAPTATION-01,0.1.0,data/practices/protocols/11/PRACTICE-COMP-1109-REVIEW-MEASUREMENT-AND-ADAPTATION-01.yaml,009f46da54bcc81b4dab7112691ad9ba4da30219bf90aa1c1dc623df9896242a,PF-AUDIT-REDESIGN,RISK-LOW,none,false,pending,SP-SHADOW-ONLY,not_started,inactive,blocked,not_applicable,L10;L11;L14;L36,L10;L11;L14;L36,accessibility_review_status:pending;content_review_status:pending;last_reviewed:missing;originality_review_status:pending;research_gap:RG-M6A-001:open;research_review_status:internal_sources_only_external_review_required;safety_review_status:pending;sources:incomplete
11.10,Saying no and ending responsibly,11,"Time, Priorities, Goals, and Execution",projected_legacy,PRACTICE-BOUNDARY-01,1.0.0,data/practices/protocols/11/PRACTICE-BOUNDARY-01.yaml,c008291dd82b300bc8e216b8c4fab4f33982f86e8ec3a3c0a90c26b85ef4b4fc,PF-RELATIONAL-CONVERSATION,RISK-MODERATE,GG-PRACTICE-RUNTIME-PROJECTION-1.0,false,pending_specialist_expansion_review,SP-SHADOW-ONLY,not_started,inactive,blocked,existing_runtime_coverage,L10;L25;L29;L36,L25,accessibility_review_status:pilot_boundary_reviewed_expansion_review_pending;content_review_status:frozen_runtime_behavior;expert_review:ER-M6A-002:pending;last_reviewed:missing;originality_review_status:legacy_exceptions_recorded_expansion_review_pending;research_gap:RG-M6A-001:open;research_gap:RG-M6A-006:open;research_review_status:internal_sources_only_external_review_required;safety_review_status:pending_specialist_expansion_review;sources:incomplete;specialist_review:missing;ui_test_status:existing_runtime_coverage
12.01,Health literacy and preventive care,12,"Physical Health, Fitness, and Embodiment",draft,PRACTICE-COMP-1201-HEALTH-LITERACY-AND-PREVENTIVE-CARE-01,0.1.0,data/practices/protocols/12/PRACTICE-COMP-1201-HEALTH-LITERACY-AND-PREVENTIVE-CARE-01.yaml,83e3e31fba9971689a751e57da20ef50436add512b75437a159e49135d6ab280,PF-QUALIFIED-CONSULTATION,RISK-HIGH,none,false,pending_specialist_expansion_review,SP-NON-SCORED-REFLECTION,not_applicable,inactive,blocked,not_applicable,L10;L13;L17,L10;L13;L17,accessibility_review_status:pending;content_review_status:pending;last_reviewed:missing;originality_review_status:pending;research_gap:RG-M6A-001:open;research_review_status:internal_sources_only_external_review_required;safety_review_status:pending_specialist_expansion_review;sources:incomplete;specialist_review:missing
12.02,Sleep and circadian health,12,"Physical Health, Fitness, and Embodiment",draft,PRACTICE-COMP-1202-SLEEP-AND-CIRCADIAN-HEALTH-01,0.1.0,data/practices/protocols/12/PRACTICE-COMP-1202-SLEEP-AND-CIRCADIAN-HEALTH-01.yaml,111e281b35815cdc2a4cdfc9e0c0b49c5c9dd0ce3225a6256fe7b7c55624f1b9,PF-QUALIFIED-CONSULTATION,RISK-HIGH,none,false,pending_specialist_expansion_review,SP-NON-SCORED-REFLECTION,not_applicable,inactive,blocked,not_applicable,L10;L17,L10;L17,accessibility_review_status:pending;content_review_status:pending;last_reviewed:missing;originality_review_status:pending;research_gap:RG-M6A-001:open;research_review_status:internal_sources_only_external_review_required;safety_review_status:pending_specialist_expansion_review;sources:incomplete;specialist_review:missing
12.03,Nutrition fundamentals,12,"Physical Health, Fitness, and Embodiment",draft,PRACTICE-COMP-1203-NUTRITION-FUNDAMENTALS-01,0.1.0,data/practices/protocols/12/PRACTICE-COMP-1203-NUTRITION-FUNDAMENTALS-01.yaml,60a2ec3a1c48164c8ac2bed6110238a0e5cf29e25308a0b8181ac0612a95f86f,PF-QUALIFIED-CONSULTATION,RISK-HIGH,none,false,pending_specialist_expansion_review,SP-NON-SCORED-REFLECTION,not_applicable,inactive,blocked,not_applicable,L13;L17;L18,L13;L17;L18,accessibility_review_status:pending;content_review_status:pending;last_reviewed:missing;originality_review_status:pending;research_gap:RG-M6A-001:open;research_review_status:internal_sources_only_external_review_required;safety_review_status:pending_specialist_expansion_review;sources:incomplete;specialist_review:missing
12.04,Food relationship and body image,12,"Physical Health, Fitness, and Embodiment",draft,PRACTICE-COMP-1204-FOOD-RELATIONSHIP-AND-BODY-IMAGE-01,0.1.0,data/practices/protocols/12/PRACTICE-COMP-1204-FOOD-RELATIONSHIP-AND-BODY-IMAGE-01.yaml,f3183eb789ff7679af1c6a225b2809f2542d7c96351d8bbae10c4411f5f54ef5,PF-QUALIFIED-CONSULTATION,RISK-HIGH,none,false,pending_specialist_expansion_review,SP-NON-SCORED-REFLECTION,not_applicable,inactive,blocked,not_applicable,L05;L07;L09;L17,L05;L07;L09;L17,accessibility_review_status:pending;content_review_status:pending;last_reviewed:missing;originality_review_status:pending;research_gap:RG-M6A-001:open;research_review_status:internal_sources_only_external_review_required;safety_review_status:pending_specialist_expansion_review;sources:incomplete;specialist_review:missing
12.05,Strength and muscular capability,12,"Physical Health, Fitness, and Embodiment",draft,PRACTICE-COMP-1205-STRENGTH-AND-MUSCULAR-CAPABILITY-01,0.1.0,data/practices/protocols/12/PRACTICE-COMP-1205-STRENGTH-AND-MUSCULAR-CAPABILITY-01.yaml,3f272922d60c2b1817652e82eb4550b3a44cb52d2ffc9310e1c3528b4bd86e3f,PF-QUALIFIED-CONSULTATION,RISK-HIGH,none,false,pending_specialist_expansion_review,SP-NON-SCORED-REFLECTION,not_applicable,inactive,blocked,not_applicable,L10;L17,L10;L17,accessibility_review_status:pending;content_review_status:pending;last_reviewed:missing;originality_review_status:pending;research_gap:RG-M6A-001:open;research_review_status:internal_sources_only_external_review_required;safety_review_status:pending_specialist_expansion_review;sources:incomplete;specialist_review:missing
12.06,Cardiovascular endurance,12,"Physical Health, Fitness, and Embodiment",draft,PRACTICE-COMP-1206-CARDIOVASCULAR-ENDURANCE-01,0.1.0,data/practices/protocols/12/PRACTICE-COMP-1206-CARDIOVASCULAR-ENDURANCE-01.yaml,bfa1fb30019b06614b6f1dc3987bef1f29ed1dde01d924390e679b1c445d57ee,PF-QUALIFIED-CONSULTATION,RISK-HIGH,none,false,pending_specialist_expansion_review,SP-NON-SCORED-REFLECTION,not_applicable,inactive,blocked,not_applicable,L10;L17,L10;L17,accessibility_review_status:pending;content_review_status:pending;last_reviewed:missing;originality_review_status:pending;research_gap:RG-M6A-001:open;research_review_status:internal_sources_only_external_review_required;safety_review_status:pending_specialist_expansion_review;sources:incomplete;specialist_review:missing
12.07,"Mobility, flexibility, and joint capacity",12,"Physical Health, Fitness, and Embodiment",draft,PRACTICE-COMP-1207-MOBILITY-FLEXIBILITY-AND-JOINT-CAPACITY-01,0.1.0,data/practices/protocols/12/PRACTICE-COMP-1207-MOBILITY-FLEXIBILITY-AND-JOINT-CAPACITY-01.yaml,e05b33e41a4bfe4a661522a019c9951796deaaaae2c00d50a0a9c5e271bde2ed,PF-QUALIFIED-CONSULTATION,RISK-HIGH,none,false,pending_specialist_expansion_review,SP-NON-SCORED-REFLECTION,not_applicable,inactive,blocked,not_applicable,L10;L17,L10;L17,accessibility_review_status:pending;content_review_status:pending;last_reviewed:missing;originality_review_status:pending;research_gap:RG-M6A-001:open;research_review_status:internal_sources_only_external_review_required;safety_review_status:pending_specialist_expansion_review;sources:incomplete;specialist_review:missing
12.08,"Power, speed, coordination, and agility",12,"Physical Health, Fitness, and Embodiment",draft,PRACTICE-COMP-1208-POWER-SPEED-COORDINATION-AND-AGILITY-01,0.1.0,data/practices/protocols/12/PRACTICE-COMP-1208-POWER-SPEED-COORDINATION-AND-AGILITY-01.yaml,eb923fe76c28cec65b784f200ac718a1f7e0b4e5dcfe371dd1d14253473f00ca,PF-QUALIFIED-CONSULTATION,RISK-HIGH,none,false,pending_specialist_expansion_review,SP-NON-SCORED-REFLECTION,not_applicable,inactive,blocked,not_applicable,L17;L35,L17;L35,accessibility_review_status:pending;content_review_status:pending;last_reviewed:missing;originality_review_status:pending;research_gap:RG-M6A-001:open;research_review_status:internal_sources_only_external_review_required;safety_review_status:pending_specialist_expansion_review;sources:incomplete;specialist_review:missing
12.09,Body composition and metabolic health,12,"Physical Health, Fitness, and Embodiment",draft,PRACTICE-COMP-1209-BODY-COMPOSITION-AND-METABOLIC-HEALTH-01,0.1.0,data/practices/protocols/12/PRACTICE-COMP-1209-BODY-COMPOSITION-AND-METABOLIC-HEALTH-01.yaml,77725ca9e2ce00e9ba4b67e482c80eb10220ab4830f6addd23ecea5713872c47,PF-QUALIFIED-CONSULTATION,RISK-HIGH,none,false,pending_specialist_expansion_review,SP-NON-SCORED-REFLECTION,not_applicable,inactive,blocked,not_applicable,L09;L13;L17,L09;L13;L17,accessibility_review_status:pending;content_review_status:pending;last_reviewed:missing;originality_review_status:pending;research_gap:RG-M6A-001:open;research_review_status:internal_sources_only_external_review_required;safety_review_status:pending_specialist_expansion_review;sources:incomplete;specialist_review:missing
12.10,"Recovery, fatigue, and injury prevention",12,"Physical Health, Fitness, and Embodiment",draft,PRACTICE-COMP-1210-RECOVERY-FATIGUE-AND-INJURY-PREVENTION-01,0.1.0,data/practices/protocols/12/PRACTICE-COMP-1210-RECOVERY-FATIGUE-AND-INJURY-PREVENTION-01.yaml,ce8e135e5de9e5639496e35ba773fef6ec28a57b32dbbf189af5c717db678fe2,PF-QUALIFIED-CONSULTATION,RISK-HIGH,none,false,pending_specialist_expansion_review,SP-NON-SCORED-REFLECTION,not_applicable,inactive,blocked,not_applicable,L10;L11;L17,L10;L11;L17,accessibility_review_status:pending;content_review_status:pending;last_reviewed:missing;originality_review_status:pending;research_gap:RG-M6A-001:open;research_review_status:internal_sources_only_external_review_required;safety_review_status:pending_specialist_expansion_review;sources:incomplete;specialist_review:missing
12.11,Substances and altered states,12,"Physical Health, Fitness, and Embodiment",draft,PRACTICE-COMP-1211-SUBSTANCES-AND-ALTERED-STATES-01,0.1.0,data/practices/protocols/12/PRACTICE-COMP-1211-SUBSTANCES-AND-ALTERED-STATES-01.yaml,8871e0ea59e22e92dab268c9ffcbbd43ee8522ca171195753cbded2064303a8d,PF-SAFETY-PREPARATION,RISK-HIGH,none,false,pending_specialist_expansion_review,SP-NON-SCORED-REFLECTION,not_applicable,inactive,blocked,not_applicable,L03;L09;L17;L20,L03;L09;L17;L20,accessibility_review_status:pending;content_review_status:pending;last_reviewed:missing;originality_review_status:pending;research_gap:RG-M6A-001:open;research_review_status:internal_sources_only_external_review_required;safety_review_status:pending_specialist_expansion_review;sources:incomplete;specialist_review:missing
12.12,Bodily autonomy and personal boundaries,12,"Physical Health, Fitness, and Embodiment",draft,PRACTICE-COMP-1212-BODILY-AUTONOMY-AND-PERSONAL-BOUNDARIES-01,0.1.0,data/practices/protocols/12/PRACTICE-COMP-1212-BODILY-AUTONOMY-AND-PERSONAL-BOUNDARIES-01.yaml,2bcd930b8e4139f18e1418eb2d230f51c2efc5736e36f770aad1f3d8de663e03,PF-QUALIFIED-CONSULTATION,RISK-HIGH,none,false,pending_specialist_expansion_review,SP-NON-SCORED-REFLECTION,not_applicable,inactive,blocked,not_applicable,L17;L25;L27;L31,L17;L25;L27;L31,accessibility_review_status:pending;content_review_status:pending;last_reviewed:missing;originality_review_status:pending;research_gap:RG-M6A-001:open;research_review_status:internal_sources_only_external_review_required;safety_review_status:pending_specialist_expansion_review;sources:incomplete;specialist_review:missing
12.13,"Grooming, dress, and presentation",12,"Physical Health, Fitness, and Embodiment",draft,PRACTICE-COMP-1213-GROOMING-DRESS-AND-PRESENTATION-01,0.1.0,data/practices/protocols/12/PRACTICE-COMP-1213-GROOMING-DRESS-AND-PRESENTATION-01.yaml,86ca7c103b9c67db44b167f2bb0d80cc5011237be6d2c3aa530cd173f9c2d489,PF-QUALIFIED-CONSULTATION,RISK-HIGH,none,false,pending_specialist_expansion_review,SP-NON-SCORED-REFLECTION,not_applicable,inactive,blocked,not_applicable,L16;L17;L23;L32,L16;L17;L23;L32,accessibility_review_status:pending;content_review_status:pending;last_reviewed:missing;originality_review_status:pending;research_gap:RG-M6A-001:open;research_review_status:internal_sources_only_external_review_required;safety_review_status:pending_specialist_expansion_review;sources:incomplete;specialist_review:missing
12.14,Functional aging and lifelong movement,12,"Physical Health, Fitness, and Embodiment",draft,PRACTICE-COMP-1214-FUNCTIONAL-AGING-AND-LIFELONG-MOVEMENT-01,0.1.0,data/practices/protocols/12/PRACTICE-COMP-1214-FUNCTIONAL-AGING-AND-LIFELONG-MOVEMENT-01.yaml,2cf576f45b581933f3bb868bd86cd65ec24b57df455f315e50790b6fdba4b012,PF-QUALIFIED-CONSULTATION,RISK-HIGH,none,false,pending_specialist_expansion_review,SP-NON-SCORED-REFLECTION,not_applicable,inactive,blocked,not_applicable,L10;L17;L36,L10;L17;L36,accessibility_review_status:pending;content_review_status:pending;last_reviewed:missing;originality_review_status:pending;research_gap:RG-M6A-001:open;research_review_status:internal_sources_only_external_review_required;safety_review_status:pending_specialist_expansion_review;sources:incomplete;specialist_review:missing
12.15,Adaptive movement and fitness,12,"Physical Health, Fitness, and Embodiment",draft,PRACTICE-COMP-1215-ADAPTIVE-MOVEMENT-AND-FITNESS-01,0.1.0,data/practices/protocols/12/PRACTICE-COMP-1215-ADAPTIVE-MOVEMENT-AND-FITNESS-01.yaml,398b0e6ffe7647fa6194a906bfa817cc83f2d28ebe06cd5c4cd0419c4003f15b,PF-QUALIFIED-CONSULTATION,RISK-HIGH,none,false,pending_specialist_expansion_review,SP-NON-SCORED-REFLECTION,not_applicable,inactive,blocked,not_applicable,L05;L11;L17;L31,L05;L11;L17;L31,accessibility_review_status:pending;content_review_status:pending;last_reviewed:missing;originality_review_status:pending;research_gap:RG-M6A-001:open;research_review_status:internal_sources_only_external_review_required;safety_review_status:pending_specialist_expansion_review;sources:incomplete;specialist_review:missing
12.16,Pain literacy and safe response,12,"Physical Health, Fitness, and Embodiment",draft,PRACTICE-COMP-1216-PAIN-LITERACY-AND-SAFE-RESPONSE-01,0.1.0,data/practices/protocols/12/PRACTICE-COMP-1216-PAIN-LITERACY-AND-SAFE-RESPONSE-01.yaml,63e919f93e4327b3228219196db6dc83efca1a9a937cdb3e75fb1a2bea90b0f4,PF-QUALIFIED-CONSULTATION,RISK-HIGH,none,false,pending_specialist_expansion_review,SP-NON-SCORED-REFLECTION,not_applicable,inactive,blocked,not_applicable,L07;L13;L17;L20,L07;L13;L17;L20,accessibility_review_status:pending;content_review_status:pending;last_reviewed:missing;originality_review_status:pending;research_gap:RG-M6A-001:open;research_review_status:internal_sources_only_external_review_required;safety_review_status:pending_specialist_expansion_review;sources:incomplete;specialist_review:missing
13.01,Independent-living administration,13,"Domestic Competence, Infrastructure, and Material Life",draft,PRACTICE-COMP-1301-INDEPENDENT-LIVING-ADMINISTRATION-01,0.1.0,data/practices/protocols/13/PRACTICE-COMP-1301-INDEPENDENT-LIVING-ADMINISTRATION-01.yaml,36d6113a698514ae27a8bcfbfc4597495378c784abc5fff245cb91ecd1c8dda6,PF-LONGITUDINAL-REVIEW,RISK-MODERATE,none,false,pending,SP-SHADOW-ONLY,not_started,inactive,blocked,not_applicable,L10;L18;L21,L10;L18;L21,accessibility_review_status:pending;content_review_status:pending;last_reviewed:missing;originality_review_status:pending;research_gap:RG-M6A-001:open;research_review_status:internal_sources_only_external_review_required;safety_review_status:pending;sources:incomplete;specialist_review:missing
13.02,Home organization and maintenance systems,13,"Domestic Competence, Infrastructure, and Material Life",draft,PRACTICE-HOME-UPKEEP-SYSTEM-01,1.0.0,data/practices/protocols/13/PRACTICE-HOME-UPKEEP-SYSTEM-01.yaml,6a1c456814c366df0d282c8b22616c4dd9fc6029296579509a13f312b43aee8f,PF-AUDIT-REDESIGN,RISK-LOW,none,false,pending_specialist_expansion_review,SP-SHADOW-ONLY,passed,inactive,blocked,not_applicable,L10;L18;L36,L18,accessibility_review_status:pending;content_review_status:pending;last_reviewed:missing;originality_review_status:pending;research_gap:RG-M6A-001:open;research_gap:RG-M6D-004:open;research_review_status:pending;safety_review_status:pending_specialist_expansion_review;sources:incomplete
13.03,"Cleaning, sanitation, and waste",13,"Domestic Competence, Infrastructure, and Material Life",draft,PRACTICE-COMP-1303-CLEANING-SANITATION-AND-WASTE-01,0.1.0,data/practices/protocols/13/PRACTICE-COMP-1303-CLEANING-SANITATION-AND-WASTE-01.yaml,d91a3783823e6d37d51152970bd7c670e8f9b0f8f90ebb49032157a6a0bfc32e,PF-SKILL-REHEARSAL,RISK-MODERATE,none,false,pending,SP-SHADOW-ONLY,not_started,inactive,blocked,not_applicable,L10;L17;L18,L10;L17;L18,accessibility_review_status:pending;content_review_status:pending;last_reviewed:missing;originality_review_status:pending;research_gap:RG-M6A-001:open;research_review_status:internal_sources_only_external_review_required;safety_review_status:pending;sources:incomplete;specialist_review:missing
13.04,Laundry and clothing care,13,"Domestic Competence, Infrastructure, and Material Life",draft,PRACTICE-COMP-1304-LAUNDRY-AND-CLOTHING-CARE-01,0.1.0,data/practices/protocols/13/PRACTICE-COMP-1304-LAUNDRY-AND-CLOTHING-CARE-01.yaml,5b7e3e815781ca6934cbcccc0c9e60fb318ae748b1acffb8e2776eb1a4450dac,PF-SKILL-REHEARSAL,RISK-MODERATE,none,false,pending,SP-SHADOW-ONLY,not_started,inactive,blocked,not_applicable,L10;L18,L10;L18,accessibility_review_status:pending;content_review_status:pending;last_reviewed:missing;originality_review_status:pending;research_gap:RG-M6A-001:open;research_review_status:internal_sources_only_external_review_required;safety_review_status:pending;sources:incomplete;specialist_review:missing
13.05,Cooking fundamentals,13,"Domestic Competence, Infrastructure, and Material Life",draft,PRACTICE-COMP-1305-COOKING-FUNDAMENTALS-01,0.1.0,data/practices/protocols/13/PRACTICE-COMP-1305-COOKING-FUNDAMENTALS-01.yaml,bc5b53038ff247099cdac9cb3eabd915a1a50f2c9162274cf79d3c13c0aa934b,PF-LONGITUDINAL-REVIEW,RISK-MODERATE,none,false,pending,SP-SHADOW-ONLY,not_started,inactive,blocked,not_applicable,L16;L17;L18,L16;L17;L18,accessibility_review_status:pending;content_review_status:pending;last_reviewed:missing;originality_review_status:pending;research_gap:RG-M6A-001:open;research_review_status:internal_sources_only_external_review_required;safety_review_status:pending;sources:incomplete;specialist_review:missing
13.06,Baking and food chemistry,13,"Domestic Competence, Infrastructure, and Material Life",draft,PRACTICE-COMP-1306-BAKING-AND-FOOD-CHEMISTRY-01,0.1.0,data/practices/protocols/13/PRACTICE-COMP-1306-BAKING-AND-FOOD-CHEMISTRY-01.yaml,1af9b4bdfbb5e0051f239b39a4469110cc2e00cd88c34892400993fa5acab59e,PF-SKILL-REHEARSAL,RISK-MODERATE,none,false,pending,SP-SHADOW-ONLY,not_started,inactive,blocked,not_applicable,L15;L16;L18,L15;L16;L18,accessibility_review_status:pending;content_review_status:pending;last_reviewed:missing;originality_review_status:pending;research_gap:RG-M6A-001:open;research_review_status:internal_sources_only_external_review_required;safety_review_status:pending;sources:incomplete;specialist_review:missing
13.07,"Meal planning, shopping, and food storage",13,"Domestic Competence, Infrastructure, and Material Life",draft,PRACTICE-COMP-1307-MEAL-PLANNING-SHOPPING-AND-FOOD-STORAGE-01,0.1.0,data/practices/protocols/13/PRACTICE-COMP-1307-MEAL-PLANNING-SHOPPING-AND-FOOD-STORAGE-01.yaml,67ccd87aa546d8b420ed431e0572ba31a58d7942e3d195eb0940e34c713067aa,PF-SKILL-REHEARSAL,RISK-MODERATE,none,false,pending,SP-SHADOW-ONLY,not_started,inactive,blocked,not_applicable,L17;L18;L21,L17;L18;L21,accessibility_review_status:pending;content_review_status:pending;last_reviewed:missing;originality_review_status:pending;research_gap:RG-M6A-001:open;research_review_status:internal_sources_only_external_review_required;safety_review_status:pending;sources:incomplete;specialist_review:missing
13.08,Basic tools and household repair,13,"Domestic Competence, Infrastructure, and Material Life",draft,PRACTICE-COMP-1308-BASIC-TOOLS-AND-HOUSEHOLD-REPAIR-01,0.1.0,data/practices/protocols/13/PRACTICE-COMP-1308-BASIC-TOOLS-AND-HOUSEHOLD-REPAIR-01.yaml,6270cc520cea9e0d9f40936cc485f4182f15f4ce5a51ef55f26fa69dbe1e0beb,PF-RELATIONAL-CONVERSATION,RISK-MODERATE,none,false,pending,SP-SHADOW-ONLY,not_started,inactive,blocked,not_applicable,L15;L18;L20,L15;L18;L20,accessibility_review_status:pending;content_review_status:pending;last_reviewed:missing;originality_review_status:pending;research_gap:RG-M6A-001:open;research_review_status:internal_sources_only_external_review_required;safety_review_status:pending;sources:incomplete;specialist_review:missing
13.09,Mechanical and vehicle literacy,13,"Domestic Competence, Infrastructure, and Material Life",draft,PRACTICE-COMP-1309-MECHANICAL-AND-VEHICLE-LITERACY-01,0.1.0,data/practices/protocols/13/PRACTICE-COMP-1309-MECHANICAL-AND-VEHICLE-LITERACY-01.yaml,717011fdb2280e4abcae894bfcac725e48567d997c5ecfbfe0f6a2f8f5ee7131,PF-SKILL-REHEARSAL,RISK-MODERATE,none,false,pending,SP-SHADOW-ONLY,not_started,inactive,blocked,not_applicable,L15;L18;L20,L15;L18;L20,accessibility_review_status:pending;content_review_status:pending;last_reviewed:missing;originality_review_status:pending;research_gap:RG-M6A-001:open;research_review_status:internal_sources_only_external_review_required;safety_review_status:pending;sources:incomplete;specialist_review:missing
13.10,Utilities and household systems,13,"Domestic Competence, Infrastructure, and Material Life",draft,PRACTICE-COMP-1310-UTILITIES-AND-HOUSEHOLD-SYSTEMS-01,0.1.0,data/practices/protocols/13/PRACTICE-COMP-1310-UTILITIES-AND-HOUSEHOLD-SYSTEMS-01.yaml,01c4e538a4be0a5b8cacfb2eda5293f3a8c786cf650a0168ebd1f21946541aff,PF-SKILL-REHEARSAL,RISK-MODERATE,none,false,pending,SP-SHADOW-ONLY,not_started,inactive,blocked,not_applicable,L14;L18;L20,L14;L18;L20,accessibility_review_status:pending;content_review_status:pending;last_reviewed:missing;originality_review_status:pending;research_gap:RG-M6A-001:open;research_review_status:internal_sources_only_external_review_required;safety_review_status:pending;sources:incomplete;specialist_review:missing
13.11,Gardening and plant care,13,"Domestic Competence, Infrastructure, and Material Life",draft,PRACTICE-COMP-1311-GARDENING-AND-PLANT-CARE-01,0.1.0,data/practices/protocols/13/PRACTICE-COMP-1311-GARDENING-AND-PLANT-CARE-01.yaml,759d627f6a7678d5cee9302cf12da201278c76c27df0270a9c0828545f310e00,PF-LONGITUDINAL-REVIEW,RISK-MODERATE,none,false,pending,SP-SHADOW-ONLY,not_started,inactive,blocked,not_applicable,L16;L17;L18;L35,L16;L17;L18;L35,accessibility_review_status:pending;content_review_status:pending;last_reviewed:missing;originality_review_status:pending;research_gap:RG-M6A-001:open;research_review_status:internal_sources_only_external_review_required;safety_review_status:pending;sources:incomplete;specialist_review:missing
13.12,Resource maintenance and repair culture,13,"Domestic Competence, Infrastructure, and Material Life",draft,PRACTICE-COMP-1312-RESOURCE-MAINTENANCE-AND-REPAIR-CULTURE-01,0.1.0,data/practices/protocols/13/PRACTICE-COMP-1312-RESOURCE-MAINTENANCE-AND-REPAIR-CULTURE-01.yaml,fb09b0f01f31e75ddbfa66586aa8d729762f09ed6ecb556844b9a36a8ebbe36c,PF-RELATIONAL-CONVERSATION,RISK-MODERATE,none,false,pending,SP-SHADOW-ONLY,not_started,inactive,blocked,not_applicable,L18;L21;L32;L35,L18;L21;L32;L35,accessibility_review_status:pending;content_review_status:pending;last_reviewed:missing;originality_review_status:pending;research_gap:RG-M6A-001:open;research_review_status:internal_sources_only_external_review_required;safety_review_status:pending;sources:incomplete;specialist_review:missing
13.13,Hospitality and a functional living environment,13,"Domestic Competence, Infrastructure, and Material Life",draft,PRACTICE-COMP-1313-HOSPITALITY-AND-A-FUNCTIONAL-LIVING-ENVIRONMENT-01,0.1.0,data/practices/protocols/13/PRACTICE-COMP-1313-HOSPITALITY-AND-A-FUNCTIONAL-LIVING-ENVIRONMENT-01.yaml,9ffbf1257e869b4d93d65cadab2258497e258d53596cd0ae48c751470983dd69,PF-RELATIONAL-CONVERSATION,RISK-MODERATE,none,false,pending,SP-SHADOW-ONLY,not_started,inactive,blocked,not_applicable,L16;L18;L24;L26,L16;L18;L24;L26,accessibility_review_status:pending;content_review_status:pending;last_reviewed:missing;originality_review_status:pending;research_gap:RG-M6A-001:open;research_review_status:internal_sources_only_external_review_required;safety_review_status:pending;sources:incomplete;specialist_review:missing
13.14,"Housing, tenancy, and basic property literacy",13,"Domestic Competence, Infrastructure, and Material Life",draft,PRACTICE-COMP-1314-HOUSING-TENANCY-AND-BASIC-PROPERTY-LITERACY-01,0.1.0,data/practices/protocols/13/PRACTICE-COMP-1314-HOUSING-TENANCY-AND-BASIC-PROPERTY-LITERACY-01.yaml,9ac90a80ca9e634152cff82c7b5fe4bf689edeba4f565de11de4faebad275208,PF-LONGITUDINAL-REVIEW,RISK-MODERATE,none,false,pending,SP-SHADOW-ONLY,not_started,inactive,blocked,not_applicable,L18;L20;L21;L31,L18;L20;L21;L31,accessibility_review_status:pending;content_review_status:pending;last_reviewed:missing;originality_review_status:pending;research_gap:RG-M6A-001:open;research_review_status:internal_sources_only_external_review_required;safety_review_status:pending;sources:incomplete;specialist_review:missing
13.15,Domestic life under scarcity or instability,13,"Domestic Competence, Infrastructure, and Material Life",draft,PRACTICE-COMP-1315-DOMESTIC-LIFE-UNDER-SCARCITY-OR-INSTABILITY-01,0.1.0,data/practices/protocols/13/PRACTICE-COMP-1315-DOMESTIC-LIFE-UNDER-SCARCITY-OR-INSTABILITY-01.yaml,437c0e502c4a25f6c2ae090088dbde70021423df93af20a5b725757b4c162cd6,PF-SKILL-REHEARSAL,RISK-MODERATE,none,false,pending,SP-SHADOW-ONLY,not_started,inactive,blocked,not_applicable,L11;L18;L20;L21,L11;L18;L20;L21,accessibility_review_status:pending;content_review_status:pending;last_reviewed:missing;originality_review_status:pending;research_gap:RG-M6A-001:open;research_review_status:internal_sources_only_external_review_required;safety_review_status:pending;sources:incomplete;specialist_review:missing
13.16,Accessibility and adaptable home design,13,"Domestic Competence, Infrastructure, and Material Life",draft,PRACTICE-COMP-1316-ACCESSIBILITY-AND-ADAPTABLE-HOME-DESIGN-01,0.1.0,data/practices/protocols/13/PRACTICE-COMP-1316-ACCESSIBILITY-AND-ADAPTABLE-HOME-DESIGN-01.yaml,0d59b09f0bff18c4d6081d4afe725bc38da931ea092149c2b6f1066dc72a3d36,PF-RELATIONAL-CONVERSATION,RISK-MODERATE,none,false,pending,SP-SHADOW-ONLY,not_started,inactive,blocked,not_applicable,L17;L18;L28;L31,L17;L18;L28;L31,accessibility_review_status:pending;content_review_status:pending;last_reviewed:missing;originality_review_status:pending;research_gap:RG-M6A-001:open;research_review_status:internal_sources_only_external_review_required;safety_review_status:pending;sources:incomplete;specialist_review:missing
14.01,Digital and media self-governance,14,"Digital Life, Media, AI, and Information Security",draft,PRACTICE-COMP-1401-DIGITAL-AND-MEDIA-SELF-GOVERNANCE-01,0.1.0,data/practices/protocols/14/PRACTICE-COMP-1401-DIGITAL-AND-MEDIA-SELF-GOVERNANCE-01.yaml,65973d44b15a172d244078a89d496e7237270e4a107a823b5bccc8be0e94fa00,PF-SKILL-REHEARSAL,RISK-MODERATE,none,false,pending,SP-SHADOW-ONLY,not_started,inactive,blocked,not_applicable,L08;L09;L10;L19,L08;L09;L10;L19,accessibility_review_status:pending;content_review_status:pending;last_reviewed:missing;originality_review_status:pending;research_gap:RG-M6A-001:open;research_review_status:internal_sources_only_external_review_required;safety_review_status:pending;sources:incomplete;specialist_review:missing
14.02,Digital competence and data hygiene,14,"Digital Life, Media, AI, and Information Security",draft,PRACTICE-COMP-1402-DIGITAL-COMPETENCE-AND-DATA-HYGIENE-01,0.1.0,data/practices/protocols/14/PRACTICE-COMP-1402-DIGITAL-COMPETENCE-AND-DATA-HYGIENE-01.yaml,cbfceb847c6a873be75361c46fe1a35f4e63cd439e7a33095e21ae1eaef868ac,PF-SKILL-REHEARSAL,RISK-MODERATE,none,false,pending,SP-SHADOW-ONLY,not_started,inactive,blocked,not_applicable,L10;L15;L19,L10;L15;L19,accessibility_review_status:pending;content_review_status:pending;last_reviewed:missing;originality_review_status:pending;research_gap:RG-M6A-001:open;research_review_status:internal_sources_only_external_review_required;safety_review_status:pending;sources:incomplete;specialist_review:missing
14.03,"Digital identity, privacy, and data rights",14,"Digital Life, Media, AI, and Information Security",draft,PRACTICE-COMP-1403-DIGITAL-IDENTITY-PRIVACY-AND-DATA-RIGHTS-01,0.1.0,data/practices/protocols/14/PRACTICE-COMP-1403-DIGITAL-IDENTITY-PRIVACY-AND-DATA-RIGHTS-01.yaml,37459e637fc59873658e7299aad4cc180dea356dc873b825607219a21b1db42b,PF-QUALIFIED-CONSULTATION,RISK-HIGH,none,false,pending_specialist_expansion_review,SP-NON-SCORED-REFLECTION,not_applicable,inactive,blocked,not_applicable,L19;L20;L31,L19;L20;L31,accessibility_review_status:pending;content_review_status:pending;last_reviewed:missing;originality_review_status:pending;research_gap:RG-M6A-001:open;research_review_status:internal_sources_only_external_review_required;safety_review_status:pending_specialist_expansion_review;sources:incomplete;specialist_review:missing
14.04,Cybersecurity and account resilience,14,"Digital Life, Media, AI, and Information Security",draft,PRACTICE-COMP-1404-CYBERSECURITY-AND-ACCOUNT-RESILIENCE-01,0.1.0,data/practices/protocols/14/PRACTICE-COMP-1404-CYBERSECURITY-AND-ACCOUNT-RESILIENCE-01.yaml,af67f3e8feb1fd675d9616fed55cf9d0c88e60f8e1439210c5286ecd7e7f231c,PF-SKILL-REHEARSAL,RISK-MODERATE,none,false,pending,SP-SHADOW-ONLY,not_started,inactive,blocked,not_applicable,L10;L19;L20,L10;L19;L20,accessibility_review_status:pending;content_review_status:pending;last_reviewed:missing;originality_review_status:pending;research_gap:RG-M6A-001:open;research_review_status:internal_sources_only_external_review_required;safety_review_status:pending;sources:incomplete;specialist_review:missing
14.05,"Online fraud, scams, and social engineering",14,"Digital Life, Media, AI, and Information Security",draft,PRACTICE-COMP-1405-ONLINE-FRAUD-SCAMS-AND-SOCIAL-ENGINEERING-01,0.1.0,data/practices/protocols/14/PRACTICE-COMP-1405-ONLINE-FRAUD-SCAMS-AND-SOCIAL-ENGINEERING-01.yaml,2edd35333f57c9f43c6d2119466c41f0dcffceaf579af39473111529c1a7da32,PF-SKILL-REHEARSAL,RISK-MODERATE,none,false,pending,SP-SHADOW-ONLY,not_started,inactive,blocked,not_applicable,L13;L19;L20;L24,L13;L19;L20;L24,accessibility_review_status:pending;content_review_status:pending;last_reviewed:missing;originality_review_status:pending;research_gap:RG-M6A-001:open;research_review_status:internal_sources_only_external_review_required;safety_review_status:pending;sources:incomplete;specialist_review:missing
14.06,Algorithmic feeds and persuasive design,14,"Digital Life, Media, AI, and Information Security",draft,PRACTICE-COMP-1406-ALGORITHMIC-FEEDS-AND-PERSUASIVE-DESIGN-01,0.1.0,data/practices/protocols/14/PRACTICE-COMP-1406-ALGORITHMIC-FEEDS-AND-PERSUASIVE-DESIGN-01.yaml,c408fb875d83f790e400d2fa189d859e9e7491be8722b216a22cf9b46ac28dc6,PF-SKILL-REHEARSAL,RISK-MODERATE,none,false,pending,SP-SHADOW-ONLY,not_started,inactive,blocked,not_applicable,L08;L09;L13;L19,L08;L09;L13;L19,accessibility_review_status:pending;content_review_status:pending;last_reviewed:missing;originality_review_status:pending;research_gap:RG-M6A-001:open;research_review_status:internal_sources_only_external_review_required;safety_review_status:pending;sources:incomplete;specialist_review:missing
14.07,AI literacy and appropriate use,14,"Digital Life, Media, AI, and Information Security",draft,PRACTICE-COMP-1407-AI-LITERACY-AND-APPROPRIATE-USE-01,0.1.0,data/practices/protocols/14/PRACTICE-COMP-1407-AI-LITERACY-AND-APPROPRIATE-USE-01.yaml,ed0e67e2def613ac50727700712e14131527c3b8139650ef8df9fdee559a9d8c,PF-SKILL-REHEARSAL,RISK-MODERATE,none,false,pending,SP-SHADOW-ONLY,not_started,inactive,blocked,not_applicable,L02;L13;L15;L19,L02;L13;L15;L19,accessibility_review_status:pending;content_review_status:pending;last_reviewed:missing;originality_review_status:pending;research_gap:RG-M6A-001:open;research_review_status:internal_sources_only_external_review_required;safety_review_status:pending;sources:incomplete;specialist_review:missing
14.08,"Synthetic media, deepfakes, and provenance",14,"Digital Life, Media, AI, and Information Security",draft,PRACTICE-COMP-1408-SYNTHETIC-MEDIA-DEEPFAKES-AND-PROVENANCE-01,0.1.0,data/practices/protocols/14/PRACTICE-COMP-1408-SYNTHETIC-MEDIA-DEEPFAKES-AND-PROVENANCE-01.yaml,0d2a86a94a6bab02542c120f0d94146db8b0e545e1c5487fc4a45273a69ba94c,PF-SKILL-REHEARSAL,RISK-MODERATE,none,false,pending,SP-SHADOW-ONLY,not_started,inactive,blocked,not_applicable,L13;L19;L31,L13;L19;L31,accessibility_review_status:pending;content_review_status:pending;last_reviewed:missing;originality_review_status:pending;research_gap:RG-M6A-001:open;research_review_status:internal_sources_only_external_review_required;safety_review_status:pending;sources:incomplete;specialist_review:missing
14.09,Digital information verification,14,"Digital Life, Media, AI, and Information Security",draft,PRACTICE-COMP-1409-DIGITAL-INFORMATION-VERIFICATION-01,0.1.0,data/practices/protocols/14/PRACTICE-COMP-1409-DIGITAL-INFORMATION-VERIFICATION-01.yaml,82157dca9088363b90abd9f28e28b436bc9eb254883342a32974549158bbecc6,PF-SKILL-REHEARSAL,RISK-MODERATE,none,false,pending,SP-SHADOW-ONLY,not_started,inactive,blocked,not_applicable,L12;L13;L19,L12;L13;L19,accessibility_review_status:pending;content_review_status:pending;last_reviewed:missing;originality_review_status:pending;research_gap:RG-M6A-001:open;research_review_status:internal_sources_only_external_review_required;safety_review_status:pending;sources:incomplete;specialist_review:missing
14.10,Online communication and community conduct,14,"Digital Life, Media, AI, and Information Security",draft,PRACTICE-COMP-1410-ONLINE-COMMUNICATION-AND-COMMUNITY-CONDUCT-01,0.1.0,data/practices/protocols/14/PRACTICE-COMP-1410-ONLINE-COMMUNICATION-AND-COMMUNITY-CONDUCT-01.yaml,cc8272fba82a899d718eeeced2d4fb8228bf6c3605ef4e8a88be7c5173cddea7,PF-QUALIFIED-CONSULTATION,RISK-HIGH,none,false,pending_specialist_expansion_review,SP-NON-SCORED-REFLECTION,not_applicable,inactive,blocked,not_applicable,L02;L19;L23;L31,L02;L19;L23;L31,accessibility_review_status:pending;content_review_status:pending;last_reviewed:missing;originality_review_status:pending;research_gap:RG-M6A-001:open;research_review_status:internal_sources_only_external_review_required;safety_review_status:pending_specialist_expansion_review;sources:incomplete;specialist_review:missing
14.11,"Digital creation, ownership, and attribution",14,"Digital Life, Media, AI, and Information Security",draft,PRACTICE-COMP-1411-DIGITAL-CREATION-OWNERSHIP-AND-ATTRIBUTION-01,0.1.0,data/practices/protocols/14/PRACTICE-COMP-1411-DIGITAL-CREATION-OWNERSHIP-AND-ATTRIBUTION-01.yaml,e89b3ae7a317d62549cb1aacd06419d7f3736efdc2c719f4f0ef69bf7e26d7c4,PF-SKILL-REHEARSAL,RISK-MODERATE,none,false,pending,SP-SHADOW-ONLY,not_started,inactive,blocked,not_applicable,L02;L16;L19;L31,L02;L16;L19;L31,accessibility_review_status:pending;content_review_status:pending;last_reviewed:missing;originality_review_status:pending;research_gap:RG-M6A-001:open;research_review_status:internal_sources_only_external_review_required;safety_review_status:pending;sources:incomplete;specialist_review:missing
14.12,Automation dependence and operational resilience,14,"Digital Life, Media, AI, and Information Security",draft,PRACTICE-COMP-1412-AUTOMATION-DEPENDENCE-AND-OPERATIONAL-RESILIENCE-01,0.1.0,data/practices/protocols/14/PRACTICE-COMP-1412-AUTOMATION-DEPENDENCE-AND-OPERATIONAL-RESILIENCE-01.yaml,b3890e7397523cb831b50050ce251cb7c8b679af7932a515c4b97fa5b8e1361a,PF-SKILL-REHEARSAL,RISK-MODERATE,none,false,pending,SP-SHADOW-ONLY,not_started,inactive,blocked,not_applicable,L11;L18;L19;L20,L11;L18;L19;L20,accessibility_review_status:pending;content_review_status:pending;last_reviewed:missing;originality_review_status:pending;research_gap:RG-M6A-001:open;research_review_status:internal_sources_only_external_review_required;safety_review_status:pending;sources:incomplete;specialist_review:missing
14.13,Digital citizenship and platform governance,14,"Digital Life, Media, AI, and Information Security",draft,PRACTICE-COMP-1413-DIGITAL-CITIZENSHIP-AND-PLATFORM-GOVERNANCE-01,0.1.0,data/practices/protocols/14/PRACTICE-COMP-1413-DIGITAL-CITIZENSHIP-AND-PLATFORM-GOVERNANCE-01.yaml,3d60cf57710c892d858ab036ae95edfbe663363ceb947dd6d562ba9faedd7fc9,PF-COMMUNITY-CONTRIBUTION,RISK-MODERATE,none,false,pending,SP-SHADOW-ONLY,not_started,inactive,blocked,not_applicable,L19;L30;L31;L33,L19;L30;L31;L33,accessibility_review_status:pending;content_review_status:pending;last_reviewed:missing;originality_review_status:pending;research_gap:RG-M6A-001:open;research_review_status:internal_sources_only_external_review_required;safety_review_status:pending;sources:incomplete;specialist_review:missing
15.01,"First aid, CPR, and emergency response",15,"Safety, Preparedness, Risk, and Mutual Aid",draft,PRACTICE-COMP-1501-FIRST-AID-CPR-AND-EMERGENCY-RESPONSE-01,0.1.0,data/practices/protocols/15/PRACTICE-COMP-1501-FIRST-AID-CPR-AND-EMERGENCY-RESPONSE-01.yaml,04cdecad316c0d5a7dd0fc661829b151e0bd7e2a5e1d8ead5de31f45ab3a0eb2,PF-SAFETY-PREPARATION,RISK-HIGH,none,false,pending_specialist_expansion_review,SP-NON-SCORED-REFLECTION,not_applicable,inactive,blocked,not_applicable,L17;L20;L28,L17;L20;L28,accessibility_review_status:pending;content_review_status:pending;last_reviewed:missing;originality_review_status:pending;research_gap:RG-M6A-001:open;research_review_status:internal_sources_only_external_review_required;safety_review_status:pending_specialist_expansion_review;sources:incomplete;specialist_review:missing
15.02,Household emergency planning,15,"Safety, Preparedness, Risk, and Mutual Aid",draft,PRACTICE-COMP-1502-HOUSEHOLD-EMERGENCY-PLANNING-01,0.1.0,data/practices/protocols/15/PRACTICE-COMP-1502-HOUSEHOLD-EMERGENCY-PLANNING-01.yaml,4a501a3b566065546a5ac3c118b00c2b5c13c4c6a5496df2be74d903f4c943f5,PF-SAFETY-PREPARATION,RISK-HIGH,none,false,pending_specialist_expansion_review,SP-NON-SCORED-REFLECTION,not_applicable,inactive,blocked,not_applicable,L18;L20;L28,L18;L20;L28,accessibility_review_status:pending;content_review_status:pending;last_reviewed:missing;originality_review_status:pending;research_gap:RG-M6A-001:open;research_review_status:internal_sources_only_external_review_required;safety_review_status:pending_specialist_expansion_review;sources:incomplete;specialist_review:missing
15.03,Situational awareness,15,"Safety, Preparedness, Risk, and Mutual Aid",draft,PRACTICE-COMP-1503-SITUATIONAL-AWARENESS-01,0.1.0,data/practices/protocols/15/PRACTICE-COMP-1503-SITUATIONAL-AWARENESS-01.yaml,096f9a4bd9030885c305d85e1ce3677d10379f1a49578081cbf616e1aba13138,PF-QUALIFIED-CONSULTATION,RISK-HIGH,none,false,pending_specialist_expansion_review,SP-NON-SCORED-REFLECTION,not_applicable,inactive,blocked,not_applicable,L08;L20;L24,L08;L20;L24,accessibility_review_status:pending;content_review_status:pending;last_reviewed:missing;originality_review_status:pending;research_gap:RG-M6A-001:open;research_review_status:internal_sources_only_external_review_required;safety_review_status:pending_specialist_expansion_review;sources:incomplete;specialist_review:missing
15.04,Personal safety and de-escalation,15,"Safety, Preparedness, Risk, and Mutual Aid",draft,PRACTICE-COMP-1504-PERSONAL-SAFETY-AND-DE-ESCALATION-01,0.1.0,data/practices/protocols/15/PRACTICE-COMP-1504-PERSONAL-SAFETY-AND-DE-ESCALATION-01.yaml,4cc594ec66fd583b6bd7b2867d86f017169d8f87a91d6da826bf653c14fec374,PF-SAFETY-PREPARATION,RISK-HIGH,none,false,pending_specialist_expansion_review,SP-NON-SCORED-REFLECTION,not_applicable,inactive,blocked,not_applicable,L20;L23;L25;L29,L20;L23;L25;L29,accessibility_review_status:pending;content_review_status:pending;last_reviewed:missing;originality_review_status:pending;research_gap:RG-M6A-001:open;research_review_status:internal_sources_only_external_review_required;safety_review_status:pending_specialist_expansion_review;sources:incomplete;specialist_review:missing
15.05,Self-protection and lawful force,15,"Safety, Preparedness, Risk, and Mutual Aid",draft,PRACTICE-COMP-1505-SELF-PROTECTION-AND-LAWFUL-FORCE-01,0.1.0,data/practices/protocols/15/PRACTICE-COMP-1505-SELF-PROTECTION-AND-LAWFUL-FORCE-01.yaml,197aec55a38b0a25abb4d1008c61a91a646144eb0c40f59cb9cb61a816b76770,PF-QUALIFIED-CONSULTATION,RISK-HIGH,none,false,pending_specialist_expansion_review,SP-NON-SCORED-REFLECTION,not_applicable,inactive,blocked,not_applicable,L09;L20;L25;L31,L09;L20;L25;L31,accessibility_review_status:pending;content_review_status:pending;last_reviewed:missing;originality_review_status:pending;research_gap:RG-M6A-001:open;research_review_status:internal_sources_only_external_review_required;safety_review_status:pending_specialist_expansion_review;sources:incomplete;specialist_review:missing
15.06,Outdoor survival fundamentals,15,"Safety, Preparedness, Risk, and Mutual Aid",draft,PRACTICE-COMP-1506-OUTDOOR-SURVIVAL-FUNDAMENTALS-01,0.1.0,data/practices/protocols/15/PRACTICE-COMP-1506-OUTDOOR-SURVIVAL-FUNDAMENTALS-01.yaml,72bd1ad03b123dafa728ecaff418cb331684f2842c9ea5feb21e5cb89c1a9369,PF-SAFETY-PREPARATION,RISK-HIGH,none,false,pending_specialist_expansion_review,SP-NON-SCORED-REFLECTION,not_applicable,inactive,blocked,not_applicable,L17;L20;L35,L17;L20;L35,accessibility_review_status:pending;content_review_status:pending;last_reviewed:missing;originality_review_status:pending;research_gap:RG-M6A-001:open;research_review_status:internal_sources_only_external_review_required;safety_review_status:pending_specialist_expansion_review;sources:incomplete;specialist_review:missing
15.07,Water competence and rescue awareness,15,"Safety, Preparedness, Risk, and Mutual Aid",draft,PRACTICE-COMP-1507-WATER-COMPETENCE-AND-RESCUE-AWARENESS-01,0.1.0,data/practices/protocols/15/PRACTICE-COMP-1507-WATER-COMPETENCE-AND-RESCUE-AWARENESS-01.yaml,4c9dfab3dd441e8b9fd2336ea050e49176abcbba48ce2a0d859aca9c3174a2c0,PF-SAFETY-PREPARATION,RISK-HIGH,none,false,pending_specialist_expansion_review,SP-NON-SCORED-REFLECTION,not_applicable,inactive,blocked,not_applicable,L17;L20;L28,L17;L20;L28,accessibility_review_status:pending;content_review_status:pending;last_reviewed:missing;originality_review_status:pending;research_gap:RG-M6A-001:open;research_review_status:internal_sources_only_external_review_required;safety_review_status:pending_specialist_expansion_review;sources:incomplete;specialist_review:missing
15.08,Travel and unfamiliar-environment safety,15,"Safety, Preparedness, Risk, and Mutual Aid",draft,PRACTICE-COMP-1508-TRAVEL-AND-UNFAMILIAR-ENVIRONMENT-SAFETY-01,0.1.0,data/practices/protocols/15/PRACTICE-COMP-1508-TRAVEL-AND-UNFAMILIAR-ENVIRONMENT-SAFETY-01.yaml,70112ed30aae718505f4468586e136385497741279b2c7f88e43645ec29eb5c9,PF-SAFETY-PREPARATION,RISK-HIGH,none,false,pending_specialist_expansion_review,SP-NON-SCORED-REFLECTION,not_applicable,inactive,blocked,not_applicable,L11;L20;L24;L35,L11;L20;L24;L35,accessibility_review_status:pending;content_review_status:pending;last_reviewed:missing;originality_review_status:pending;research_gap:RG-M6A-001:open;research_review_status:internal_sources_only_external_review_required;safety_review_status:pending_specialist_expansion_review;sources:incomplete;specialist_review:missing
15.09,"Cybersecurity, fraud, and identity protection",15,"Safety, Preparedness, Risk, and Mutual Aid",draft,PRACTICE-COMP-1509-CYBERSECURITY-FRAUD-AND-IDENTITY-PROTECTION-01,0.1.0,data/practices/protocols/15/PRACTICE-COMP-1509-CYBERSECURITY-FRAUD-AND-IDENTITY-PROTECTION-01.yaml,a71d8db547db0875d6a1fe0001fea3aeb2247eba79bf52a3fd12d732c8fc5feb,PF-SAFETY-PREPARATION,RISK-HIGH,none,false,pending_specialist_expansion_review,SP-NON-SCORED-REFLECTION,not_applicable,inactive,blocked,not_applicable,L19;L20,L19;L20,accessibility_review_status:pending;content_review_status:pending;last_reviewed:missing;originality_review_status:pending;research_gap:RG-M6A-001:open;research_review_status:internal_sources_only_external_review_required;safety_review_status:pending_specialist_expansion_review;sources:incomplete;specialist_review:missing
15.10,Risk ownership and contingency thinking,15,"Safety, Preparedness, Risk, and Mutual Aid",draft,PRACTICE-COMP-1510-RISK-OWNERSHIP-AND-CONTINGENCY-THINKING-01,0.1.0,data/practices/protocols/15/PRACTICE-COMP-1510-RISK-OWNERSHIP-AND-CONTINGENCY-THINKING-01.yaml,0319edda2b71e8f146c7948e79589e35e3ca16d59434e4c2e2c55935c53ea2ff,PF-SAFETY-PREPARATION,RISK-HIGH,none,false,pending_specialist_expansion_review,SP-NON-SCORED-REFLECTION,not_applicable,inactive,blocked,not_applicable,L10;L14;L20,L10;L14;L20,accessibility_review_status:pending;content_review_status:pending;last_reviewed:missing;originality_review_status:pending;research_gap:RG-M6A-001:open;research_review_status:internal_sources_only_external_review_required;safety_review_status:pending_specialist_expansion_review;sources:incomplete;specialist_review:missing
15.11,Community disaster readiness and mutual aid,15,"Safety, Preparedness, Risk, and Mutual Aid",draft,PRACTICE-COMP-1511-COMMUNITY-DISASTER-READINESS-AND-MUTUAL-AID-01,0.1.0,data/practices/protocols/15/PRACTICE-COMP-1511-COMMUNITY-DISASTER-READINESS-AND-MUTUAL-AID-01.yaml,25266d806bcffcc65ff4d442bfe38294319715aef58e1a242d2df010f9ad5270,PF-SAFETY-PREPARATION,RISK-HIGH,none,false,pending_specialist_expansion_review,SP-NON-SCORED-REFLECTION,not_applicable,inactive,blocked,not_applicable,L20;L28;L30;L33,L20;L28;L30;L33,accessibility_review_status:pending;content_review_status:pending;last_reviewed:missing;originality_review_status:pending;research_gap:RG-M6A-001:open;research_review_status:internal_sources_only_external_review_required;safety_review_status:pending_specialist_expansion_review;sources:incomplete;specialist_review:missing
15.12,Public-health emergency competence,15,"Safety, Preparedness, Risk, and Mutual Aid",draft,PRACTICE-COMP-1512-PUBLIC-HEALTH-EMERGENCY-COMPETENCE-01,0.1.0,data/practices/protocols/15/PRACTICE-COMP-1512-PUBLIC-HEALTH-EMERGENCY-COMPETENCE-01.yaml,f89f923c9657d491d050c53d4d041f2a43a45d49984d3d674f85cc0fd01da42c,PF-SAFETY-PREPARATION,RISK-HIGH,none,false,pending_specialist_expansion_review,SP-NON-SCORED-REFLECTION,not_applicable,inactive,blocked,not_applicable,L13;L17;L20;L30,L13;L17;L20;L30,accessibility_review_status:pending;content_review_status:pending;last_reviewed:missing;originality_review_status:pending;research_gap:RG-M6A-001:open;research_review_status:internal_sources_only_external_review_required;safety_review_status:pending_specialist_expansion_review;sources:incomplete;specialist_review:missing
15.13,Bystander intervention and violence prevention,15,"Safety, Preparedness, Risk, and Mutual Aid",draft,PRACTICE-COMP-1513-BYSTANDER-INTERVENTION-AND-VIOLENCE-PREVENTION-01,0.1.0,data/practices/protocols/15/PRACTICE-COMP-1513-BYSTANDER-INTERVENTION-AND-VIOLENCE-PREVENTION-01.yaml,ee7637cf3313f47d0cd78dec0e18dc810a398f3d0ffabbb15c386c913cae1e00,PF-SAFETY-PREPARATION,RISK-HIGH,none,false,pending_specialist_expansion_review,SP-NON-SCORED-REFLECTION,not_applicable,inactive,blocked,not_applicable,L20;L25;L30;L31,L20;L25;L30;L31,accessibility_review_status:pending;content_review_status:pending;last_reviewed:missing;originality_review_status:pending;research_gap:RG-M6A-001:open;research_review_status:internal_sources_only_external_review_required;safety_review_status:pending_specialist_expansion_review;sources:incomplete;specialist_review:missing
15.14,Workplace and activity-specific safety,15,"Safety, Preparedness, Risk, and Mutual Aid",draft,PRACTICE-COMP-1514-WORKPLACE-AND-ACTIVITY-SPECIFIC-SAFETY-01,0.1.0,data/practices/protocols/15/PRACTICE-COMP-1514-WORKPLACE-AND-ACTIVITY-SPECIFIC-SAFETY-01.yaml,e4d10278c71408540937eeb3c712485af4b5198e1ddb37e1c7bedc0834be90f6,PF-SAFETY-PREPARATION,RISK-HIGH,none,false,pending_specialist_expansion_review,SP-NON-SCORED-REFLECTION,not_applicable,inactive,blocked,not_applicable,L10;L20;L32,L10;L20;L32,accessibility_review_status:pending;content_review_status:pending;last_reviewed:missing;originality_review_status:pending;research_gap:RG-M6A-001:open;research_review_status:internal_sources_only_external_review_required;safety_review_status:pending_specialist_expansion_review;sources:incomplete;specialist_review:missing
16.01,Attentive listening,16,"Communication, Rhetoric, and Social Intelligence",draft,PRACTICE-COMP-1601-ATTENTIVE-LISTENING-01,0.1.0,data/practices/protocols/16/PRACTICE-COMP-1601-ATTENTIVE-LISTENING-01.yaml,15372b6487753d025ac0cb8d59a39abdbd5cea873b044734b940c5f2ffc23597,PF-CONTEMPLATIVE-MEANING,RISK-MODERATE,none,false,pending,SP-SHADOW-ONLY,not_started,inactive,blocked,not_applicable,L23;L24,L23;L24,accessibility_review_status:pending;content_review_status:pending;last_reviewed:missing;originality_review_status:pending;research_gap:RG-M6A-001:open;research_review_status:internal_sources_only_external_review_required;safety_review_status:pending;sources:incomplete;specialist_review:missing
16.02,Clear and direct expression,16,"Communication, Rhetoric, and Social Intelligence",draft,PRACTICE-COMP-1602-CLEAR-AND-DIRECT-EXPRESSION-01,0.1.0,data/practices/protocols/16/PRACTICE-COMP-1602-CLEAR-AND-DIRECT-EXPRESSION-01.yaml,8ee0a5ac8aae7da3c59ec5753a18e579569478bbe4cf0bb087d3e16fd46b8981,PF-SKILL-REHEARSAL,RISK-MODERATE,none,false,pending,SP-SHADOW-ONLY,not_started,inactive,blocked,not_applicable,L02;L23;L25,L02;L23;L25,accessibility_review_status:pending;content_review_status:pending;last_reviewed:missing;originality_review_status:pending;research_gap:RG-M6A-001:open;research_review_status:internal_sources_only_external_review_required;safety_review_status:pending;sources:incomplete;specialist_review:missing
16.03,Nonverbal communication,16,"Communication, Rhetoric, and Social Intelligence",projected_legacy,PRACTICE-EMOTIONAL-CUES-01,1.0.0,data/practices/protocols/16/PRACTICE-EMOTIONAL-CUES-01.yaml,bca089dfacd413719aa89b1863d05b317f6d85ef3faf49eb72c18b675b3d6793,PF-SKILL-REHEARSAL,RISK-MODERATE,GG-PRACTICE-RUNTIME-PROJECTION-1.0,false,pending_specialist_expansion_review,SP-SHADOW-ONLY,not_started,inactive,blocked,existing_runtime_coverage,L05;L23;L24,L24,accessibility_review_status:pilot_boundary_reviewed_expansion_review_pending;content_review_status:frozen_runtime_behavior;expert_review:ER-M6A-001:pending;last_reviewed:missing;originality_review_status:legacy_exceptions_recorded_expansion_review_pending;research_gap:RG-M6A-001:open;research_gap:RG-M6A-005:open;research_review_status:internal_sources_only_external_review_required;safety_review_status:pending_specialist_expansion_review;sources:incomplete;specialist_review:missing;ui_test_status:existing_runtime_coverage
16.04,One-to-one and group conversation,16,"Communication, Rhetoric, and Social Intelligence",draft,PRACTICE-COMP-1604-ONE-TO-ONE-AND-GROUP-CONVERSATION-01,0.1.0,data/practices/protocols/16/PRACTICE-COMP-1604-ONE-TO-ONE-AND-GROUP-CONVERSATION-01.yaml,f415d789cf6eb195d9c52cfd597b2fbc19e49d2baf6e0f39f737223d398e326a,PF-RELATIONAL-CONVERSATION,RISK-MODERATE,none,false,pending,SP-SHADOW-ONLY,not_started,inactive,blocked,not_applicable,L23;L24;L26,L23;L24;L26,accessibility_review_status:pending;content_review_status:pending;last_reviewed:missing;originality_review_status:pending;research_gap:RG-M6A-001:open;research_review_status:internal_sources_only_external_review_required;safety_review_status:pending;sources:incomplete;specialist_review:missing
16.05,Perspective taking and empathic accuracy,16,"Communication, Rhetoric, and Social Intelligence",draft,PRACTICE-COMP-1605-PERSPECTIVE-TAKING-AND-EMPATHIC-ACCURACY-01,0.1.0,data/practices/protocols/16/PRACTICE-COMP-1605-PERSPECTIVE-TAKING-AND-EMPATHIC-ACCURACY-01.yaml,b0df50815da694e1791b19d3edc75a7b6018408697d98c6297640880dd08d243,PF-SKILL-REHEARSAL,RISK-MODERATE,none,false,pending,SP-SHADOW-ONLY,not_started,inactive,blocked,not_applicable,L13;L23;L24,L13;L23;L24,accessibility_review_status:pending;content_review_status:pending;last_reviewed:missing;originality_review_status:pending;research_gap:RG-M6A-001:open;research_review_status:internal_sources_only_external_review_required;safety_review_status:pending;sources:incomplete;specialist_review:missing
16.06,Audience and context adaptation,16,"Communication, Rhetoric, and Social Intelligence",draft,PRACTICE-COMP-1606-AUDIENCE-AND-CONTEXT-ADAPTATION-01,0.1.0,data/practices/protocols/16/PRACTICE-COMP-1606-AUDIENCE-AND-CONTEXT-ADAPTATION-01.yaml,29a6355841ac78211490f304cd82d189adcfb37bd950c1605aabd3341cfa75a2,PF-SKILL-REHEARSAL,RISK-MODERATE,none,false,pending,SP-SHADOW-ONLY,not_started,inactive,blocked,not_applicable,L23;L24;L31,L23;L24;L31,accessibility_review_status:pending;content_review_status:pending;last_reviewed:missing;originality_review_status:pending;research_gap:RG-M6A-001:open;research_review_status:internal_sources_only_external_review_required;safety_review_status:pending;sources:incomplete;specialist_review:missing
16.07,Feedback and developmental conversation,16,"Communication, Rhetoric, and Social Intelligence",draft,PRACTICE-COMP-1607-FEEDBACK-AND-DEVELOPMENTAL-CONVERSATION-01,0.1.0,data/practices/protocols/16/PRACTICE-COMP-1607-FEEDBACK-AND-DEVELOPMENTAL-CONVERSATION-01.yaml,be540b598a3dacc4f220061dbf9ba11d377dbded8f39dd029fa6fcc968736045,PF-RELATIONAL-CONVERSATION,RISK-MODERATE,none,false,pending,SP-SHADOW-ONLY,not_started,inactive,blocked,not_applicable,L15;L23;L24;L25,L15;L23;L24;L25,accessibility_review_status:pending;content_review_status:pending;last_reviewed:missing;originality_review_status:pending;research_gap:RG-M6A-001:open;research_review_status:internal_sources_only_external_review_required;safety_review_status:pending;sources:incomplete;specialist_review:missing
16.08,Classical and modern rhetoric,16,"Communication, Rhetoric, and Social Intelligence",draft,PRACTICE-COMP-1608-CLASSICAL-AND-MODERN-RHETORIC-01,0.1.0,data/practices/protocols/16/PRACTICE-COMP-1608-CLASSICAL-AND-MODERN-RHETORIC-01.yaml,2572db24127aaabf6c8898e8f4249d3805870044f8389c129c99f7c4a2ee701c,PF-SKILL-REHEARSAL,RISK-MODERATE,none,false,pending,SP-SHADOW-ONLY,not_started,inactive,blocked,not_applicable,L02;L12;L23;L31,L02;L12;L23;L31,accessibility_review_status:pending;content_review_status:pending;last_reviewed:missing;originality_review_status:pending;research_gap:RG-M6A-001:open;research_review_status:internal_sources_only_external_review_required;safety_review_status:pending;sources:incomplete;specialist_review:missing
16.09,Public speaking and presentation,16,"Communication, Rhetoric, and Social Intelligence",draft,PRACTICE-COMP-1609-PUBLIC-SPEAKING-AND-PRESENTATION-01,0.1.0,data/practices/protocols/16/PRACTICE-COMP-1609-PUBLIC-SPEAKING-AND-PRESENTATION-01.yaml,26c9b5d52cd3fa900306a6e17f5a83849b613d4a4b7821a5cd3345f3505e6497,PF-SKILL-REHEARSAL,RISK-MODERATE,none,false,pending,SP-SHADOW-ONLY,not_started,inactive,blocked,not_applicable,L23;L25;L33,L23;L25;L33,accessibility_review_status:pending;content_review_status:pending;last_reviewed:missing;originality_review_status:pending;research_gap:RG-M6A-001:open;research_review_status:internal_sources_only_external_review_required;safety_review_status:pending;sources:incomplete;specialist_review:missing
16.10,Storytelling and explanation,16,"Communication, Rhetoric, and Social Intelligence",draft,PRACTICE-COMP-1610-STORYTELLING-AND-EXPLANATION-01,0.1.0,data/practices/protocols/16/PRACTICE-COMP-1610-STORYTELLING-AND-EXPLANATION-01.yaml,153c2737ed435424cdfc4064c077c835872b66fbbb0f110e40a01559f68e60cd,PF-CONTEMPLATIVE-MEANING,RISK-MODERATE,none,false,pending,SP-SHADOW-ONLY,not_started,inactive,blocked,not_applicable,L15;L16;L23,L15;L16;L23,accessibility_review_status:pending;content_review_status:pending;last_reviewed:missing;originality_review_status:pending;research_gap:RG-M6A-001:open;research_review_status:internal_sources_only_external_review_required;safety_review_status:pending;sources:incomplete;specialist_review:missing
16.11,Negotiation,16,"Communication, Rhetoric, and Social Intelligence",draft,PRACTICE-COMP-1611-NEGOTIATION-01,0.1.0,data/practices/protocols/16/PRACTICE-COMP-1611-NEGOTIATION-01.yaml,435ee57063342572460aa1264e2e62cad199708f8dd64cd57c206c93b7b091e9,PF-RELATIONAL-CONVERSATION,RISK-MODERATE,none,false,pending,SP-SHADOW-ONLY,not_started,inactive,blocked,not_applicable,L14;L22;L23;L25,L14;L22;L23;L25,accessibility_review_status:pending;content_review_status:pending;last_reviewed:missing;originality_review_status:pending;research_gap:RG-M6A-001:open;research_review_status:internal_sources_only_external_review_required;safety_review_status:pending;sources:incomplete;specialist_review:missing
16.12,Conflict and de-escalation,16,"Communication, Rhetoric, and Social Intelligence",draft,PRACTICE-COMP-1612-CONFLICT-AND-DE-ESCALATION-01,0.1.0,data/practices/protocols/16/PRACTICE-COMP-1612-CONFLICT-AND-DE-ESCALATION-01.yaml,907103a21b5ccd874da554592b70b08ad53745319afb4f8dc2fcdf916076bd19,PF-RELATIONAL-CONVERSATION,RISK-MODERATE,none,false,pending,SP-SHADOW-ONLY,not_started,inactive,blocked,not_applicable,L20;L23;L25;L29,L20;L23;L25;L29,accessibility_review_status:pending;content_review_status:pending;last_reviewed:missing;originality_review_status:pending;research_gap:RG-M6A-001:open;research_review_status:internal_sources_only_external_review_required;safety_review_status:pending;sources:incomplete;specialist_review:missing
16.13,"Humor, warmth, and social ease",16,"Communication, Rhetoric, and Social Intelligence",draft,PRACTICE-COMP-1613-HUMOR-WARMTH-AND-SOCIAL-EASE-01,0.1.0,data/practices/protocols/16/PRACTICE-COMP-1613-HUMOR-WARMTH-AND-SOCIAL-EASE-01.yaml,1f04e29b7c1f113382209e6f74538287245b1c02ec0438c70f9a631a48684d56,PF-SKILL-REHEARSAL,RISK-MODERATE,none,false,pending,SP-SHADOW-ONLY,not_started,inactive,blocked,not_applicable,L23;L24;L26;L34,L23;L24;L26;L34,accessibility_review_status:pending;content_review_status:pending;last_reviewed:missing;originality_review_status:pending;research_gap:RG-M6A-001:open;research_review_status:internal_sources_only_external_review_required;safety_review_status:pending;sources:incomplete;specialist_review:missing
16.14,"Etiquette, courtesy, and first impressions",16,"Communication, Rhetoric, and Social Intelligence",draft,PRACTICE-COMP-1614-ETIQUETTE-COURTESY-AND-FIRST-IMPRESSIONS-01,0.1.0,data/practices/protocols/16/PRACTICE-COMP-1614-ETIQUETTE-COURTESY-AND-FIRST-IMPRESSIONS-01.yaml,6ad28ff42a95c3c147337e794af97cff261e8d6b51181a7fe2675ae08badf754,PF-SKILL-REHEARSAL,RISK-MODERATE,none,false,pending,SP-SHADOW-ONLY,not_started,inactive,blocked,not_applicable,L02;L23;L24;L26,L02;L23;L24;L26,accessibility_review_status:pending;content_review_status:pending;last_reviewed:missing;originality_review_status:pending;research_gap:RG-M6A-001:open;research_review_status:internal_sources_only_external_review_required;safety_review_status:pending;sources:incomplete;specialist_review:missing
16.15,Manipulation and coercion literacy,16,"Communication, Rhetoric, and Social Intelligence",draft,PRACTICE-COMP-1615-MANIPULATION-AND-COERCION-LITERACY-01,0.1.0,data/practices/protocols/16/PRACTICE-COMP-1615-MANIPULATION-AND-COERCION-LITERACY-01.yaml,2ab8fcd25edab673296b8bf2150ab25156778d361e0b015a9bcee7d5c8f6f827,PF-SKILL-REHEARSAL,RISK-MODERATE,none,false,pending,SP-SHADOW-ONLY,not_started,inactive,blocked,not_applicable,L13;L20;L24;L25,L13;L20;L24;L25,accessibility_review_status:pending;content_review_status:pending;last_reviewed:missing;originality_review_status:pending;research_gap:RG-M6A-001:open;research_review_status:internal_sources_only_external_review_required;safety_review_status:pending;sources:incomplete;specialist_review:missing
16.16,"High-context, indirect, and face-sensitive communication",16,"Communication, Rhetoric, and Social Intelligence",draft,PRACTICE-COMP-1616-HIGH-CONTEXT-INDIRECT-AND-FACE-SENSITIVE-COMMUNICATION-01,0.1.0,data/practices/protocols/16/PRACTICE-COMP-1616-HIGH-CONTEXT-INDIRECT-AND-FACE-SENSITIVE-COMMUNICATION-01.yaml,bcfebadbffb28cee93bd792723edbf6ec5c30db590766de6123ed807a1a050cd,PF-RELATIONAL-CONVERSATION,RISK-MODERATE,none,false,pending,SP-SHADOW-ONLY,not_started,inactive,blocked,not_applicable,L23;L24;L31,L23;L24;L31,accessibility_review_status:pending;content_review_status:pending;last_reviewed:missing;originality_review_status:pending;research_gap:RG-M6A-001:open;research_review_status:internal_sources_only_external_review_required;safety_review_status:pending;sources:incomplete;specialist_review:missing
16.17,Intercultural communication and code-switching,16,"Communication, Rhetoric, and Social Intelligence",draft,PRACTICE-COMP-1617-INTERCULTURAL-COMMUNICATION-AND-CODE-SWITCHING-01,0.1.0,data/practices/protocols/16/PRACTICE-COMP-1617-INTERCULTURAL-COMMUNICATION-AND-CODE-SWITCHING-01.yaml,00fbb662cfd3b0b6105d158a04793058b1ec967022171e79d4526e37fa0f0a37,PF-RELATIONAL-CONVERSATION,RISK-MODERATE,none,false,pending,SP-SHADOW-ONLY,not_started,inactive,blocked,not_applicable,L23;L24;L31,L23;L24;L31,accessibility_review_status:pending;content_review_status:pending;last_reviewed:missing;originality_review_status:pending;research_gap:RG-M6A-001:open;research_review_status:internal_sources_only_external_review_required;safety_review_status:pending;sources:incomplete;specialist_review:missing
16.18,Language access and communication accommodation,16,"Communication, Rhetoric, and Social Intelligence",draft,PRACTICE-COMP-1618-LANGUAGE-ACCESS-AND-COMMUNICATION-ACCOMMODATION-01,0.1.0,data/practices/protocols/16/PRACTICE-COMP-1618-LANGUAGE-ACCESS-AND-COMMUNICATION-ACCOMMODATION-01.yaml,54b8065c5e5c37974a8a46d10e39af038958df07e0176cfe9d4751a8a70ec3f4,PF-RELATIONAL-CONVERSATION,RISK-MODERATE,none,false,pending,SP-SHADOW-ONLY,not_started,inactive,blocked,not_applicable,L23;L24;L31,L23;L24;L31,accessibility_review_status:pending;content_review_status:pending;last_reviewed:missing;originality_review_status:pending;research_gap:RG-M6A-001:open;research_review_status:internal_sources_only_external_review_required;safety_review_status:pending;sources:incomplete;specialist_review:missing
17.01,Initiating connection,17,"Friendship, Belonging, Hospitality, and Social Networks",draft,PRACTICE-COMP-1701-INITIATING-CONNECTION-01,0.1.0,data/practices/protocols/17/PRACTICE-COMP-1701-INITIATING-CONNECTION-01.yaml,94fb055d272266cef0a9a201d9676bd620976c924eec4a378ea7b8e6f43088a9,PF-ARTIFACT-PLAN,RISK-MODERATE,none,false,pending,SP-SHADOW-ONLY,not_started,inactive,blocked,not_applicable,L23;L25;L26,L23;L25;L26,accessibility_review_status:pending;content_review_status:pending;last_reviewed:missing;originality_review_status:pending;research_gap:RG-M6A-001:open;research_review_status:internal_sources_only_external_review_required;safety_review_status:pending;sources:incomplete;specialist_review:missing
17.02,Friendship formation and selection,17,"Friendship, Belonging, Hospitality, and Social Networks",draft,PRACTICE-COMP-1702-FRIENDSHIP-FORMATION-AND-SELECTION-01,0.1.0,data/practices/protocols/17/PRACTICE-COMP-1702-FRIENDSHIP-FORMATION-AND-SELECTION-01.yaml,b799f83b91b3b384363730ac97e89f5342f7d9fe49ed148d66488a1028d81773,PF-RELATIONAL-CONVERSATION,RISK-MODERATE,none,false,pending,SP-SHADOW-ONLY,not_started,inactive,blocked,not_applicable,L24;L25;L26,L24;L25;L26,accessibility_review_status:pending;content_review_status:pending;last_reviewed:missing;originality_review_status:pending;research_gap:RG-M6A-001:open;research_review_status:internal_sources_only_external_review_required;safety_review_status:pending;sources:incomplete;specialist_review:missing
17.03,Maintaining friendship,17,"Friendship, Belonging, Hospitality, and Social Networks",projected_legacy,PRACTICE-FRIENDSHIP-01,1.0.0,data/practices/protocols/17/PRACTICE-FRIENDSHIP-01.yaml,a924ff732696468c5dd5305ce0145bdbd483ab3c66390dd216b0ac31fa5d789a,PF-RELATIONAL-CONVERSATION,RISK-LOW,GG-PRACTICE-RUNTIME-PROJECTION-1.0,false,pilot_boundary_reviewed_expansion_review_pending,SP-SELF-REPORT-ELIGIBLE,accepted_and_activated,active,blocked,existing_runtime_coverage,L10;L23;L24;L26,L23;L24;L26,accessibility_review_status:pilot_boundary_reviewed_expansion_review_pending;content_review_status:frozen_runtime_behavior;last_reviewed:missing;originality_review_status:legacy_exceptions_recorded_expansion_review_pending;research_gap:RG-M6A-001:open;research_gap:RG-M6A-003:open;research_review_status:internal_sources_only_external_review_required;safety_review_status:pilot_boundary_reviewed_expansion_review_pending;sources:incomplete;ui_test_status:existing_runtime_coverage
17.04,Reliable support,17,"Friendship, Belonging, Hospitality, and Social Networks",draft,PRACTICE-COMP-1704-RELIABLE-SUPPORT-01,0.1.0,data/practices/protocols/17/PRACTICE-COMP-1704-RELIABLE-SUPPORT-01.yaml,9ac111efa90bf94a4867cac0cf9e2209c3757bd8e25b97c10baea59e45ae3b1a,PF-RELATIONAL-CONVERSATION,RISK-MODERATE,none,false,pending,SP-SHADOW-ONLY,not_started,inactive,blocked,not_applicable,L02;L24;L26;L28,L02;L24;L26;L28,accessibility_review_status:pending;content_review_status:pending;last_reviewed:missing;originality_review_status:pending;research_gap:RG-M6A-001:open;research_review_status:internal_sources_only_external_review_required;safety_review_status:pending;sources:incomplete;specialist_review:missing
17.05,Reciprocity and healthy dependence,17,"Friendship, Belonging, Hospitality, and Social Networks",draft,PRACTICE-COMP-1705-RECIPROCITY-AND-HEALTHY-DEPENDENCE-01,0.1.0,data/practices/protocols/17/PRACTICE-COMP-1705-RECIPROCITY-AND-HEALTHY-DEPENDENCE-01.yaml,a2049b26c8c1cbbe3fb5bf673c0e32ed6f51729071059153e6b88987642fc1bc,PF-ARTIFACT-PLAN,RISK-MODERATE,none,false,pending,SP-SHADOW-ONLY,not_started,inactive,blocked,not_applicable,L05;L24;L25;L26,L05;L24;L25;L26,accessibility_review_status:pending;content_review_status:pending;last_reviewed:missing;originality_review_status:pending;research_gap:RG-M6A-001:open;research_review_status:internal_sources_only_external_review_required;safety_review_status:pending;sources:incomplete;specialist_review:missing
17.06,Boundaries and harmful relationships,17,"Friendship, Belonging, Hospitality, and Social Networks",draft,PRACTICE-COMP-1706-BOUNDARIES-AND-HARMFUL-RELATIONSHIPS-01,0.1.0,data/practices/protocols/17/PRACTICE-COMP-1706-BOUNDARIES-AND-HARMFUL-RELATIONSHIPS-01.yaml,f04f940b9faf3b20c32fcf427389d605a09ae0f0f2c344e49ac9e2c5980d315d,PF-QUALIFIED-CONSULTATION,RISK-HIGH,none,false,pending_specialist_expansion_review,SP-NON-SCORED-REFLECTION,not_applicable,inactive,blocked,not_applicable,L20;L25;L26;L29,L20;L25;L26;L29,accessibility_review_status:pending;content_review_status:pending;last_reviewed:missing;originality_review_status:pending;research_gap:RG-M6A-001:open;research_review_status:internal_sources_only_external_review_required;safety_review_status:pending_specialist_expansion_review;sources:incomplete;specialist_review:missing
17.07,Hospitality and inclusion,17,"Friendship, Belonging, Hospitality, and Social Networks",draft,PRACTICE-COMP-1707-HOSPITALITY-AND-INCLUSION-01,0.1.0,data/practices/protocols/17/PRACTICE-COMP-1707-HOSPITALITY-AND-INCLUSION-01.yaml,1b0d1fa72a8eba71fa06078a5c53fe0c56241f73d058b3145ac929459740c718,PF-RELATIONAL-CONVERSATION,RISK-MODERATE,none,false,pending,SP-SHADOW-ONLY,not_started,inactive,blocked,not_applicable,L18;L24;L26;L31,L18;L24;L26;L31,accessibility_review_status:pending;content_review_status:pending;last_reviewed:missing;originality_review_status:pending;research_gap:RG-M6A-001:open;research_review_status:internal_sources_only_external_review_required;safety_review_status:pending;sources:incomplete;specialist_review:missing
17.08,Collaboration and complementary strengths,17,"Friendship, Belonging, Hospitality, and Social Networks",draft,PRACTICE-COMP-1708-COLLABORATION-AND-COMPLEMENTARY-STRENGTHS-01,0.1.0,data/practices/protocols/17/PRACTICE-COMP-1708-COLLABORATION-AND-COMPLEMENTARY-STRENGTHS-01.yaml,8e7f560de691b81a37ffbaf58b39edc63960991d3d73d8ed88727c5bccd7b942,PF-RELATIONAL-CONVERSATION,RISK-MODERATE,none,false,pending,SP-SHADOW-ONLY,not_started,inactive,blocked,not_applicable,L24;L26;L32;L33,L24;L26;L32;L33,accessibility_review_status:pending;content_review_status:pending;last_reviewed:missing;originality_review_status:pending;research_gap:RG-M6A-001:open;research_review_status:internal_sources_only_external_review_required;safety_review_status:pending;sources:incomplete;specialist_review:missing
17.09,"Belonging, loneliness, and social ecology",17,"Friendship, Belonging, Hospitality, and Social Networks",draft,PRACTICE-COMP-1709-BELONGING-LONELINESS-AND-SOCIAL-ECOLOGY-01,0.1.0,data/practices/protocols/17/PRACTICE-COMP-1709-BELONGING-LONELINESS-AND-SOCIAL-ECOLOGY-01.yaml,ea1bc0636a2b5053a9b9918f53918ae80d89c4d9100d5629a74255912f5d2bd7,PF-RELATIONAL-CONVERSATION,RISK-MODERATE,none,false,pending,SP-SHADOW-ONLY,not_started,inactive,blocked,not_applicable,L05;L24;L26;L31,L05;L24;L26;L31,accessibility_review_status:pending;content_review_status:pending;last_reviewed:missing;originality_review_status:pending;research_gap:RG-M6A-001:open;research_review_status:internal_sources_only_external_review_required;safety_review_status:pending;sources:incomplete;specialist_review:missing
17.10,Networks and social capital,17,"Friendship, Belonging, Hospitality, and Social Networks",draft,PRACTICE-COMP-1710-NETWORKS-AND-SOCIAL-CAPITAL-01,0.1.0,data/practices/protocols/17/PRACTICE-COMP-1710-NETWORKS-AND-SOCIAL-CAPITAL-01.yaml,ac51b4504e6a536535d59297fba3416956550bab77c3ef38b63f5462a9378d55,PF-COMMUNITY-CONTRIBUTION,RISK-MODERATE,none,false,pending,SP-SHADOW-ONLY,not_started,inactive,blocked,not_applicable,L22;L26;L30;L33,L22;L26;L30;L33,accessibility_review_status:pending;content_review_status:pending;last_reviewed:missing;originality_review_status:pending;research_gap:RG-M6A-001:open;research_review_status:internal_sources_only_external_review_required;safety_review_status:pending;sources:incomplete;specialist_review:missing
17.11,Intergenerational friendship and mentorship,17,"Friendship, Belonging, Hospitality, and Social Networks",draft,PRACTICE-COMP-1711-INTERGENERATIONAL-FRIENDSHIP-AND-MENTORSHIP-01,0.1.0,data/practices/protocols/17/PRACTICE-COMP-1711-INTERGENERATIONAL-FRIENDSHIP-AND-MENTORSHIP-01.yaml,df746bf441775a50b5bb2123765a88c997ed37cb58f6fa5c35dc73573e2625d2,PF-RELATIONAL-CONVERSATION,RISK-MODERATE,none,false,pending,SP-SHADOW-ONLY,not_started,inactive,blocked,not_applicable,L15;L26;L28;L33,L15;L26;L28;L33,accessibility_review_status:pending;content_review_status:pending;last_reviewed:missing;originality_review_status:pending;research_gap:RG-M6A-001:open;research_review_status:internal_sources_only_external_review_required;safety_review_status:pending;sources:incomplete;specialist_review:missing
17.12,"Kin, clan, neighborhood, and communal obligation",17,"Friendship, Belonging, Hospitality, and Social Networks",draft,PRACTICE-COMP-1712-KIN-CLAN-NEIGHBORHOOD-AND-COMMUNAL-OBLIGATION-01,0.1.0,data/practices/protocols/17/PRACTICE-COMP-1712-KIN-CLAN-NEIGHBORHOOD-AND-COMMUNAL-OBLIGATION-01.yaml,84a44d3fc9e4702a75ac9639145d20af5ee2b45b021f8609f1b00b3fb8df94f2,PF-COMMUNITY-CONTRIBUTION,RISK-MODERATE,none,false,pending,SP-SHADOW-ONLY,not_started,inactive,blocked,not_applicable,L26;L28;L30;L31,L26;L28;L30;L31,accessibility_review_status:pending;content_review_status:pending;last_reviewed:missing;originality_review_status:pending;research_gap:RG-M6A-001:open;research_review_status:internal_sources_only_external_review_required;safety_review_status:pending;sources:incomplete;specialist_review:missing
17.13,Friendship across deep difference,17,"Friendship, Belonging, Hospitality, and Social Networks",draft,PRACTICE-COMP-1713-FRIENDSHIP-ACROSS-DEEP-DIFFERENCE-01,0.1.0,data/practices/protocols/17/PRACTICE-COMP-1713-FRIENDSHIP-ACROSS-DEEP-DIFFERENCE-01.yaml,099311792d6fc010c045eb4259db82bbd89b9a2f32336e80f85abd75238c03e0,PF-RELATIONAL-CONVERSATION,RISK-MODERATE,none,false,pending,SP-SHADOW-ONLY,not_started,inactive,blocked,not_applicable,L24;L26;L29;L31,L24;L26;L29;L31,accessibility_review_status:pending;content_review_status:pending;last_reviewed:missing;originality_review_status:pending;research_gap:RG-M6A-001:open;research_review_status:internal_sources_only_external_review_required;safety_review_status:pending;sources:incomplete;specialist_review:missing
17.14,Collective belonging without conformity,17,"Friendship, Belonging, Hospitality, and Social Networks",draft,PRACTICE-COMP-1714-COLLECTIVE-BELONGING-WITHOUT-CONFORMITY-01,0.1.0,data/practices/protocols/17/PRACTICE-COMP-1714-COLLECTIVE-BELONGING-WITHOUT-CONFORMITY-01.yaml,aa52c0d4359fcbe074dc36da313648b92244b3e635ed8d7272d046e7813e0497,PF-COMMUNITY-CONTRIBUTION,RISK-MODERATE,none,false,pending,SP-SHADOW-ONLY,not_started,inactive,blocked,not_applicable,L05;L25;L26;L31,L05;L25;L26;L31,accessibility_review_status:pending;content_review_status:pending;last_reviewed:missing;originality_review_status:pending;research_gap:RG-M6A-001:open;research_review_status:internal_sources_only_external_review_required;safety_review_status:pending;sources:incomplete;specialist_review:missing
18.01,The nature and practice of love,18,"Intimacy, Sexuality, and Partnership",draft,PRACTICE-COMP-1801-THE-NATURE-AND-PRACTICE-OF-LOVE-01,0.1.0,data/practices/protocols/18/PRACTICE-COMP-1801-THE-NATURE-AND-PRACTICE-OF-LOVE-01.yaml,d1b5ac8ee75153a102bc7587ac2d489e0fb0c8e0d0349e3ca2731ab1c093da3b,PF-QUALIFIED-CONSULTATION,RISK-HIGH,none,false,pending_specialist_expansion_review,SP-NON-SCORED-REFLECTION,not_applicable,inactive,blocked,not_applicable,L02;L24;L27;L29,L02;L24;L27;L29,accessibility_review_status:pending;content_review_status:pending;last_reviewed:missing;originality_review_status:pending;research_gap:RG-M6A-001:open;research_review_status:internal_sources_only_external_review_required;safety_review_status:pending_specialist_expansion_review;sources:incomplete;specialist_review:missing
18.02,Attraction and respectful courtship,18,"Intimacy, Sexuality, and Partnership",draft,PRACTICE-COMP-1802-ATTRACTION-AND-RESPECTFUL-COURTSHIP-01,0.1.0,data/practices/protocols/18/PRACTICE-COMP-1802-ATTRACTION-AND-RESPECTFUL-COURTSHIP-01.yaml,90cb4baadf4a320fbd344610d3abc2214d5fdad067acf6619b98f0758c78af04,PF-SAFETY-PREPARATION,RISK-HIGH,none,false,pending_specialist_expansion_review,SP-NON-SCORED-REFLECTION,not_applicable,inactive,blocked,not_applicable,L23;L24;L25;L27,L23;L24;L25;L27,accessibility_review_status:pending;content_review_status:pending;last_reviewed:missing;originality_review_status:pending;research_gap:RG-M6A-001:open;research_review_status:internal_sources_only_external_review_required;safety_review_status:pending_specialist_expansion_review;sources:incomplete;specialist_review:missing
18.03,Partner selection and compatibility,18,"Intimacy, Sexuality, and Partnership",draft,PRACTICE-COMP-1803-PARTNER-SELECTION-AND-COMPATIBILITY-01,0.1.0,data/practices/protocols/18/PRACTICE-COMP-1803-PARTNER-SELECTION-AND-COMPATIBILITY-01.yaml,fd906c7794c6fcec6afa37f0b09da02b50946e1d78bfce9684cbee2a9f33b7ce,PF-QUALIFIED-CONSULTATION,RISK-HIGH,none,false,pending_specialist_expansion_review,SP-NON-SCORED-REFLECTION,not_applicable,inactive,blocked,not_applicable,L05;L14;L25;L27,L05;L14;L25;L27,accessibility_review_status:pending;content_review_status:pending;last_reviewed:missing;originality_review_status:pending;research_gap:RG-M6A-001:open;research_review_status:internal_sources_only_external_review_required;safety_review_status:pending_specialist_expansion_review;sources:incomplete;specialist_review:missing
18.04,Attachment and relational security,18,"Intimacy, Sexuality, and Partnership",draft,PRACTICE-COMP-1804-ATTACHMENT-AND-RELATIONAL-SECURITY-01,0.1.0,data/practices/protocols/18/PRACTICE-COMP-1804-ATTACHMENT-AND-RELATIONAL-SECURITY-01.yaml,234a2d758944f301f241d895dd113cf686d588b125189879c4ff5df2fe757d26,PF-SAFETY-PREPARATION,RISK-HIGH,none,false,pending_specialist_expansion_review,SP-NON-SCORED-REFLECTION,not_applicable,inactive,blocked,not_applicable,L07;L24;L25;L27,L07;L24;L25;L27,accessibility_review_status:pending;content_review_status:pending;last_reviewed:missing;originality_review_status:pending;research_gap:RG-M6A-001:open;research_review_status:internal_sources_only_external_review_required;safety_review_status:pending_specialist_expansion_review;sources:incomplete;specialist_review:missing
18.05,Vulnerability and emotional intimacy,18,"Intimacy, Sexuality, and Partnership",draft,PRACTICE-COMP-1805-VULNERABILITY-AND-EMOTIONAL-INTIMACY-01,0.1.0,data/practices/protocols/18/PRACTICE-COMP-1805-VULNERABILITY-AND-EMOTIONAL-INTIMACY-01.yaml,b36accf0fd1ca2dcedaac9abeddb056766b97dd4063c66ebc72dec4deeb977a9,PF-QUALIFIED-CONSULTATION,RISK-HIGH,none,false,pending_specialist_expansion_review,SP-NON-SCORED-REFLECTION,not_applicable,inactive,blocked,not_applicable,L23;L24;L25;L27,L23;L24;L25;L27,accessibility_review_status:pending;content_review_status:pending;last_reviewed:missing;originality_review_status:pending;research_gap:RG-M6A-001:open;research_review_status:internal_sources_only_external_review_required;safety_review_status:pending_specialist_expansion_review;sources:incomplete;specialist_review:missing
18.06,Relationship stages and changing needs,18,"Intimacy, Sexuality, and Partnership",draft,PRACTICE-COMP-1806-RELATIONSHIP-STAGES-AND-CHANGING-NEEDS-01,0.1.0,data/practices/protocols/18/PRACTICE-COMP-1806-RELATIONSHIP-STAGES-AND-CHANGING-NEEDS-01.yaml,43a737575cd52cb055dde1395159110f1045c6a0c6d934c54dc44061bb469431,PF-QUALIFIED-CONSULTATION,RISK-HIGH,none,false,pending_specialist_expansion_review,SP-NON-SCORED-REFLECTION,not_applicable,inactive,blocked,not_applicable,L11;L24;L27;L36,L11;L24;L27;L36,accessibility_review_status:pending;content_review_status:pending;last_reviewed:missing;originality_review_status:pending;research_gap:RG-M6A-001:open;research_review_status:internal_sources_only_external_review_required;safety_review_status:pending_specialist_expansion_review;sources:incomplete;specialist_review:missing
18.07,"Shared expectations, roles, and labor",18,"Intimacy, Sexuality, and Partnership",draft,PRACTICE-COMP-1807-SHARED-EXPECTATIONS-ROLES-AND-LABOR-01,0.1.0,data/practices/protocols/18/PRACTICE-COMP-1807-SHARED-EXPECTATIONS-ROLES-AND-LABOR-01.yaml,240a5f79babdb673b7871571ef1ef72f0711d7f68dcbb999d03b74ef0e545446,PF-QUALIFIED-CONSULTATION,RISK-HIGH,none,false,pending_specialist_expansion_review,SP-NON-SCORED-REFLECTION,not_applicable,inactive,blocked,not_applicable,L23;L25;L27;L28,L23;L25;L27;L28,accessibility_review_status:pending;content_review_status:pending;last_reviewed:missing;originality_review_status:pending;research_gap:RG-M6A-001:open;research_review_status:internal_sources_only_external_review_required;safety_review_status:pending_specialist_expansion_review;sources:incomplete;specialist_review:missing
18.08,Partnership conflict and repair,18,"Intimacy, Sexuality, and Partnership",draft,PRACTICE-COMP-1808-PARTNERSHIP-CONFLICT-AND-REPAIR-01,0.1.0,data/practices/protocols/18/PRACTICE-COMP-1808-PARTNERSHIP-CONFLICT-AND-REPAIR-01.yaml,f7739616749949727aba9b827bab20adcac0ac2534fc48392383dd56db86d9ea,PF-QUALIFIED-CONSULTATION,RISK-HIGH,none,false,pending_specialist_expansion_review,SP-NON-SCORED-REFLECTION,not_applicable,inactive,blocked,not_applicable,L23;L25;L27;L29,L23;L25;L27;L29,accessibility_review_status:pending;content_review_status:pending;last_reviewed:missing;originality_review_status:pending;research_gap:RG-M6A-001:open;research_review_status:internal_sources_only_external_review_required;safety_review_status:pending_specialist_expansion_review;sources:incomplete;specialist_review:missing
18.09,Sexual ethics and consent,18,"Intimacy, Sexuality, and Partnership",draft,PRACTICE-COMP-1809-SEXUAL-ETHICS-AND-CONSENT-01,0.1.0,data/practices/protocols/18/PRACTICE-COMP-1809-SEXUAL-ETHICS-AND-CONSENT-01.yaml,d7b17023e456b646f922b80f05096ea82f2f11061e872f92dfa5920b44543f3a,PF-QUALIFIED-CONSULTATION,RISK-HIGH,none,false,pending_specialist_expansion_review,SP-NON-SCORED-REFLECTION,not_applicable,inactive,blocked,not_applicable,L02;L25;L27;L31,L02;L25;L27;L31,accessibility_review_status:pending;content_review_status:pending;last_reviewed:missing;originality_review_status:pending;research_gap:RG-M6A-001:open;research_review_status:internal_sources_only_external_review_required;safety_review_status:pending_specialist_expansion_review;sources:incomplete;specialist_review:missing
18.10,"Sexual communication, pleasure, and health",18,"Intimacy, Sexuality, and Partnership",draft,PRACTICE-COMP-1810-SEXUAL-COMMUNICATION-PLEASURE-AND-HEALTH-01,0.1.0,data/practices/protocols/18/PRACTICE-COMP-1810-SEXUAL-COMMUNICATION-PLEASURE-AND-HEALTH-01.yaml,97c85e40d2e554760c63600c1483ca88d46587d335ba0fa74f2bd90ef861a416,PF-QUALIFIED-CONSULTATION,RISK-HIGH,none,false,pending_specialist_expansion_review,SP-NON-SCORED-REFLECTION,not_applicable,inactive,blocked,not_applicable,L17;L23;L24;L27,L17;L23;L24;L27,accessibility_review_status:pending;content_review_status:pending;last_reviewed:missing;originality_review_status:pending;research_gap:RG-M6A-001:open;research_review_status:internal_sources_only_external_review_required;safety_review_status:pending_specialist_expansion_review;sources:incomplete;specialist_review:missing
18.11,"Commitment, fidelity, and trust",18,"Intimacy, Sexuality, and Partnership",draft,PRACTICE-COMP-1811-COMMITMENT-FIDELITY-AND-TRUST-01,0.1.0,data/practices/protocols/18/PRACTICE-COMP-1811-COMMITMENT-FIDELITY-AND-TRUST-01.yaml,f6edc5e0d1ea4509610b04c9b32fe3d8e270fc2de6463cdaa7500f3ee43e095a,PF-QUALIFIED-CONSULTATION,RISK-HIGH,none,false,pending_specialist_expansion_review,SP-NON-SCORED-REFLECTION,not_applicable,inactive,blocked,not_applicable,L02;L10;L27;L29,L02;L10;L27;L29,accessibility_review_status:pending;content_review_status:pending;last_reviewed:missing;originality_review_status:pending;research_gap:RG-M6A-001:open;research_review_status:internal_sources_only_external_review_required;safety_review_status:pending_specialist_expansion_review;sources:incomplete;specialist_review:missing
18.12,"Separation, divorce, estrangement, and endings",18,"Intimacy, Sexuality, and Partnership",draft,PRACTICE-COMP-1812-SEPARATION-DIVORCE-ESTRANGEMENT-AND-ENDINGS-01,0.1.0,data/practices/protocols/18/PRACTICE-COMP-1812-SEPARATION-DIVORCE-ESTRANGEMENT-AND-ENDINGS-01.yaml,c1f4c709702c0ff76e9a62ee706eba951751027da745c026403de5c7152d91e3,PF-SAFETY-PREPARATION,RISK-HIGH,none,false,pending_specialist_expansion_review,SP-NON-SCORED-REFLECTION,not_applicable,inactive,blocked,not_applicable,L04;L25;L27;L29,L04;L25;L27;L29,accessibility_review_status:pending;content_review_status:pending;last_reviewed:missing;originality_review_status:pending;research_gap:RG-M6A-001:open;research_review_status:internal_sources_only_external_review_required;safety_review_status:pending_specialist_expansion_review;sources:incomplete;specialist_review:missing
18.13,Relationship diversity and chosen form,18,"Intimacy, Sexuality, and Partnership",draft,PRACTICE-COMP-1813-RELATIONSHIP-DIVERSITY-AND-CHOSEN-FORM-01,0.1.0,data/practices/protocols/18/PRACTICE-COMP-1813-RELATIONSHIP-DIVERSITY-AND-CHOSEN-FORM-01.yaml,a59abab4c207005efe5712d63697116239dcb2aeec963410bc710e876dff99b9,PF-QUALIFIED-CONSULTATION,RISK-HIGH,none,false,pending_specialist_expansion_review,SP-NON-SCORED-REFLECTION,not_applicable,inactive,blocked,not_applicable,L05;L25;L27;L31,L05;L25;L27;L31,accessibility_review_status:pending;content_review_status:pending;last_reviewed:missing;originality_review_status:pending;research_gap:RG-M6A-001:open;research_review_status:internal_sources_only_external_review_required;safety_review_status:pending_specialist_expansion_review;sources:incomplete;specialist_review:missing
18.14,Reproductive intentions and partnership communication,18,"Intimacy, Sexuality, and Partnership",draft,PRACTICE-COMP-1814-REPRODUCTIVE-INTENTIONS-AND-PARTNERSHIP-COMMUNICATION-01,0.1.0,data/practices/protocols/18/PRACTICE-COMP-1814-REPRODUCTIVE-INTENTIONS-AND-PARTNERSHIP-COMMUNICATION-01.yaml,a7dfdf56b9d18ca941b2403c33ce01fe273cd8ceae4da0ab6ecf5a9681cab3c6,PF-SAFETY-PREPARATION,RISK-HIGH,none,false,pending_specialist_expansion_review,SP-NON-SCORED-REFLECTION,not_applicable,inactive,blocked,not_applicable,L17;L23;L27;L28,L17;L23;L27;L28,accessibility_review_status:pending;content_review_status:pending;last_reviewed:missing;originality_review_status:pending;research_gap:RG-M6A-001:open;research_review_status:internal_sources_only_external_review_required;safety_review_status:pending_specialist_expansion_review;sources:incomplete;specialist_review:missing
19.01,Family systems and intergenerational patterns,19,"Family, Parenting, Reproduction, and Caregiving",draft,PRACTICE-COMP-1901-FAMILY-SYSTEMS-AND-INTERGENERATIONAL-PATTERNS-01,0.1.0,data/practices/protocols/19/PRACTICE-COMP-1901-FAMILY-SYSTEMS-AND-INTERGENERATIONAL-PATTERNS-01.yaml,1907139dcae590e0ab50bc642f4713dfa256eb1c1846e1bd9a2ad4be8774c3d0,PF-QUALIFIED-CONSULTATION,RISK-HIGH,none,false,pending_specialist_expansion_review,SP-NON-SCORED-REFLECTION,not_applicable,inactive,blocked,not_applicable,L05;L28;L29;L31,L05;L28;L29;L31,accessibility_review_status:pending;content_review_status:pending;last_reviewed:missing;originality_review_status:pending;research_gap:RG-M6A-001:open;research_review_status:internal_sources_only_external_review_required;safety_review_status:pending_specialist_expansion_review;sources:incomplete;specialist_review:missing
19.02,Parenting and child development,19,"Family, Parenting, Reproduction, and Caregiving",draft,PRACTICE-COMP-1902-PARENTING-AND-CHILD-DEVELOPMENT-01,0.1.0,data/practices/protocols/19/PRACTICE-COMP-1902-PARENTING-AND-CHILD-DEVELOPMENT-01.yaml,889707c8065471663145d9a251cda8a4c881adca5fd163b7238ff7cf5f93ec67,PF-SAFETY-PREPARATION,RISK-HIGH,none,false,pending_specialist_expansion_review,SP-NON-SCORED-REFLECTION,not_applicable,inactive,blocked,not_applicable,L15;L24;L28;L33,L15;L24;L28;L33,accessibility_review_status:pending;content_review_status:pending;last_reviewed:missing;originality_review_status:pending;research_gap:RG-M6A-001:open;research_review_status:internal_sources_only_external_review_required;safety_review_status:pending_specialist_expansion_review;sources:incomplete;specialist_review:missing
19.03,"Caregiving for elders, illness, and disability",19,"Family, Parenting, Reproduction, and Caregiving",draft,PRACTICE-COMP-1903-CAREGIVING-FOR-ELDERS-ILLNESS-AND-DISABILITY-01,0.1.0,data/practices/protocols/19/PRACTICE-COMP-1903-CAREGIVING-FOR-ELDERS-ILLNESS-AND-DISABILITY-01.yaml,c2840815989ea4e35374e0201bc2a3e772060f3535e364c24b2b31556450dde4,PF-QUALIFIED-CONSULTATION,RISK-HIGH,none,false,pending_specialist_expansion_review,SP-NON-SCORED-REFLECTION,not_applicable,inactive,blocked,not_applicable,L17;L24;L25;L28,L17;L24;L25;L28,accessibility_review_status:pending;content_review_status:pending;last_reviewed:missing;originality_review_status:pending;research_gap:RG-M6A-001:open;research_review_status:internal_sources_only_external_review_required;safety_review_status:pending_specialist_expansion_review;sources:incomplete;specialist_review:missing
19.04,Fertility and reproductive health literacy,19,"Family, Parenting, Reproduction, and Caregiving",draft,PRACTICE-COMP-1904-FERTILITY-AND-REPRODUCTIVE-HEALTH-LITERACY-01,0.1.0,data/practices/protocols/19/PRACTICE-COMP-1904-FERTILITY-AND-REPRODUCTIVE-HEALTH-LITERACY-01.yaml,2f532303eb3bd374edaed4257f19b947e5c2c9b44ad945c59d530f499d974f5f,PF-QUALIFIED-CONSULTATION,RISK-HIGH,none,false,pending_specialist_expansion_review,SP-NON-SCORED-REFLECTION,not_applicable,inactive,blocked,not_applicable,L13;L17;L28,L13;L17;L28,accessibility_review_status:pending;content_review_status:pending;last_reviewed:missing;originality_review_status:pending;research_gap:RG-M6A-001:open;research_review_status:internal_sources_only_external_review_required;safety_review_status:pending_specialist_expansion_review;sources:incomplete;specialist_review:missing
19.05,"Pregnancy, birth, and postpartum responsibility",19,"Family, Parenting, Reproduction, and Caregiving",draft,PRACTICE-COMP-1905-PREGNANCY-BIRTH-AND-POSTPARTUM-RESPONSIBILITY-01,0.1.0,data/practices/protocols/19/PRACTICE-COMP-1905-PREGNANCY-BIRTH-AND-POSTPARTUM-RESPONSIBILITY-01.yaml,3414be53aac02552f2e26c5e9114e47ff36ce7ac53f46e604739dd8fc5644489,PF-SAFETY-PREPARATION,RISK-HIGH,none,false,pending_specialist_expansion_review,SP-NON-SCORED-REFLECTION,not_applicable,inactive,blocked,not_applicable,L17;L20;L21;L28,L17;L20;L21;L28,accessibility_review_status:pending;content_review_status:pending;last_reviewed:missing;originality_review_status:pending;research_gap:RG-M6A-001:open;research_review_status:internal_sources_only_external_review_required;safety_review_status:pending_specialist_expansion_review;sources:incomplete;specialist_review:missing
19.06,"Miscarriage, infertility, and reproductive grief",19,"Family, Parenting, Reproduction, and Caregiving",draft,PRACTICE-COMP-1906-MISCARRIAGE-INFERTILITY-AND-REPRODUCTIVE-GRIEF-01,0.1.0,data/practices/protocols/19/PRACTICE-COMP-1906-MISCARRIAGE-INFERTILITY-AND-REPRODUCTIVE-GRIEF-01.yaml,056e8d52014e9f0a07501183a91bf1d5fd419a6920f22e0dd9a47f82b6f1ec38,PF-QUALIFIED-CONSULTATION,RISK-HIGH,none,false,pending_specialist_expansion_review,SP-NON-SCORED-REFLECTION,not_applicable,inactive,blocked,not_applicable,L04;L07;L24;L28,L04;L07;L24;L28,accessibility_review_status:pending;content_review_status:pending;last_reviewed:missing;originality_review_status:pending;research_gap:RG-M6A-001:open;research_review_status:internal_sources_only_external_review_required;safety_review_status:pending_specialist_expansion_review;sources:incomplete;specialist_review:missing
19.07,"Adoption, fostering, stepfamilies, and chosen family",19,"Family, Parenting, Reproduction, and Caregiving",draft,PRACTICE-COMP-1907-ADOPTION-FOSTERING-STEPFAMILIES-AND-CHOSEN-FAMILY-01,0.1.0,data/practices/protocols/19/PRACTICE-COMP-1907-ADOPTION-FOSTERING-STEPFAMILIES-AND-CHOSEN-FAMILY-01.yaml,4777b79a268073fb6ecb965771c442937dc00b261941d46345382c45b6fd0292,PF-QUALIFIED-CONSULTATION,RISK-HIGH,none,false,pending_specialist_expansion_review,SP-NON-SCORED-REFLECTION,not_applicable,inactive,blocked,not_applicable,L24;L28;L29;L31,L24;L28;L29;L31,accessibility_review_status:pending;content_review_status:pending;last_reviewed:missing;originality_review_status:pending;research_gap:RG-M6A-001:open;research_review_status:internal_sources_only_external_review_required;safety_review_status:pending_specialist_expansion_review;sources:incomplete;specialist_review:missing
19.08,Child protection and safeguarding,19,"Family, Parenting, Reproduction, and Caregiving",draft,PRACTICE-COMP-1908-CHILD-PROTECTION-AND-SAFEGUARDING-01,0.1.0,data/practices/protocols/19/PRACTICE-COMP-1908-CHILD-PROTECTION-AND-SAFEGUARDING-01.yaml,40eb577fdb44504857dbe0764b7c6fa763fc60705dc2a50683b2aa5933c0ae05,PF-QUALIFIED-CONSULTATION,RISK-HIGH,none,false,pending_specialist_expansion_review,SP-NON-SCORED-REFLECTION,not_applicable,inactive,blocked,not_applicable,L20;L25;L28;L31,L20;L25;L28;L31,accessibility_review_status:pending;content_review_status:pending;last_reviewed:missing;originality_review_status:pending;research_gap:RG-M6A-001:open;research_review_status:internal_sources_only_external_review_required;safety_review_status:pending_specialist_expansion_review;sources:incomplete;specialist_review:missing
19.09,Developmentally appropriate autonomy and discipline,19,"Family, Parenting, Reproduction, and Caregiving",draft,PRACTICE-COMP-1909-DEVELOPMENTALLY-APPROPRIATE-AUTONOMY-AND-DISCIPLINE-01,0.1.0,data/practices/protocols/19/PRACTICE-COMP-1909-DEVELOPMENTALLY-APPROPRIATE-AUTONOMY-AND-DISCIPLINE-01.yaml,c95398532ca8eca95918f60c408800ae9de038cad3f931aa37c0df8a9b83d3ba,PF-QUALIFIED-CONSULTATION,RISK-HIGH,none,false,pending_specialist_expansion_review,SP-NON-SCORED-REFLECTION,not_applicable,inactive,blocked,not_applicable,L02;L15;L25;L28;L33,L02;L15;L25;L28;L33,accessibility_review_status:pending;content_review_status:pending;last_reviewed:missing;originality_review_status:pending;research_gap:RG-M6A-001:open;research_review_status:internal_sources_only_external_review_required;safety_review_status:pending_specialist_expansion_review;sources:incomplete;specialist_review:missing
19.10,"Education, formation, and modeling in family life",19,"Family, Parenting, Reproduction, and Caregiving",draft,PRACTICE-COMP-1910-EDUCATION-FORMATION-AND-MODELING-IN-FAMILY-LIFE-01,0.1.0,data/practices/protocols/19/PRACTICE-COMP-1910-EDUCATION-FORMATION-AND-MODELING-IN-FAMILY-LIFE-01.yaml,368048fd979e479b19f903c7dd8bcc60337d73a72a32bfdde757355c59dffe8c,PF-QUALIFIED-CONSULTATION,RISK-HIGH,none,false,pending_specialist_expansion_review,SP-NON-SCORED-REFLECTION,not_applicable,inactive,blocked,not_applicable,L02;L15;L28;L33,L02;L15;L28;L33,accessibility_review_status:pending;content_review_status:pending;last_reviewed:missing;originality_review_status:pending;research_gap:RG-M6A-001:open;research_review_status:internal_sources_only_external_review_required;safety_review_status:pending_specialist_expansion_review;sources:incomplete;specialist_review:missing
19.11,"Elder care, dementia, and later-life decision-making",19,"Family, Parenting, Reproduction, and Caregiving",draft,PRACTICE-COMP-1911-ELDER-CARE-DEMENTIA-AND-LATER-LIFE-DECISION-MAKING-01,0.1.0,data/practices/protocols/19/PRACTICE-COMP-1911-ELDER-CARE-DEMENTIA-AND-LATER-LIFE-DECISION-MAKING-01.yaml,36797f7623f09d01033c922a3355afa303114ac31b33b1a450764f29ba80a595,PF-SAFETY-PREPARATION,RISK-HIGH,none,false,pending_specialist_expansion_review,SP-NON-SCORED-REFLECTION,not_applicable,inactive,blocked,not_applicable,L04;L14;L17;L28,L04;L14;L17;L28,accessibility_review_status:pending;content_review_status:pending;last_reviewed:missing;originality_review_status:pending;research_gap:RG-M6A-001:open;research_review_status:internal_sources_only_external_review_required;safety_review_status:pending_specialist_expansion_review;sources:incomplete;specialist_review:missing
19.12,"Family labor, provision, and invisible work",19,"Family, Parenting, Reproduction, and Caregiving",draft,PRACTICE-COMP-1912-FAMILY-LABOR-PROVISION-AND-INVISIBLE-WORK-01,0.1.0,data/practices/protocols/19/PRACTICE-COMP-1912-FAMILY-LABOR-PROVISION-AND-INVISIBLE-WORK-01.yaml,36dcc00c29a735383671ff9aeffc20b638c286e522fa56bbbd9739006a88fa2e,PF-QUALIFIED-CONSULTATION,RISK-HIGH,none,false,pending_specialist_expansion_review,SP-NON-SCORED-REFLECTION,not_applicable,inactive,blocked,not_applicable,L18;L21;L23;L28;L31,L18;L21;L23;L28;L31,accessibility_review_status:pending;content_review_status:pending;last_reviewed:missing;originality_review_status:pending;research_gap:RG-M6A-001:open;research_review_status:internal_sources_only_external_review_required;safety_review_status:pending_specialist_expansion_review;sources:incomplete;specialist_review:missing
19.13,"Co-parenting, separation, and family restructuring",19,"Family, Parenting, Reproduction, and Caregiving",draft,PRACTICE-COMP-1913-CO-PARENTING-SEPARATION-AND-FAMILY-RESTRUCTURING-01,0.1.0,data/practices/protocols/19/PRACTICE-COMP-1913-CO-PARENTING-SEPARATION-AND-FAMILY-RESTRUCTURING-01.yaml,59f8a37fd464144f9a826bb377344a7c4bf57dc94a0822c8c943c42a24287a4e,PF-QUALIFIED-CONSULTATION,RISK-HIGH,none,false,pending_specialist_expansion_review,SP-NON-SCORED-REFLECTION,not_applicable,inactive,blocked,not_applicable,L23;L25;L28;L29,L23;L25;L28;L29,accessibility_review_status:pending;content_review_status:pending;last_reviewed:missing;originality_review_status:pending;research_gap:RG-M6A-001:open;research_review_status:internal_sources_only_external_review_required;safety_review_status:pending_specialist_expansion_review;sources:incomplete;specialist_review:missing
19.14,"Family ritual, heritage, and intergenerational continuity",19,"Family, Parenting, Reproduction, and Caregiving",draft,PRACTICE-COMP-1914-FAMILY-RITUAL-HERITAGE-AND-INTERGENERATIONAL-CONTINUITY-01,0.1.0,data/practices/protocols/19/PRACTICE-COMP-1914-FAMILY-RITUAL-HERITAGE-AND-INTERGENERATIONAL-CONTINUITY-01.yaml,0c7dfe50b0d7d45af56e06f46f8b1c122baf2ed7356412a94656e83c0d5f640a,PF-QUALIFIED-CONSULTATION,RISK-HIGH,none,false,pending_specialist_expansion_review,SP-NON-SCORED-REFLECTION,not_applicable,inactive,blocked,not_applicable,L03;L16;L26;L28;L37,L03;L16;L26;L28;L37,accessibility_review_status:pending;content_review_status:pending;last_reviewed:missing;originality_review_status:pending;research_gap:RG-M6A-001:open;research_review_status:internal_sources_only_external_review_required;safety_review_status:pending_specialist_expansion_review;sources:incomplete;specialist_review:missing
19.15,"Caregiver limits, respite, and shared responsibility",19,"Family, Parenting, Reproduction, and Caregiving",draft,PRACTICE-COMP-1915-CAREGIVER-LIMITS-RESPITE-AND-SHARED-RESPONSIBILITY-01,0.1.0,data/practices/protocols/19/PRACTICE-COMP-1915-CAREGIVER-LIMITS-RESPITE-AND-SHARED-RESPONSIBILITY-01.yaml,206f966338b5226c5a0ed7e6d7082241b19b8a35dcf216b3bad2048438afcdf6,PF-QUALIFIED-CONSULTATION,RISK-HIGH,none,false,pending_specialist_expansion_review,SP-NON-SCORED-REFLECTION,not_applicable,inactive,blocked,not_applicable,L17;L25;L26;L28;L34,L17;L25;L26;L28;L34,accessibility_review_status:pending;content_review_status:pending;last_reviewed:missing;originality_review_status:pending;research_gap:RG-M6A-001:open;research_review_status:internal_sources_only_external_review_required;safety_review_status:pending_specialist_expansion_review;sources:incomplete;specialist_review:missing
20.01,Social interdependence,20,"Community, Citizenship, Justice, and Nonviolent Action",draft,PRACTICE-COMP-2001-SOCIAL-INTERDEPENDENCE-01,0.1.0,data/practices/protocols/20/PRACTICE-COMP-2001-SOCIAL-INTERDEPENDENCE-01.yaml,bcdba79990b541dafb0ba760b0be6f3530e2550d77d7f7b43bdacaa70e84ee45,PF-ARTIFACT-PLAN,RISK-MODERATE,none,false,pending,SP-SHADOW-ONLY,not_started,inactive,blocked,not_applicable,L24;L26;L30;L31,L24;L26;L30;L31,accessibility_review_status:pending;content_review_status:pending;last_reviewed:missing;originality_review_status:pending;research_gap:RG-M6A-001:open;research_review_status:internal_sources_only_external_review_required;safety_review_status:pending;sources:incomplete;specialist_review:missing
20.02,Civic and governmental literacy,20,"Community, Citizenship, Justice, and Nonviolent Action",draft,PRACTICE-COMP-2002-CIVIC-AND-GOVERNMENTAL-LITERACY-01,0.1.0,data/practices/protocols/20/PRACTICE-COMP-2002-CIVIC-AND-GOVERNMENTAL-LITERACY-01.yaml,0c3d39fa8c4643b15afcac722fa2f6126aa85d9d6b00295f109d82e1b473a259,PF-ARTIFACT-PLAN,RISK-MODERATE,none,false,pending,SP-SHADOW-ONLY,not_started,inactive,blocked,not_applicable,L13;L30;L31;L33,L13;L30;L31;L33,accessibility_review_status:pending;content_review_status:pending;last_reviewed:missing;originality_review_status:pending;research_gap:RG-M6A-001:open;research_review_status:internal_sources_only_external_review_required;safety_review_status:pending;sources:incomplete;specialist_review:missing
20.03,"Rights, duties, law, and civil liberty",20,"Community, Citizenship, Justice, and Nonviolent Action",draft,PRACTICE-COMP-2003-RIGHTS-DUTIES-LAW-AND-CIVIL-LIBERTY-01,0.1.0,data/practices/protocols/20/PRACTICE-COMP-2003-RIGHTS-DUTIES-LAW-AND-CIVIL-LIBERTY-01.yaml,2902fc5fcb69451878c8709e13c82cd61148174febcd9a0376debcb64e5ceb24,PF-ARTIFACT-PLAN,RISK-MODERATE,none,false,pending,SP-SHADOW-ONLY,not_started,inactive,blocked,not_applicable,L02;L13;L30;L31,L02;L13;L30;L31,accessibility_review_status:pending;content_review_status:pending;last_reviewed:missing;originality_review_status:pending;research_gap:RG-M6A-001:open;research_review_status:internal_sources_only_external_review_required;safety_review_status:pending;sources:incomplete;specialist_review:missing
20.04,"Justice, inequality, and social structure",20,"Community, Citizenship, Justice, and Nonviolent Action",draft,PRACTICE-COMP-2004-JUSTICE-INEQUALITY-AND-SOCIAL-STRUCTURE-01,0.1.0,data/practices/protocols/20/PRACTICE-COMP-2004-JUSTICE-INEQUALITY-AND-SOCIAL-STRUCTURE-01.yaml,f4274b78fc2bcf2e1909a9d74609cf050b3e718666e2c296dd3704e81af432a2,PF-ARTIFACT-PLAN,RISK-MODERATE,none,false,pending,SP-SHADOW-ONLY,not_started,inactive,blocked,not_applicable,L14;L24;L30;L31,L14;L24;L30;L31,accessibility_review_status:pending;content_review_status:pending;last_reviewed:missing;originality_review_status:pending;research_gap:RG-M6A-001:open;research_review_status:internal_sources_only_external_review_required;safety_review_status:pending;sources:incomplete;specialist_review:missing
20.05,Engagement across difference,20,"Community, Citizenship, Justice, and Nonviolent Action",draft,PRACTICE-COMP-2005-ENGAGEMENT-ACROSS-DIFFERENCE-01,0.1.0,data/practices/protocols/20/PRACTICE-COMP-2005-ENGAGEMENT-ACROSS-DIFFERENCE-01.yaml,36a0139231e7c0bfbe4b94b6ad37db8bd64600df79f1bec6d0bf18d71c70ba63,PF-ARTIFACT-PLAN,RISK-MODERATE,none,false,pending,SP-SHADOW-ONLY,not_started,inactive,blocked,not_applicable,L23;L24;L29;L31,L23;L24;L29;L31,accessibility_review_status:pending;content_review_status:pending;last_reviewed:missing;originality_review_status:pending;research_gap:RG-M6A-001:open;research_review_status:internal_sources_only_external_review_required;safety_review_status:pending;sources:incomplete;specialist_review:missing
20.06,Service and volunteering,20,"Community, Citizenship, Justice, and Nonviolent Action",draft,PRACTICE-COMP-2006-SERVICE-AND-VOLUNTEERING-01,0.1.0,data/practices/protocols/20/PRACTICE-COMP-2006-SERVICE-AND-VOLUNTEERING-01.yaml,7b2aa9a4fb97f37151a8b441ab9496e0591eb683895e10b3e92ec21de4929ef8,PF-COMMUNITY-CONTRIBUTION,RISK-MODERATE,none,false,pending,SP-SHADOW-ONLY,not_started,inactive,blocked,not_applicable,L10;L24;L26;L30,L10;L24;L26;L30,accessibility_review_status:pending;content_review_status:pending;last_reviewed:missing;originality_review_status:pending;research_gap:RG-M6A-001:open;research_review_status:internal_sources_only_external_review_required;safety_review_status:pending;sources:incomplete;specialist_review:missing
20.07,Helping without paternalism,20,"Community, Citizenship, Justice, and Nonviolent Action",draft,PRACTICE-COMP-2007-HELPING-WITHOUT-PATERNALISM-01,0.1.0,data/practices/protocols/20/PRACTICE-COMP-2007-HELPING-WITHOUT-PATERNALISM-01.yaml,39b2e4641091fbcd900eaffbaa15c81cc47561972ee9ed036f436e247b2d6fc5,PF-ARTIFACT-PLAN,RISK-MODERATE,none,false,pending,SP-SHADOW-ONLY,not_started,inactive,blocked,not_applicable,L24;L25;L30;L31,L24;L25;L30;L31,accessibility_review_status:pending;content_review_status:pending;last_reviewed:missing;originality_review_status:pending;research_gap:RG-M6A-001:open;research_review_status:internal_sources_only_external_review_required;safety_review_status:pending;sources:incomplete;specialist_review:missing
20.08,Collective action and organizing,20,"Community, Citizenship, Justice, and Nonviolent Action",draft,PRACTICE-COMP-2008-COLLECTIVE-ACTION-AND-ORGANIZING-01,0.1.0,data/practices/protocols/20/PRACTICE-COMP-2008-COLLECTIVE-ACTION-AND-ORGANIZING-01.yaml,461c35ca33d3649d87996f645e1817c5f182f9d5cf55cfd8e0a457e41b7bfcaf,PF-ARTIFACT-PLAN,RISK-MODERATE,none,false,pending,SP-SHADOW-ONLY,not_started,inactive,blocked,not_applicable,L10;L23;L30;L33,L10;L23;L30;L33,accessibility_review_status:pending;content_review_status:pending;last_reviewed:missing;originality_review_status:pending;research_gap:RG-M6A-001:open;research_review_status:internal_sources_only_external_review_required;safety_review_status:pending;sources:incomplete;specialist_review:missing
20.09,Public discourse and information responsibility,20,"Community, Citizenship, Justice, and Nonviolent Action",draft,PRACTICE-COMP-2009-PUBLIC-DISCOURSE-AND-INFORMATION-RESPONSIBILITY-01,0.1.0,data/practices/protocols/20/PRACTICE-COMP-2009-PUBLIC-DISCOURSE-AND-INFORMATION-RESPONSIBILITY-01.yaml,b4b6e4762dbf8301015aa8997f641b6d80f9cd606856f82f38844bd80655d08b,PF-ARTIFACT-PLAN,RISK-MODERATE,none,false,pending,SP-SHADOW-ONLY,not_started,inactive,blocked,not_applicable,L13;L23;L30;L31,L13;L23;L30;L31,accessibility_review_status:pending;content_review_status:pending;last_reviewed:missing;originality_review_status:pending;research_gap:RG-M6A-001:open;research_review_status:internal_sources_only_external_review_required;safety_review_status:pending;sources:incomplete;specialist_review:missing
20.10,Stewardship of commons and environment,20,"Community, Citizenship, Justice, and Nonviolent Action",draft,PRACTICE-COMP-2010-STEWARDSHIP-OF-COMMONS-AND-ENVIRONMENT-01,0.1.0,data/practices/protocols/20/PRACTICE-COMP-2010-STEWARDSHIP-OF-COMMONS-AND-ENVIRONMENT-01.yaml,cad9e58f0d4813cb807d15c3c1d251be47600b5cc9cf5381ac41ab456d574537,PF-ARTIFACT-PLAN,RISK-MODERATE,none,false,pending,SP-SHADOW-ONLY,not_started,inactive,blocked,not_applicable,L21;L30;L31;L35,L21;L30;L31;L35,accessibility_review_status:pending;content_review_status:pending;last_reviewed:missing;originality_review_status:pending;research_gap:RG-M6A-001:open;research_review_status:internal_sources_only_external_review_required;safety_review_status:pending;sources:incomplete;specialist_review:missing
20.11,Pluralism and peaceful coexistence,20,"Community, Citizenship, Justice, and Nonviolent Action",draft,PRACTICE-COMP-2011-PLURALISM-AND-PEACEFUL-COEXISTENCE-01,0.1.0,data/practices/protocols/20/PRACTICE-COMP-2011-PLURALISM-AND-PEACEFUL-COEXISTENCE-01.yaml,c69c6799a8303f6b0310b5a25cc462b4e2a44899f9707001de5167f16a3bf02f,PF-ARTIFACT-PLAN,RISK-MODERATE,none,false,pending,SP-SHADOW-ONLY,not_started,inactive,blocked,not_applicable,L24;L29;L30;L31,L24;L29;L30;L31,accessibility_review_status:pending;content_review_status:pending;last_reviewed:missing;originality_review_status:pending;research_gap:RG-M6A-001:open;research_review_status:internal_sources_only_external_review_required;safety_review_status:pending;sources:incomplete;specialist_review:missing
20.12,Institutional and media-system literacy,20,"Community, Citizenship, Justice, and Nonviolent Action",draft,PRACTICE-COMP-2012-INSTITUTIONAL-AND-MEDIA-SYSTEM-LITERACY-01,0.1.0,data/practices/protocols/20/PRACTICE-COMP-2012-INSTITUTIONAL-AND-MEDIA-SYSTEM-LITERACY-01.yaml,56e4bfdccdc0c09827c1bc3a7ecad8baa9a3bc6e020794dd342cd27e8b0cb86a,PF-ARTIFACT-PLAN,RISK-MODERATE,none,false,pending,SP-SHADOW-ONLY,not_started,inactive,blocked,not_applicable,L13;L19;L31;L33,L13;L19;L31;L33,accessibility_review_status:pending;content_review_status:pending;last_reviewed:missing;originality_review_status:pending;research_gap:RG-M6A-001:open;research_review_status:internal_sources_only_external_review_required;safety_review_status:pending;sources:incomplete;specialist_review:missing
20.13,"Propaganda, polarization, and democratic resilience",20,"Community, Citizenship, Justice, and Nonviolent Action",draft,PRACTICE-COMP-2013-PROPAGANDA-POLARIZATION-AND-DEMOCRATIC-RESILIENCE-01,0.1.0,data/practices/protocols/20/PRACTICE-COMP-2013-PROPAGANDA-POLARIZATION-AND-DEMOCRATIC-RESILIENCE-01.yaml,867611f272e425ef1b4b07f7fde749f9c1aa17d73165aa0d0bc475371ed2dcb6,PF-ARTIFACT-PLAN,RISK-MODERATE,none,false,pending,SP-SHADOW-ONLY,not_started,inactive,blocked,not_applicable,L13;L19;L29;L31,L13;L19;L29;L31,accessibility_review_status:pending;content_review_status:pending;last_reviewed:missing;originality_review_status:pending;research_gap:RG-M6A-001:open;research_review_status:internal_sources_only_external_review_required;safety_review_status:pending;sources:incomplete;specialist_review:missing
20.14,Nonviolent action and conflict transformation,20,"Community, Citizenship, Justice, and Nonviolent Action",draft,PRACTICE-COMP-2014-NONVIOLENT-ACTION-AND-CONFLICT-TRANSFORMATION-01,0.1.0,data/practices/protocols/20/PRACTICE-COMP-2014-NONVIOLENT-ACTION-AND-CONFLICT-TRANSFORMATION-01.yaml,31fc40e440f37efb55e5fdc0ccf114c7b84b734ae723ae31a900e6a9757fe0c4,PF-RELATIONAL-CONVERSATION,RISK-MODERATE,none,false,pending,SP-SHADOW-ONLY,not_started,inactive,blocked,not_applicable,L29;L30;L31;L33,L29;L30;L31;L33,accessibility_review_status:pending;content_review_status:pending;last_reviewed:missing;originality_review_status:pending;research_gap:RG-M6A-001:open;research_review_status:internal_sources_only_external_review_required;safety_review_status:pending;sources:incomplete;specialist_review:missing
20.15,Civil disobedience and principled lawbreaking,20,"Community, Citizenship, Justice, and Nonviolent Action",draft,PRACTICE-COMP-2015-CIVIL-DISOBEDIENCE-AND-PRINCIPLED-LAWBREAKING-01,0.1.0,data/practices/protocols/20/PRACTICE-COMP-2015-CIVIL-DISOBEDIENCE-AND-PRINCIPLED-LAWBREAKING-01.yaml,2657fe2966741cb4122d061047c23e4f3ff4359a5abb1a19c3a89e5a521b926b,PF-SAFETY-PREPARATION,RISK-HIGH,none,false,pending_specialist_expansion_review,SP-NON-SCORED-REFLECTION,not_applicable,inactive,blocked,not_applicable,L02;L20;L30;L31,L02;L20;L30;L31,accessibility_review_status:pending;content_review_status:pending;last_reviewed:missing;originality_review_status:pending;research_gap:RG-M6A-001:open;research_review_status:internal_sources_only_external_review_required;safety_review_status:pending_specialist_expansion_review;sources:incomplete;specialist_review:missing
20.16,Mutual aid and community resilience,20,"Community, Citizenship, Justice, and Nonviolent Action",draft,PRACTICE-COMP-2016-MUTUAL-AID-AND-COMMUNITY-RESILIENCE-01,0.1.0,data/practices/protocols/20/PRACTICE-COMP-2016-MUTUAL-AID-AND-COMMUNITY-RESILIENCE-01.yaml,a9671f996d83fe3387515abb13fde27eba0390c08929f3b7c5b8f7b2f7ee441c,PF-SAFETY-PREPARATION,RISK-HIGH,none,false,pending_specialist_expansion_review,SP-NON-SCORED-REFLECTION,not_applicable,inactive,blocked,not_applicable,L20;L26;L28;L30,L20;L26;L28;L30,accessibility_review_status:pending;content_review_status:pending;last_reviewed:missing;originality_review_status:pending;research_gap:RG-M6A-001:open;research_review_status:internal_sources_only_external_review_required;safety_review_status:pending_specialist_expansion_review;sources:incomplete;specialist_review:missing
20.17,Social insurance and shared risk,20,"Community, Citizenship, Justice, and Nonviolent Action",draft,PRACTICE-COMP-2017-SOCIAL-INSURANCE-AND-SHARED-RISK-01,0.1.0,data/practices/protocols/20/PRACTICE-COMP-2017-SOCIAL-INSURANCE-AND-SHARED-RISK-01.yaml,ca4515ba94a2d7f77168815d2f16a9bd06b8e562fee755f5324c750300e19c8a,PF-ARTIFACT-PLAN,RISK-MODERATE,none,false,pending,SP-SHADOW-ONLY,not_started,inactive,blocked,not_applicable,L21;L22;L30;L31,L21;L22;L30;L31,accessibility_review_status:pending;content_review_status:pending;last_reviewed:missing;originality_review_status:pending;research_gap:RG-M6A-001:open;research_review_status:internal_sources_only_external_review_required;safety_review_status:pending;sources:incomplete;specialist_review:missing
20.18,Peacebuilding and reconciliation after collective harm,20,"Community, Citizenship, Justice, and Nonviolent Action",draft,PRACTICE-COMP-2018-PEACEBUILDING-AND-RECONCILIATION-AFTER-COLLECTIVE-HARM-01,0.1.0,data/practices/protocols/20/PRACTICE-COMP-2018-PEACEBUILDING-AND-RECONCILIATION-AFTER-COLLECTIVE-HARM-01.yaml,2879d9a8dd5f2e970566ff6f46213aeba24bb5c3f850c1e83fc2d14addb4b345,PF-SAFETY-PREPARATION,RISK-HIGH,none,false,pending_specialist_expansion_review,SP-NON-SCORED-REFLECTION,not_applicable,inactive,blocked,not_applicable,L24;L29;L30;L31,L24;L29;L30;L31,accessibility_review_status:pending;content_review_status:pending;last_reviewed:missing;originality_review_status:pending;research_gap:RG-M6A-001:open;research_review_status:internal_sources_only_external_review_required;safety_review_status:pending_specialist_expansion_review;sources:incomplete;specialist_review:missing
21.01,Work worth doing,21,"Work, Craft, Professionalism, and Labor Ethics",draft,PRACTICE-COMP-2101-WORK-WORTH-DOING-01,0.1.0,data/practices/protocols/21/PRACTICE-COMP-2101-WORK-WORTH-DOING-01.yaml,5f6c0c12dd2b6834a923b48a8a43bdbab8d3b5cf2f190dc1ddc71c7cc2745d5a,PF-CONTEMPLATIVE-MEANING,RISK-MODERATE,none,false,pending,SP-SHADOW-ONLY,not_started,inactive,blocked,not_applicable,L01;L32;L36,L01;L32;L36,accessibility_review_status:pending;content_review_status:pending;last_reviewed:missing;originality_review_status:pending;research_gap:RG-M6A-001:open;research_review_status:internal_sources_only_external_review_required;safety_review_status:pending;sources:incomplete;specialist_review:missing
21.02,Professional reliability,21,"Work, Craft, Professionalism, and Labor Ethics",draft,PRACTICE-COMP-2102-PROFESSIONAL-RELIABILITY-01,0.1.0,data/practices/protocols/21/PRACTICE-COMP-2102-PROFESSIONAL-RELIABILITY-01.yaml,f11483728fad451cb81d2199b7c2940fdde76ca69ae061f9eee088cb8a6a3509,PF-SKILL-REHEARSAL,RISK-MODERATE,none,false,pending,SP-SHADOW-ONLY,not_started,inactive,blocked,not_applicable,L02;L10;L32,L02;L10;L32,accessibility_review_status:pending;content_review_status:pending;last_reviewed:missing;originality_review_status:pending;research_gap:RG-M6A-001:open;research_review_status:internal_sources_only_external_review_required;safety_review_status:pending;sources:incomplete;specialist_review:missing
21.03,Foundational craft competence,21,"Work, Craft, Professionalism, and Labor Ethics",draft,PRACTICE-COMP-2103-FOUNDATIONAL-CRAFT-COMPETENCE-01,0.1.0,data/practices/protocols/21/PRACTICE-COMP-2103-FOUNDATIONAL-CRAFT-COMPETENCE-01.yaml,2bd5190495f57037e1af5ae88faf9cf3b09575a625a599fb785955f6d7278f2c,PF-SKILL-REHEARSAL,RISK-MODERATE,none,false,pending,SP-SHADOW-ONLY,not_started,inactive,blocked,not_applicable,L10;L15;L32,L10;L15;L32,accessibility_review_status:pending;content_review_status:pending;last_reviewed:missing;originality_review_status:pending;research_gap:RG-M6A-001:open;research_review_status:internal_sources_only_external_review_required;safety_review_status:pending;sources:incomplete;specialist_review:missing
21.04,Deliberate mastery and expertise,21,"Work, Craft, Professionalism, and Labor Ethics",draft,PRACTICE-COMP-2104-DELIBERATE-MASTERY-AND-EXPERTISE-01,0.1.0,data/practices/protocols/21/PRACTICE-COMP-2104-DELIBERATE-MASTERY-AND-EXPERTISE-01.yaml,1e59943fef88a11ecb7be86431a609870ffdd7552e5a8391cfbaaa126f03923c,PF-SKILL-REHEARSAL,RISK-MODERATE,none,false,pending,SP-SHADOW-ONLY,not_started,inactive,blocked,not_applicable,L10;L15;L32,L10;L15;L32,accessibility_review_status:pending;content_review_status:pending;last_reviewed:missing;originality_review_status:pending;research_gap:RG-M6A-001:open;research_review_status:internal_sources_only_external_review_required;safety_review_status:pending;sources:incomplete;specialist_review:missing
21.05,"Quality, craftsmanship, and reputation",21,"Work, Craft, Professionalism, and Labor Ethics",draft,PRACTICE-COMP-2105-QUALITY-CRAFTSMANSHIP-AND-REPUTATION-01,0.1.0,data/practices/protocols/21/PRACTICE-COMP-2105-QUALITY-CRAFTSMANSHIP-AND-REPUTATION-01.yaml,9425bda9f180882606bbe297e2f68cfc658a3e27e27152485510403c6c5791aa,PF-CONTEMPLATIVE-MEANING,RISK-MODERATE,none,false,pending,SP-SHADOW-ONLY,not_started,inactive,blocked,not_applicable,L02;L10;L16;L32,L02;L10;L16;L32,accessibility_review_status:pending;content_review_status:pending;last_reviewed:missing;originality_review_status:pending;research_gap:RG-M6A-001:open;research_review_status:internal_sources_only_external_review_required;safety_review_status:pending;sources:incomplete;specialist_review:missing
21.06,"Customer, stakeholder, and user understanding",21,"Work, Craft, Professionalism, and Labor Ethics",draft,PRACTICE-COMP-2106-CUSTOMER-STAKEHOLDER-AND-USER-UNDERSTANDING-01,0.1.0,data/practices/protocols/21/PRACTICE-COMP-2106-CUSTOMER-STAKEHOLDER-AND-USER-UNDERSTANDING-01.yaml,14ee92b421c03677af763398f0a371e38074cc167d10878f4361950e8484274c,PF-SKILL-REHEARSAL,RISK-MODERATE,none,false,pending,SP-SHADOW-ONLY,not_started,inactive,blocked,not_applicable,L22;L23;L24;L32,L22;L23;L24;L32,accessibility_review_status:pending;content_review_status:pending;last_reviewed:missing;originality_review_status:pending;research_gap:RG-M6A-001:open;research_review_status:internal_sources_only_external_review_required;safety_review_status:pending;sources:incomplete;specialist_review:missing
21.07,Systems and organizational awareness,21,"Work, Craft, Professionalism, and Labor Ethics",draft,PRACTICE-COMP-2107-SYSTEMS-AND-ORGANIZATIONAL-AWARENESS-01,0.1.0,data/practices/protocols/21/PRACTICE-COMP-2107-SYSTEMS-AND-ORGANIZATIONAL-AWARENESS-01.yaml,0d7eb583dc2bf532708fb2873e21103966c03da49d90533c5bd7ffc39dc9113d,PF-SKILL-REHEARSAL,RISK-MODERATE,none,false,pending,SP-SHADOW-ONLY,not_started,inactive,blocked,not_applicable,L14;L31;L32;L33,L14;L31;L32;L33,accessibility_review_status:pending;content_review_status:pending;last_reviewed:missing;originality_review_status:pending;research_gap:RG-M6A-001:open;research_review_status:internal_sources_only_external_review_required;safety_review_status:pending;sources:incomplete;specialist_review:missing
21.08,Project delivery,21,"Work, Craft, Professionalism, and Labor Ethics",draft,PRACTICE-COMP-2108-PROJECT-DELIVERY-01,0.1.0,data/practices/protocols/21/PRACTICE-COMP-2108-PROJECT-DELIVERY-01.yaml,16b8d255b6650c701dbdcfcd8e3f84916cf211d12a6083ad2bde84b99603fba7,PF-SKILL-REHEARSAL,RISK-MODERATE,none,false,pending,SP-SHADOW-ONLY,not_started,inactive,blocked,not_applicable,L10;L14;L32,L10;L14;L32,accessibility_review_status:pending;content_review_status:pending;last_reviewed:missing;originality_review_status:pending;research_gap:RG-M6A-001:open;research_review_status:internal_sources_only_external_review_required;safety_review_status:pending;sources:incomplete;specialist_review:missing
21.09,Collaboration and team contribution,21,"Work, Craft, Professionalism, and Labor Ethics",draft,PRACTICE-COMP-2109-COLLABORATION-AND-TEAM-CONTRIBUTION-01,0.1.0,data/practices/protocols/21/PRACTICE-COMP-2109-COLLABORATION-AND-TEAM-CONTRIBUTION-01.yaml,550880e57501489f999b8232f87f5dffc45b36e09d32702fca7f2f22a37c3830,PF-RELATIONAL-CONVERSATION,RISK-MODERATE,none,false,pending,SP-SHADOW-ONLY,not_started,inactive,blocked,not_applicable,L23;L26;L32;L33,L23;L26;L32;L33,accessibility_review_status:pending;content_review_status:pending;last_reviewed:missing;originality_review_status:pending;research_gap:RG-M6A-001:open;research_review_status:internal_sources_only_external_review_required;safety_review_status:pending;sources:incomplete;specialist_review:missing
21.10,Innovation and improvement,21,"Work, Craft, Professionalism, and Labor Ethics",draft,PRACTICE-COMP-2110-INNOVATION-AND-IMPROVEMENT-01,0.1.0,data/practices/protocols/21/PRACTICE-COMP-2110-INNOVATION-AND-IMPROVEMENT-01.yaml,598578ea59b212461b5856c4f93ce47c6fe21096f9c31a917e2b08f97b1d9c10,PF-SKILL-REHEARSAL,RISK-MODERATE,none,false,pending,SP-SHADOW-ONLY,not_started,inactive,blocked,not_applicable,L11;L14;L16;L32,L11;L14;L16;L32,accessibility_review_status:pending;content_review_status:pending;last_reviewed:missing;originality_review_status:pending;research_gap:RG-M6A-001:open;research_review_status:internal_sources_only_external_review_required;safety_review_status:pending;sources:incomplete;specialist_review:missing
21.11,Career adaptability and marketable capability,21,"Work, Craft, Professionalism, and Labor Ethics",draft,PRACTICE-COMP-2111-CAREER-ADAPTABILITY-AND-MARKETABLE-CAPABILITY-01,0.1.0,data/practices/protocols/21/PRACTICE-COMP-2111-CAREER-ADAPTABILITY-AND-MARKETABLE-CAPABILITY-01.yaml,7b6416f7490a16b07b4a0ac94a5458eeea5e885eb343b7dadd3dfdbaf0b4f007,PF-SKILL-REHEARSAL,RISK-MODERATE,none,false,pending,SP-SHADOW-ONLY,not_started,inactive,blocked,not_applicable,L11;L15;L22;L32,L11;L15;L22;L32,accessibility_review_status:pending;content_review_status:pending;last_reviewed:missing;originality_review_status:pending;research_gap:RG-M6A-001:open;research_review_status:internal_sources_only_external_review_required;safety_review_status:pending;sources:incomplete;specialist_review:missing
21.12,Meaningful contribution and service through work,21,"Work, Craft, Professionalism, and Labor Ethics",draft,PRACTICE-COMP-2112-MEANINGFUL-CONTRIBUTION-AND-SERVICE-THROUGH-WORK-01,0.1.0,data/practices/protocols/21/PRACTICE-COMP-2112-MEANINGFUL-CONTRIBUTION-AND-SERVICE-THROUGH-WORK-01.yaml,a06735f8beb927041904d14daad97f9a415547b214b2a7cf6b8f7dd8a499ab15,PF-CONTEMPLATIVE-MEANING,RISK-MODERATE,none,false,pending,SP-SHADOW-ONLY,not_started,inactive,blocked,not_applicable,L01;L24;L30;L32,L01;L24;L30;L32,accessibility_review_status:pending;content_review_status:pending;last_reviewed:missing;originality_review_status:pending;research_gap:RG-M6A-001:open;research_review_status:internal_sources_only_external_review_required;safety_review_status:pending;sources:incomplete;specialist_review:missing
21.13,"Documentation, maintainability, and professional legacy",21,"Work, Craft, Professionalism, and Labor Ethics",draft,PRACTICE-COMP-2113-DOCUMENTATION-MAINTAINABILITY-AND-PROFESSIONAL-LEGACY-01,0.1.0,data/practices/protocols/21/PRACTICE-COMP-2113-DOCUMENTATION-MAINTAINABILITY-AND-PROFESSIONAL-LEGACY-01.yaml,49629be948763ce059742612b318aa7965121d25db35ce1c9c7c431be8d250f3,PF-SKILL-REHEARSAL,RISK-MODERATE,none,false,pending,SP-SHADOW-ONLY,not_started,inactive,blocked,not_applicable,L10;L15;L23;L32;L37,L10;L15;L23;L32;L37,accessibility_review_status:pending;content_review_status:pending;last_reviewed:missing;originality_review_status:pending;research_gap:RG-M6A-001:open;research_review_status:internal_sources_only_external_review_required;safety_review_status:pending;sources:incomplete;specialist_review:missing
21.14,"Efficiency, thoroughness, and quality tradeoffs",21,"Work, Craft, Professionalism, and Labor Ethics",draft,PRACTICE-COMP-2114-EFFICIENCY-THOROUGHNESS-AND-QUALITY-TRADEOFFS-01,0.1.0,data/practices/protocols/21/PRACTICE-COMP-2114-EFFICIENCY-THOROUGHNESS-AND-QUALITY-TRADEOFFS-01.yaml,a9644b4f1f77490dcd0aca4fd8e7e3ba08aed88e6c804a0095771f0019fb52d9,PF-SKILL-REHEARSAL,RISK-MODERATE,none,false,pending,SP-SHADOW-ONLY,not_started,inactive,blocked,not_applicable,L02;L10;L14;L32,L02;L10;L14;L32,accessibility_review_status:pending;content_review_status:pending;last_reviewed:missing;originality_review_status:pending;research_gap:RG-M6A-001:open;research_review_status:internal_sources_only_external_review_required;safety_review_status:pending;sources:incomplete;specialist_review:missing
21.15,Worker rights and employment law literacy,21,"Work, Craft, Professionalism, and Labor Ethics",draft,PRACTICE-COMP-2115-WORKER-RIGHTS-AND-EMPLOYMENT-LAW-LITERACY-01,0.1.0,data/practices/protocols/21/PRACTICE-COMP-2115-WORKER-RIGHTS-AND-EMPLOYMENT-LAW-LITERACY-01.yaml,7914bef1a81563d2b606ce3d193bc026ee5d7fa199a855568a6678f4564f733a,PF-SKILL-REHEARSAL,RISK-MODERATE,none,false,pending,SP-SHADOW-ONLY,not_started,inactive,blocked,not_applicable,L13;L22;L31;L32,L13;L22;L31;L32,accessibility_review_status:pending;content_review_status:pending;last_reviewed:missing;originality_review_status:pending;research_gap:RG-M6A-001:open;research_review_status:internal_sources_only_external_review_required;safety_review_status:pending;sources:incomplete;specialist_review:missing
21.16,"Power asymmetry, exploitation, and precarity",21,"Work, Craft, Professionalism, and Labor Ethics",draft,PRACTICE-COMP-2116-POWER-ASYMMETRY-EXPLOITATION-AND-PRECARITY-01,0.1.0,data/practices/protocols/21/PRACTICE-COMP-2116-POWER-ASYMMETRY-EXPLOITATION-AND-PRECARITY-01.yaml,c048e78db663f002f802b361bced32f8bb5201768f45006f54f8f4c0b844bb29,PF-SKILL-REHEARSAL,RISK-MODERATE,none,false,pending,SP-SHADOW-ONLY,not_started,inactive,blocked,not_applicable,L22;L31;L32;L33,L22;L31;L32;L33,accessibility_review_status:pending;content_review_status:pending;last_reviewed:missing;originality_review_status:pending;research_gap:RG-M6A-001:open;research_review_status:internal_sources_only_external_review_required;safety_review_status:pending;sources:incomplete;specialist_review:missing
21.17,"Collective bargaining, unions, and worker voice",21,"Work, Craft, Professionalism, and Labor Ethics",draft,PRACTICE-COMP-2117-COLLECTIVE-BARGAINING-UNIONS-AND-WORKER-VOICE-01,0.1.0,data/practices/protocols/21/PRACTICE-COMP-2117-COLLECTIVE-BARGAINING-UNIONS-AND-WORKER-VOICE-01.yaml,cdcfa8a44964923492fbb8ae63fd3ef4283d24fc6513834b8a64d532956f2b63,PF-SKILL-REHEARSAL,RISK-MODERATE,none,false,pending,SP-SHADOW-ONLY,not_started,inactive,blocked,not_applicable,L23;L30;L31;L32,L23;L30;L31;L32,accessibility_review_status:pending;content_review_status:pending;last_reviewed:missing;originality_review_status:pending;research_gap:RG-M6A-001:open;research_review_status:internal_sources_only_external_review_required;safety_review_status:pending;sources:incomplete;specialist_review:missing
21.18,Inclusive and accessible work,21,"Work, Craft, Professionalism, and Labor Ethics",draft,PRACTICE-COMP-2118-INCLUSIVE-AND-ACCESSIBLE-WORK-01,0.1.0,data/practices/protocols/21/PRACTICE-COMP-2118-INCLUSIVE-AND-ACCESSIBLE-WORK-01.yaml,c340ba10e7f1b1df3415afbb535b0ce6288b437faf86d70aad81ba2681556b4f,PF-RELATIONAL-CONVERSATION,RISK-MODERATE,none,false,pending,SP-SHADOW-ONLY,not_started,inactive,blocked,not_applicable,L24;L31;L32;L33,L24;L31;L32;L33,accessibility_review_status:pending;content_review_status:pending;last_reviewed:missing;originality_review_status:pending;research_gap:RG-M6A-001:open;research_review_status:internal_sources_only_external_review_required;safety_review_status:pending;sources:incomplete;specialist_review:missing
21.19,"Work boundaries, rest, and freedom from total identity",21,"Work, Craft, Professionalism, and Labor Ethics",draft,PRACTICE-COMP-2119-WORK-BOUNDARIES-REST-AND-FREEDOM-FROM-TOTAL-IDENTITY-01,0.1.0,data/practices/protocols/21/PRACTICE-COMP-2119-WORK-BOUNDARIES-REST-AND-FREEDOM-FROM-TOTAL-IDENTITY-01.yaml,202e0e1d07e2d3feeb3eaed80294e30ccdbbc9cc24fe7e39e7980b6f4a29201b,PF-RELATIONAL-CONVERSATION,RISK-MODERATE,none,false,pending,SP-SHADOW-ONLY,not_started,inactive,blocked,not_applicable,L25;L32;L34;L36,L25;L32;L34;L36,accessibility_review_status:pending;content_review_status:pending;last_reviewed:missing;originality_review_status:pending;research_gap:RG-M6A-001:open;research_review_status:internal_sources_only_external_review_required;safety_review_status:pending;sources:incomplete;specialist_review:missing
22.01,Self-leadership and credibility,22,"Leadership, Power, Mentorship, and Institutions",draft,PRACTICE-COMP-2201-SELF-LEADERSHIP-AND-CREDIBILITY-01,0.1.0,data/practices/protocols/22/PRACTICE-COMP-2201-SELF-LEADERSHIP-AND-CREDIBILITY-01.yaml,0495c391b1ac49f7bc9dde68701730d5189fa87dad3217c9ade31cfb3c7567da,PF-AUDIT-REDESIGN,RISK-MODERATE,none,false,pending,SP-SHADOW-ONLY,not_started,inactive,blocked,not_applicable,L02;L05;L10;L33,L02;L05;L10;L33,accessibility_review_status:pending;content_review_status:pending;last_reviewed:missing;originality_review_status:pending;research_gap:RG-M6A-001:open;research_review_status:internal_sources_only_external_review_required;safety_review_status:pending;sources:incomplete;specialist_review:missing
22.02,"Direction, vision, and priorities",22,"Leadership, Power, Mentorship, and Institutions",draft,PRACTICE-COMP-2202-DIRECTION-VISION-AND-PRIORITIES-01,0.1.0,data/practices/protocols/22/PRACTICE-COMP-2202-DIRECTION-VISION-AND-PRIORITIES-01.yaml,a7ac887109e216b31c7de91cdf791ce9aac40b98a50ff3e99c2a0532c30257f5,PF-AUDIT-REDESIGN,RISK-MODERATE,none,false,pending,SP-SHADOW-ONLY,not_started,inactive,blocked,not_applicable,L01;L14;L33;L36,L01;L14;L33;L36,accessibility_review_status:pending;content_review_status:pending;last_reviewed:missing;originality_review_status:pending;research_gap:RG-M6A-001:open;research_review_status:internal_sources_only_external_review_required;safety_review_status:pending;sources:incomplete;specialist_review:missing
22.03,Authority and ethical use of power,22,"Leadership, Power, Mentorship, and Institutions",draft,PRACTICE-COMP-2203-AUTHORITY-AND-ETHICAL-USE-OF-POWER-01,0.1.0,data/practices/protocols/22/PRACTICE-COMP-2203-AUTHORITY-AND-ETHICAL-USE-OF-POWER-01.yaml,169f500f6cfd1ff9ff5d144d251ad27a49346db7305dd7ccb9d1498de354fa91,PF-RELATIONAL-CONVERSATION,RISK-MODERATE,none,false,pending,SP-SHADOW-ONLY,not_started,inactive,blocked,not_applicable,L02;L24;L31;L33,L02;L24;L31;L33,accessibility_review_status:pending;content_review_status:pending;last_reviewed:missing;originality_review_status:pending;research_gap:RG-M6A-001:open;research_review_status:internal_sources_only_external_review_required;safety_review_status:pending;sources:incomplete;specialist_review:missing
22.04,Decision-making under responsibility,22,"Leadership, Power, Mentorship, and Institutions",draft,PRACTICE-COMP-2204-DECISION-MAKING-UNDER-RESPONSIBILITY-01,0.1.0,data/practices/protocols/22/PRACTICE-COMP-2204-DECISION-MAKING-UNDER-RESPONSIBILITY-01.yaml,43c05055556c8622426a0f0a142a25198059c08d041a52cf6f42fec6924c3f12,PF-AUDIT-REDESIGN,RISK-MODERATE,none,false,pending,SP-SHADOW-ONLY,not_started,inactive,blocked,not_applicable,L02;L14;L20;L33,L02;L14;L20;L33,accessibility_review_status:pending;content_review_status:pending;last_reviewed:missing;originality_review_status:pending;research_gap:RG-M6A-001:open;research_review_status:internal_sources_only_external_review_required;safety_review_status:pending;sources:incomplete;specialist_review:missing
22.05,Delegation and empowerment,22,"Leadership, Power, Mentorship, and Institutions",draft,PRACTICE-COMP-2205-DELEGATION-AND-EMPOWERMENT-01,0.1.0,data/practices/protocols/22/PRACTICE-COMP-2205-DELEGATION-AND-EMPOWERMENT-01.yaml,092b29df6763986177c00d9e62b35d7a01caed11446803691870eb5a2c79b267,PF-AUDIT-REDESIGN,RISK-MODERATE,none,false,pending,SP-SHADOW-ONLY,not_started,inactive,blocked,not_applicable,L23;L24;L25;L33,L23;L24;L25;L33,accessibility_review_status:pending;content_review_status:pending;last_reviewed:missing;originality_review_status:pending;research_gap:RG-M6A-001:open;research_review_status:internal_sources_only_external_review_required;safety_review_status:pending;sources:incomplete;specialist_review:missing
22.06,"Coaching, mentorship, and development",22,"Leadership, Power, Mentorship, and Institutions",draft,PRACTICE-COMP-2206-COACHING-MENTORSHIP-AND-DEVELOPMENT-01,0.1.0,data/practices/protocols/22/PRACTICE-COMP-2206-COACHING-MENTORSHIP-AND-DEVELOPMENT-01.yaml,b1de8499e224c2532ed528c4656677bbd563b7be48209e224f8efc98496e805b,PF-RELATIONAL-CONVERSATION,RISK-MODERATE,none,false,pending,SP-SHADOW-ONLY,not_started,inactive,blocked,not_applicable,L15;L23;L24;L33,L15;L23;L24;L33,accessibility_review_status:pending;content_review_status:pending;last_reviewed:missing;originality_review_status:pending;research_gap:RG-M6A-001:open;research_review_status:internal_sources_only_external_review_required;safety_review_status:pending;sources:incomplete;specialist_review:missing
22.07,Accountability and standards,22,"Leadership, Power, Mentorship, and Institutions",draft,PRACTICE-COMP-2207-ACCOUNTABILITY-AND-STANDARDS-01,0.1.0,data/practices/protocols/22/PRACTICE-COMP-2207-ACCOUNTABILITY-AND-STANDARDS-01.yaml,cebf485e0c6eb224a03b3423941c2ee2e4f09df2e78529dae76ed3a8bc917a47,PF-AUDIT-REDESIGN,RISK-MODERATE,none,false,pending,SP-SHADOW-ONLY,not_started,inactive,blocked,not_applicable,L02;L10;L23;L33,L02;L10;L23;L33,accessibility_review_status:pending;content_review_status:pending;last_reviewed:missing;originality_review_status:pending;research_gap:RG-M6A-001:open;research_review_status:internal_sources_only_external_review_required;safety_review_status:pending;sources:incomplete;specialist_review:missing
22.08,"Conflict, dissent, and psychological safety",22,"Leadership, Power, Mentorship, and Institutions",draft,PRACTICE-COMP-2208-CONFLICT-DISSENT-AND-PSYCHOLOGICAL-SAFETY-01,0.1.0,data/practices/protocols/22/PRACTICE-COMP-2208-CONFLICT-DISSENT-AND-PSYCHOLOGICAL-SAFETY-01.yaml,814bb87ec8a2e582b6c5a6a3c5334f5df088fc3ea90723ffe627a14c0a64fe4a,PF-CONTEMPLATIVE-MEANING,RISK-MODERATE,none,false,pending,SP-SHADOW-ONLY,not_started,inactive,blocked,not_applicable,L25;L29;L31;L33,L25;L29;L31;L33,accessibility_review_status:pending;content_review_status:pending;last_reviewed:missing;originality_review_status:pending;research_gap:RG-M6A-001:open;research_review_status:internal_sources_only_external_review_required;safety_review_status:pending;sources:incomplete;specialist_review:missing
22.09,Culture and institutional design,22,"Leadership, Power, Mentorship, and Institutions",draft,PRACTICE-COMP-2209-CULTURE-AND-INSTITUTIONAL-DESIGN-01,0.1.0,data/practices/protocols/22/PRACTICE-COMP-2209-CULTURE-AND-INSTITUTIONAL-DESIGN-01.yaml,ab7e461bff9cfc57eb60672dfca8b79d0805051270a7d9b662392f1193a4f60b,PF-CONTEMPLATIVE-MEANING,RISK-MODERATE,none,false,pending,SP-SHADOW-ONLY,not_started,inactive,blocked,not_applicable,L14;L26;L31;L33,L14;L26;L31;L33,accessibility_review_status:pending;content_review_status:pending;last_reviewed:missing;originality_review_status:pending;research_gap:RG-M6A-001:open;research_review_status:internal_sources_only_external_review_required;safety_review_status:pending;sources:incomplete;specialist_review:missing
22.10,Organizational politics and stakeholder navigation,22,"Leadership, Power, Mentorship, and Institutions",draft,PRACTICE-COMP-2210-ORGANIZATIONAL-POLITICS-AND-STAKEHOLDER-NAVIGATION-01,0.1.0,data/practices/protocols/22/PRACTICE-COMP-2210-ORGANIZATIONAL-POLITICS-AND-STAKEHOLDER-NAVIGATION-01.yaml,f6cac2c4a4d7b061f1b11d2167821773b1fdadca07569cfa52ad8d20ee5be068,PF-RELATIONAL-CONVERSATION,RISK-MODERATE,none,false,pending,SP-SHADOW-ONLY,not_started,inactive,blocked,not_applicable,L14;L23;L24;L31;L33,L14;L23;L24;L31;L33,accessibility_review_status:pending;content_review_status:pending;last_reviewed:missing;originality_review_status:pending;research_gap:RG-M6A-001:open;research_review_status:internal_sources_only_external_review_required;safety_review_status:pending;sources:incomplete;specialist_review:missing
22.11,Crisis leadership,22,"Leadership, Power, Mentorship, and Institutions",draft,PRACTICE-COMP-2211-CRISIS-LEADERSHIP-01,0.1.0,data/practices/protocols/22/PRACTICE-COMP-2211-CRISIS-LEADERSHIP-01.yaml,f874207b9e2fb1794a5073ccfc634461d0163b7c7ab4237b1a138cc07a84bc35,PF-AUDIT-REDESIGN,RISK-MODERATE,none,false,pending,SP-SHADOW-ONLY,not_started,inactive,blocked,not_applicable,L07;L14;L20;L33,L07;L14;L20;L33,accessibility_review_status:pending;content_review_status:pending;last_reviewed:missing;originality_review_status:pending;research_gap:RG-M6A-001:open;research_review_status:internal_sources_only_external_review_required;safety_review_status:pending;sources:incomplete;specialist_review:missing
22.12,Succession and institutional stewardship,22,"Leadership, Power, Mentorship, and Institutions",draft,PRACTICE-COMP-2212-SUCCESSION-AND-INSTITUTIONAL-STEWARDSHIP-01,0.1.0,data/practices/protocols/22/PRACTICE-COMP-2212-SUCCESSION-AND-INSTITUTIONAL-STEWARDSHIP-01.yaml,ae2ed608142d4c4642cd0ef2f487a3b45ee24a83072b66b96173a5deeefc1fdc,PF-AUDIT-REDESIGN,RISK-MODERATE,none,false,pending,SP-SHADOW-ONLY,not_started,inactive,blocked,not_applicable,L15;L32;L33;L37,L15;L32;L33;L37,accessibility_review_status:pending;content_review_status:pending;last_reviewed:missing;originality_review_status:pending;research_gap:RG-M6A-001:open;research_review_status:internal_sources_only_external_review_required;safety_review_status:pending;sources:incomplete;specialist_review:missing
22.13,Anti-corruption and conflicts of interest,22,"Leadership, Power, Mentorship, and Institutions",draft,PRACTICE-COMP-2213-ANTI-CORRUPTION-AND-CONFLICTS-OF-INTEREST-01,0.1.0,data/practices/protocols/22/PRACTICE-COMP-2213-ANTI-CORRUPTION-AND-CONFLICTS-OF-INTEREST-01.yaml,b6e99809d7a9d7243939acc8b6c79e140aa6c4a3fb97ed216dc30acdd24b2cf5,PF-QUALIFIED-CONSULTATION,RISK-HIGH,none,false,pending_specialist_expansion_review,SP-NON-SCORED-REFLECTION,not_applicable,inactive,blocked,not_applicable,L02;L13;L31;L33,L02;L13;L31;L33,accessibility_review_status:pending;content_review_status:pending;last_reviewed:missing;originality_review_status:pending;research_gap:RG-M6A-001:open;research_review_status:internal_sources_only_external_review_required;safety_review_status:pending_specialist_expansion_review;sources:incomplete;specialist_review:missing
22.14,Institutional capture and concentrated power,22,"Leadership, Power, Mentorship, and Institutions",draft,PRACTICE-COMP-2214-INSTITUTIONAL-CAPTURE-AND-CONCENTRATED-POWER-01,0.1.0,data/practices/protocols/22/PRACTICE-COMP-2214-INSTITUTIONAL-CAPTURE-AND-CONCENTRATED-POWER-01.yaml,505c838e875af5d3135846ff538220628e33ecd78c5bdf0abf177a3b0c1bfacd,PF-AUDIT-REDESIGN,RISK-MODERATE,none,false,pending,SP-SHADOW-ONLY,not_started,inactive,blocked,not_applicable,L13;L14;L31;L33,L13;L14;L31;L33,accessibility_review_status:pending;content_review_status:pending;last_reviewed:missing;originality_review_status:pending;research_gap:RG-M6A-001:open;research_review_status:internal_sources_only_external_review_required;safety_review_status:pending;sources:incomplete;specialist_review:missing
22.15,Whistleblowing and protected dissent,22,"Leadership, Power, Mentorship, and Institutions",draft,PRACTICE-COMP-2215-WHISTLEBLOWING-AND-PROTECTED-DISSENT-01,0.1.0,data/practices/protocols/22/PRACTICE-COMP-2215-WHISTLEBLOWING-AND-PROTECTED-DISSENT-01.yaml,7fe5601fb76872d94f6f52a18b6157254260197b53e97dcfd518d9b529264290,PF-AUDIT-REDESIGN,RISK-MODERATE,none,false,pending,SP-SHADOW-ONLY,not_started,inactive,blocked,not_applicable,L02;L25;L31;L33,L02;L25;L31;L33,accessibility_review_status:pending;content_review_status:pending;last_reviewed:missing;originality_review_status:pending;research_gap:RG-M6A-001:open;research_review_status:internal_sources_only_external_review_required;safety_review_status:pending;sources:incomplete;specialist_review:missing
22.16,"Governance, checks, and accountable authority",22,"Leadership, Power, Mentorship, and Institutions",draft,PRACTICE-COMP-2216-GOVERNANCE-CHECKS-AND-ACCOUNTABLE-AUTHORITY-01,0.1.0,data/practices/protocols/22/PRACTICE-COMP-2216-GOVERNANCE-CHECKS-AND-ACCOUNTABLE-AUTHORITY-01.yaml,cccd522bc087165e53e2eca772d6318b56bcd9ce3a1fb66bf1b94498f86a2fa7,PF-AUDIT-REDESIGN,RISK-MODERATE,none,false,pending,SP-SHADOW-ONLY,not_started,inactive,blocked,not_applicable,L02;L14;L31;L33,L02;L14;L31;L33,accessibility_review_status:pending;content_review_status:pending;last_reviewed:missing;originality_review_status:pending;research_gap:RG-M6A-001:open;research_review_status:internal_sources_only_external_review_required;safety_review_status:pending;sources:incomplete;specialist_review:missing
22.17,Abuse response and institutional repair,22,"Leadership, Power, Mentorship, and Institutions",draft,PRACTICE-COMP-2217-ABUSE-RESPONSE-AND-INSTITUTIONAL-REPAIR-01,0.1.0,data/practices/protocols/22/PRACTICE-COMP-2217-ABUSE-RESPONSE-AND-INSTITUTIONAL-REPAIR-01.yaml,83b4eb98a779b6341516294db965d99cd94d585b635fa8af0a1066ab0f1c3a48,PF-SAFETY-PREPARATION,RISK-HIGH,none,false,pending_specialist_expansion_review,SP-NON-SCORED-REFLECTION,not_applicable,inactive,blocked,not_applicable,L20;L24;L29;L31;L33,L20;L24;L29;L31;L33,accessibility_review_status:pending;content_review_status:pending;last_reviewed:missing;originality_review_status:pending;research_gap:RG-M6A-001:open;research_review_status:internal_sources_only_external_review_required;safety_review_status:pending_specialist_expansion_review;sources:incomplete;specialist_review:missing
23.01,Personal financial literacy,23,"Personal Finance, Provision, and Material Stewardship",draft,PRACTICE-COMP-2301-PERSONAL-FINANCIAL-LITERACY-01,0.1.0,data/practices/protocols/23/PRACTICE-COMP-2301-PERSONAL-FINANCIAL-LITERACY-01.yaml,48655b03d29e46cf15fbfb2bedb576d33696f7c621bff53a955137c5ad2f0210,PF-SAFETY-PREPARATION,RISK-HIGH,none,false,pending_specialist_expansion_review,SP-NON-SCORED-REFLECTION,not_applicable,inactive,blocked,not_applicable,L13;L14;L21,L13;L14;L21,accessibility_review_status:pending;content_review_status:pending;last_reviewed:missing;originality_review_status:pending;research_gap:RG-M6A-001:open;research_review_status:internal_sources_only_external_review_required;safety_review_status:pending_specialist_expansion_review;sources:incomplete;specialist_review:missing
23.02,Budgeting and cash-flow control,23,"Personal Finance, Provision, and Material Stewardship",draft,PRACTICE-COMP-2302-BUDGETING-AND-CASH-FLOW-CONTROL-01,0.1.0,data/practices/protocols/23/PRACTICE-COMP-2302-BUDGETING-AND-CASH-FLOW-CONTROL-01.yaml,2da7f7705c5f8c22db5b276928fed64df9b9efa77a17a0c682cf27d60a7dfe14,PF-QUALIFIED-CONSULTATION,RISK-HIGH,none,false,pending_specialist_expansion_review,SP-NON-SCORED-REFLECTION,not_applicable,inactive,blocked,not_applicable,L09;L10;L21,L09;L10;L21,accessibility_review_status:pending;content_review_status:pending;last_reviewed:missing;originality_review_status:pending;research_gap:RG-M6A-001:open;research_review_status:internal_sources_only_external_review_required;safety_review_status:pending_specialist_expansion_review;sources:incomplete;specialist_review:missing
23.03,Emergency reserves and liquidity,23,"Personal Finance, Provision, and Material Stewardship",draft,PRACTICE-COMP-2303-EMERGENCY-RESERVES-AND-LIQUIDITY-01,0.1.0,data/practices/protocols/23/PRACTICE-COMP-2303-EMERGENCY-RESERVES-AND-LIQUIDITY-01.yaml,6ed7cd904e008a325a0ab77c09b97e48c8966601780fc2a04cdb9fac50194b47,PF-SAFETY-PREPARATION,RISK-HIGH,none,false,pending_specialist_expansion_review,SP-NON-SCORED-REFLECTION,not_applicable,inactive,blocked,not_applicable,L10;L20;L21,L10;L20;L21,accessibility_review_status:pending;content_review_status:pending;last_reviewed:missing;originality_review_status:pending;research_gap:RG-M6A-001:open;research_review_status:internal_sources_only_external_review_required;safety_review_status:pending_specialist_expansion_review;sources:incomplete;specialist_review:missing
23.04,Debt and credit,23,"Personal Finance, Provision, and Material Stewardship",draft,PRACTICE-COMP-2304-DEBT-AND-CREDIT-01,0.1.0,data/practices/protocols/23/PRACTICE-COMP-2304-DEBT-AND-CREDIT-01.yaml,bb7f2b43f466be1ba3b6d0671fcc37c9d1ed4c0715af73feda8a8eb7b08f349b,PF-SAFETY-PREPARATION,RISK-HIGH,none,false,pending_specialist_expansion_review,SP-NON-SCORED-REFLECTION,not_applicable,inactive,blocked,not_applicable,L09;L14;L21,L09;L14;L21,accessibility_review_status:pending;content_review_status:pending;last_reviewed:missing;originality_review_status:pending;research_gap:RG-M6A-001:open;research_review_status:internal_sources_only_external_review_required;safety_review_status:pending_specialist_expansion_review;sources:incomplete;specialist_review:missing
23.05,"Saving, investing, and retirement",23,"Personal Finance, Provision, and Material Stewardship",draft,PRACTICE-COMP-2305-SAVING-INVESTING-AND-RETIREMENT-01,0.1.0,data/practices/protocols/23/PRACTICE-COMP-2305-SAVING-INVESTING-AND-RETIREMENT-01.yaml,eb5f378c058485b23266082f64439d1aa44eb70011ff9e613082230826b57f05,PF-QUALIFIED-CONSULTATION,RISK-HIGH,none,false,pending_specialist_expansion_review,SP-NON-SCORED-REFLECTION,not_applicable,inactive,blocked,not_applicable,L14;L21;L36,L14;L21;L36,accessibility_review_status:pending;content_review_status:pending;last_reviewed:missing;originality_review_status:pending;research_gap:RG-M6A-001:open;research_review_status:internal_sources_only_external_review_required;safety_review_status:pending_specialist_expansion_review;sources:incomplete;specialist_review:missing
23.06,"Insurance, estate, and dependent protection",23,"Personal Finance, Provision, and Material Stewardship",draft,PRACTICE-COMP-2306-INSURANCE-ESTATE-AND-DEPENDENT-PROTECTION-01,0.1.0,data/practices/protocols/23/PRACTICE-COMP-2306-INSURANCE-ESTATE-AND-DEPENDENT-PROTECTION-01.yaml,4b21a5786b48cc676c479dc77a218117ed4d057f0e5d0204d8fabcd0565adf5d,PF-QUALIFIED-CONSULTATION,RISK-HIGH,none,false,pending_specialist_expansion_review,SP-NON-SCORED-REFLECTION,not_applicable,inactive,blocked,not_applicable,L20;L21;L28;L37,L20;L21;L28;L37,accessibility_review_status:pending;content_review_status:pending;last_reviewed:missing;originality_review_status:pending;research_gap:RG-M6A-001:open;research_review_status:internal_sources_only_external_review_required;safety_review_status:pending_specialist_expansion_review;sources:incomplete;specialist_review:missing
23.07,"Consumption, status, and enoughness",23,"Personal Finance, Provision, and Material Stewardship",draft,PRACTICE-COMP-2307-CONSUMPTION-STATUS-AND-ENOUGHNESS-01,0.1.0,data/practices/protocols/23/PRACTICE-COMP-2307-CONSUMPTION-STATUS-AND-ENOUGHNESS-01.yaml,06406b1b38515b4fb86bb4f3b5e00e69ce2b10d48292d4424715588d5cf31bda,PF-QUALIFIED-CONSULTATION,RISK-HIGH,none,false,pending_specialist_expansion_review,SP-NON-SCORED-REFLECTION,not_applicable,inactive,blocked,not_applicable,L05;L09;L21;L36,L05;L09;L21;L36,accessibility_review_status:pending;content_review_status:pending;last_reviewed:missing;originality_review_status:pending;research_gap:RG-M6A-001:open;research_review_status:internal_sources_only_external_review_required;safety_review_status:pending_specialist_expansion_review;sources:incomplete;specialist_review:missing
23.08,Generosity and responsible provision,23,"Personal Finance, Provision, and Material Stewardship",draft,PRACTICE-COMP-2308-GENEROSITY-AND-RESPONSIBLE-PROVISION-01,0.1.0,data/practices/protocols/23/PRACTICE-COMP-2308-GENEROSITY-AND-RESPONSIBLE-PROVISION-01.yaml,09d4f9440e223c99a6f35775b88f8b6406d4d68918085b588fe5ff62807a6958,PF-QUALIFIED-CONSULTATION,RISK-HIGH,none,false,pending_specialist_expansion_review,SP-NON-SCORED-REFLECTION,not_applicable,inactive,blocked,not_applicable,L02;L21;L28;L30,L02;L21;L28;L30,accessibility_review_status:pending;content_review_status:pending;last_reviewed:missing;originality_review_status:pending;research_gap:RG-M6A-001:open;research_review_status:internal_sources_only_external_review_required;safety_review_status:pending_specialist_expansion_review;sources:incomplete;specialist_review:missing
23.09,Family and intergenerational stewardship,23,"Personal Finance, Provision, and Material Stewardship",draft,PRACTICE-COMP-2309-FAMILY-AND-INTERGENERATIONAL-STEWARDSHIP-01,0.1.0,data/practices/protocols/23/PRACTICE-COMP-2309-FAMILY-AND-INTERGENERATIONAL-STEWARDSHIP-01.yaml,bf3e0cb945d3e47cb2e0bc8b4eb81294dbe2bac8690c53a08b6e01c393f05482,PF-QUALIFIED-CONSULTATION,RISK-HIGH,none,false,pending_specialist_expansion_review,SP-NON-SCORED-REFLECTION,not_applicable,inactive,blocked,not_applicable,L21;L28;L30;L37,L21;L28;L30;L37,accessibility_review_status:pending;content_review_status:pending;last_reviewed:missing;originality_review_status:pending;research_gap:RG-M6A-001:open;research_review_status:internal_sources_only_external_review_required;safety_review_status:pending_specialist_expansion_review;sources:incomplete;specialist_review:missing
23.10,Material and ecological stewardship,23,"Personal Finance, Provision, and Material Stewardship",draft,PRACTICE-COMP-2310-MATERIAL-AND-ECOLOGICAL-STEWARDSHIP-01,0.1.0,data/practices/protocols/23/PRACTICE-COMP-2310-MATERIAL-AND-ECOLOGICAL-STEWARDSHIP-01.yaml,b6f34a48da9f39fc981e7682815b19d31bdaeacba437b21ccb2505be96c1dcd8,PF-QUALIFIED-CONSULTATION,RISK-HIGH,none,false,pending_specialist_expansion_review,SP-NON-SCORED-REFLECTION,not_applicable,inactive,blocked,not_applicable,L18;L21;L31;L35,L18;L21;L31;L35,accessibility_review_status:pending;content_review_status:pending;last_reviewed:missing;originality_review_status:pending;research_gap:RG-M6A-001:open;research_review_status:internal_sources_only_external_review_required;safety_review_status:pending_specialist_expansion_review;sources:incomplete;specialist_review:missing
23.11,"Financial hardship, poverty, and constrained choice",23,"Personal Finance, Provision, and Material Stewardship",draft,PRACTICE-COMP-2311-FINANCIAL-HARDSHIP-POVERTY-AND-CONSTRAINED-CHOICE-01,0.1.0,data/practices/protocols/23/PRACTICE-COMP-2311-FINANCIAL-HARDSHIP-POVERTY-AND-CONSTRAINED-CHOICE-01.yaml,1eadec641b6c1a591bbb03ef8d82a5b5ace8e8d07e697a8c048a2004366112c2,PF-QUALIFIED-CONSULTATION,RISK-HIGH,none,false,pending_specialist_expansion_review,SP-NON-SCORED-REFLECTION,not_applicable,inactive,blocked,not_applicable,L05;L11;L20;L21;L31,L05;L11;L20;L21;L31,accessibility_review_status:pending;content_review_status:pending;last_reviewed:missing;originality_review_status:pending;research_gap:RG-M6A-001:open;research_review_status:internal_sources_only_external_review_required;safety_review_status:pending_specialist_expansion_review;sources:incomplete;specialist_review:missing
23.12,Financial relationships and shared money,23,"Personal Finance, Provision, and Material Stewardship",draft,PRACTICE-COMP-2312-FINANCIAL-RELATIONSHIPS-AND-SHARED-MONEY-01,0.1.0,data/practices/protocols/23/PRACTICE-COMP-2312-FINANCIAL-RELATIONSHIPS-AND-SHARED-MONEY-01.yaml,570b27f9784ccf795ffb2a3fc718bf819759709e9a2fd164f3c0ce83191e5135,PF-SAFETY-PREPARATION,RISK-HIGH,none,false,pending_specialist_expansion_review,SP-NON-SCORED-REFLECTION,not_applicable,inactive,blocked,not_applicable,L21;L23;L25;L27;L29,L21;L23;L25;L27;L29,accessibility_review_status:pending;content_review_status:pending;last_reviewed:missing;originality_review_status:pending;research_gap:RG-M6A-001:open;research_review_status:internal_sources_only_external_review_required;safety_review_status:pending_specialist_expansion_review;sources:incomplete;specialist_review:missing
24.01,"Income, negotiation, and career economics",24,"Entrepreneurship, Markets, Economics, and Social Systems",draft,PRACTICE-COMP-2401-INCOME-NEGOTIATION-AND-CAREER-ECONOMICS-01,0.1.0,data/practices/protocols/24/PRACTICE-COMP-2401-INCOME-NEGOTIATION-AND-CAREER-ECONOMICS-01.yaml,b86ece2af0728f00cbf240be65da3a3dbad6d29479d7b9352bb34177b8ebb60a,PF-QUALIFIED-CONSULTATION,RISK-HIGH,none,false,pending_specialist_expansion_review,SP-NON-SCORED-REFLECTION,not_applicable,inactive,blocked,not_applicable,L14;L21;L22;L23;L32,L14;L21;L22;L23;L32,accessibility_review_status:pending;content_review_status:pending;last_reviewed:missing;originality_review_status:pending;research_gap:RG-M6A-001:open;research_review_status:internal_sources_only_external_review_required;safety_review_status:pending_specialist_expansion_review;sources:incomplete;specialist_review:missing
24.02,Entrepreneurship and value creation,24,"Entrepreneurship, Markets, Economics, and Social Systems",draft,PRACTICE-COMP-2402-ENTREPRENEURSHIP-AND-VALUE-CREATION-01,0.1.0,data/practices/protocols/24/PRACTICE-COMP-2402-ENTREPRENEURSHIP-AND-VALUE-CREATION-01.yaml,6fddadff2f360f3bd8dac15d9b62cc82d689221a9379d3812620eb73535c7e08,PF-QUALIFIED-CONSULTATION,RISK-HIGH,none,false,pending_specialist_expansion_review,SP-NON-SCORED-REFLECTION,not_applicable,inactive,blocked,not_applicable,L10;L16;L22;L32,L10;L16;L22;L32,accessibility_review_status:pending;content_review_status:pending;last_reviewed:missing;originality_review_status:pending;research_gap:RG-M6A-001:open;research_review_status:internal_sources_only_external_review_required;safety_review_status:pending_specialist_expansion_review;sources:incomplete;specialist_review:missing
24.03,"Business, markets, and economics",24,"Entrepreneurship, Markets, Economics, and Social Systems",draft,PRACTICE-COMP-2403-BUSINESS-MARKETS-AND-ECONOMICS-01,0.1.0,data/practices/protocols/24/PRACTICE-COMP-2403-BUSINESS-MARKETS-AND-ECONOMICS-01.yaml,e9de0c09d6ccacf5989a8ecdf0c6927600adc4bc5b986b4e25d38bcc27dd0f02,PF-QUALIFIED-CONSULTATION,RISK-HIGH,none,false,pending_specialist_expansion_review,SP-NON-SCORED-REFLECTION,not_applicable,inactive,blocked,not_applicable,L13;L14;L22,L13;L14;L22,accessibility_review_status:pending;content_review_status:pending;last_reviewed:missing;originality_review_status:pending;research_gap:RG-M6A-001:open;research_review_status:internal_sources_only_external_review_required;safety_review_status:pending_specialist_expansion_review;sources:incomplete;specialist_review:missing
24.04,Customer discovery and problem validation,24,"Entrepreneurship, Markets, Economics, and Social Systems",draft,PRACTICE-COMP-2404-CUSTOMER-DISCOVERY-AND-PROBLEM-VALIDATION-01,0.1.0,data/practices/protocols/24/PRACTICE-COMP-2404-CUSTOMER-DISCOVERY-AND-PROBLEM-VALIDATION-01.yaml,149c74d62878eade9ca1a2e23b7a3312e00c7f8301baf45bf61817d080764ed5,PF-QUALIFIED-CONSULTATION,RISK-HIGH,none,false,pending_specialist_expansion_review,SP-NON-SCORED-REFLECTION,not_applicable,inactive,blocked,not_applicable,L13;L14;L22;L24,L13;L14;L22;L24,accessibility_review_status:pending;content_review_status:pending;last_reviewed:missing;originality_review_status:pending;research_gap:RG-M6A-001:open;research_review_status:internal_sources_only_external_review_required;safety_review_status:pending_specialist_expansion_review;sources:incomplete;specialist_review:missing
24.05,"Business models, pricing, and unit economics",24,"Entrepreneurship, Markets, Economics, and Social Systems",draft,PRACTICE-COMP-2405-BUSINESS-MODELS-PRICING-AND-UNIT-ECONOMICS-01,0.1.0,data/practices/protocols/24/PRACTICE-COMP-2405-BUSINESS-MODELS-PRICING-AND-UNIT-ECONOMICS-01.yaml,a6a8e40b796a60b89f1a7fd956af8763a6920726bf6de0544c9234bee8d56a38,PF-SAFETY-PREPARATION,RISK-HIGH,none,false,pending_specialist_expansion_review,SP-NON-SCORED-REFLECTION,not_applicable,inactive,blocked,not_applicable,L14;L21;L22,L14;L21;L22,accessibility_review_status:pending;content_review_status:pending;last_reviewed:missing;originality_review_status:pending;research_gap:RG-M6A-001:open;research_review_status:internal_sources_only_external_review_required;safety_review_status:pending_specialist_expansion_review;sources:incomplete;specialist_review:missing
24.06,"Operations, accounting, and compliance",24,"Entrepreneurship, Markets, Economics, and Social Systems",draft,PRACTICE-COMP-2406-OPERATIONS-ACCOUNTING-AND-COMPLIANCE-01,0.1.0,data/practices/protocols/24/PRACTICE-COMP-2406-OPERATIONS-ACCOUNTING-AND-COMPLIANCE-01.yaml,6bed3ca9026e679ac0275b1d09652e605e25514e0757b72888d5b5803889c8e7,PF-QUALIFIED-CONSULTATION,RISK-HIGH,none,false,pending_specialist_expansion_review,SP-NON-SCORED-REFLECTION,not_applicable,inactive,blocked,not_applicable,L10;L21;L22;L31;L32,L10;L21;L22;L31;L32,accessibility_review_status:pending;content_review_status:pending;last_reviewed:missing;originality_review_status:pending;research_gap:RG-M6A-001:open;research_review_status:internal_sources_only_external_review_required;safety_review_status:pending_specialist_expansion_review;sources:incomplete;specialist_review:missing
24.07,"Competition, monopoly, and market power",24,"Entrepreneurship, Markets, Economics, and Social Systems",draft,PRACTICE-COMP-2407-COMPETITION-MONOPOLY-AND-MARKET-POWER-01,0.1.0,data/practices/protocols/24/PRACTICE-COMP-2407-COMPETITION-MONOPOLY-AND-MARKET-POWER-01.yaml,3d7a151339dd32ff7e8b3dbed20394e6da920476698c53a2e9d29c34d352b0ee,PF-QUALIFIED-CONSULTATION,RISK-HIGH,none,false,pending_specialist_expansion_review,SP-NON-SCORED-REFLECTION,not_applicable,inactive,blocked,not_applicable,L14;L22;L31;L33,L14;L22;L31;L33,accessibility_review_status:pending;content_review_status:pending;last_reviewed:missing;originality_review_status:pending;research_gap:RG-M6A-001:open;research_review_status:internal_sources_only_external_review_required;safety_review_status:pending_specialist_expansion_review;sources:incomplete;specialist_review:missing
24.08,Externalities and full-cost accounting,24,"Entrepreneurship, Markets, Economics, and Social Systems",draft,PRACTICE-COMP-2408-EXTERNALITIES-AND-FULL-COST-ACCOUNTING-01,0.1.0,data/practices/protocols/24/PRACTICE-COMP-2408-EXTERNALITIES-AND-FULL-COST-ACCOUNTING-01.yaml,af7bd2f324144de600e18cb8da92dfc59df8d2ba2554d7057f4eedb10288bc7a,PF-QUALIFIED-CONSULTATION,RISK-HIGH,none,false,pending_specialist_expansion_review,SP-NON-SCORED-REFLECTION,not_applicable,inactive,blocked,not_applicable,L14;L22;L31;L35,L14;L22;L31;L35,accessibility_review_status:pending;content_review_status:pending;last_reviewed:missing;originality_review_status:pending;research_gap:RG-M6A-001:open;research_review_status:internal_sources_only_external_review_required;safety_review_status:pending_specialist_expansion_review;sources:incomplete;specialist_review:missing
24.09,Macroeconomics and economic cycles,24,"Entrepreneurship, Markets, Economics, and Social Systems",draft,PRACTICE-COMP-2409-MACROECONOMICS-AND-ECONOMIC-CYCLES-01,0.1.0,data/practices/protocols/24/PRACTICE-COMP-2409-MACROECONOMICS-AND-ECONOMIC-CYCLES-01.yaml,88dfeaad565e155c3be75b19c01eb70af782f2989b9bf169136daa3c505aa177,PF-QUALIFIED-CONSULTATION,RISK-HIGH,none,false,pending_specialist_expansion_review,SP-NON-SCORED-REFLECTION,not_applicable,inactive,blocked,not_applicable,L13;L14;L22,L13;L14;L22,accessibility_review_status:pending;content_review_status:pending;last_reviewed:missing;originality_review_status:pending;research_gap:RG-M6A-001:open;research_review_status:internal_sources_only_external_review_required;safety_review_status:pending_specialist_expansion_review;sources:incomplete;specialist_review:missing
24.10,"Public finance, taxation, and redistribution",24,"Entrepreneurship, Markets, Economics, and Social Systems",draft,PRACTICE-COMP-2410-PUBLIC-FINANCE-TAXATION-AND-REDISTRIBUTION-01,0.1.0,data/practices/protocols/24/PRACTICE-COMP-2410-PUBLIC-FINANCE-TAXATION-AND-REDISTRIBUTION-01.yaml,8054b9018b65f5c855901865b63d2656dad5d0e83a4e0f08b63ef685c0ff02ae,PF-QUALIFIED-CONSULTATION,RISK-HIGH,none,false,pending_specialist_expansion_review,SP-NON-SCORED-REFLECTION,not_applicable,inactive,blocked,not_applicable,L21;L22;L30;L31,L21;L22;L30;L31,accessibility_review_status:pending;content_review_status:pending;last_reviewed:missing;originality_review_status:pending;research_gap:RG-M6A-001:open;research_review_status:internal_sources_only_external_review_required;safety_review_status:pending_specialist_expansion_review;sources:incomplete;specialist_review:missing
24.11,Social insurance and welfare-state design,24,"Entrepreneurship, Markets, Economics, and Social Systems",draft,PRACTICE-COMP-2411-SOCIAL-INSURANCE-AND-WELFARE-STATE-DESIGN-01,0.1.0,data/practices/protocols/24/PRACTICE-COMP-2411-SOCIAL-INSURANCE-AND-WELFARE-STATE-DESIGN-01.yaml,cf82a8873ea1128670f78be9bc9e7d8ade2dfdc1ad23d5af79c986596fad89f3,PF-QUALIFIED-CONSULTATION,RISK-HIGH,none,false,pending_specialist_expansion_review,SP-NON-SCORED-REFLECTION,not_applicable,inactive,blocked,not_applicable,L21;L22;L30;L31,L21;L22;L30;L31,accessibility_review_status:pending;content_review_status:pending;last_reviewed:missing;originality_review_status:pending;research_gap:RG-M6A-001:open;research_review_status:internal_sources_only_external_review_required;safety_review_status:pending_specialist_expansion_review;sources:incomplete;specialist_review:missing
24.12,"Ownership, governance, and alternative enterprise forms",24,"Entrepreneurship, Markets, Economics, and Social Systems",draft,PRACTICE-COMP-2412-OWNERSHIP-GOVERNANCE-AND-ALTERNATIVE-ENTERPRISE-FORMS-01,0.1.0,data/practices/protocols/24/PRACTICE-COMP-2412-OWNERSHIP-GOVERNANCE-AND-ALTERNATIVE-ENTERPRISE-FORMS-01.yaml,f0985c90f7beee5e1557f86f738cb6a71e4967ff09135c22ddcb7bf794793dbb,PF-QUALIFIED-CONSULTATION,RISK-HIGH,none,false,pending_specialist_expansion_review,SP-NON-SCORED-REFLECTION,not_applicable,inactive,blocked,not_applicable,L14;L22;L31;L33,L14;L22;L31;L33,accessibility_review_status:pending;content_review_status:pending;last_reviewed:missing;originality_review_status:pending;research_gap:RG-M6A-001:open;research_review_status:internal_sources_only_external_review_required;safety_review_status:pending_specialist_expansion_review;sources:incomplete;specialist_review:missing
24.13,Responsible innovation and technological change,24,"Entrepreneurship, Markets, Economics, and Social Systems",draft,PRACTICE-COMP-2413-RESPONSIBLE-INNOVATION-AND-TECHNOLOGICAL-CHANGE-01,0.1.0,data/practices/protocols/24/PRACTICE-COMP-2413-RESPONSIBLE-INNOVATION-AND-TECHNOLOGICAL-CHANGE-01.yaml,84d3df7c092475c3b3c226e3b92d40468567cd322313221affc60b9ddd3c7dcc,PF-SAFETY-PREPARATION,RISK-HIGH,none,false,pending_specialist_expansion_review,SP-NON-SCORED-REFLECTION,not_applicable,inactive,blocked,not_applicable,L14;L16;L19;L22;L31,L14;L16;L19;L22;L31,accessibility_review_status:pending;content_review_status:pending;last_reviewed:missing;originality_review_status:pending;research_gap:RG-M6A-001:open;research_review_status:internal_sources_only_external_review_required;safety_review_status:pending_specialist_expansion_review;sources:incomplete;specialist_review:missing
24.14,"Global trade, development, and supply chains",24,"Entrepreneurship, Markets, Economics, and Social Systems",draft,PRACTICE-COMP-2414-GLOBAL-TRADE-DEVELOPMENT-AND-SUPPLY-CHAINS-01,0.1.0,data/practices/protocols/24/PRACTICE-COMP-2414-GLOBAL-TRADE-DEVELOPMENT-AND-SUPPLY-CHAINS-01.yaml,56deaad34e968d45e72658890372925debcb3ceca010545f39a8d1de77b3ac11,PF-QUALIFIED-CONSULTATION,RISK-HIGH,none,false,pending_specialist_expansion_review,SP-NON-SCORED-REFLECTION,not_applicable,inactive,blocked,not_applicable,L14;L22;L30;L31,L14;L22;L30;L31,accessibility_review_status:pending;content_review_status:pending;last_reviewed:missing;originality_review_status:pending;research_gap:RG-M6A-001:open;research_review_status:internal_sources_only_external_review_required;safety_review_status:pending_specialist_expansion_review;sources:incomplete;specialist_review:missing
25.01,Regular creative production,25,"Creativity, Beauty, and Culture",draft,PRACTICE-COMP-2501-REGULAR-CREATIVE-PRODUCTION-01,0.1.0,data/practices/protocols/25/PRACTICE-COMP-2501-REGULAR-CREATIVE-PRODUCTION-01.yaml,5a6ce141350ff1ec641a782c6c0ad025e14ab9f7316cee19a7d3e007b096da1e,PF-SKILL-REHEARSAL,RISK-LOW,none,false,pending,SP-SHADOW-ONLY,not_started,inactive,blocked,not_applicable,L10;L16;L34,L10;L16;L34,accessibility_review_status:pending;content_review_status:pending;last_reviewed:missing;originality_review_status:pending;research_gap:RG-M6A-001:open;research_review_status:internal_sources_only_external_review_required;safety_review_status:pending;sources:incomplete
25.02,Observation and imagination,25,"Creativity, Beauty, and Culture",draft,PRACTICE-COMP-2502-OBSERVATION-AND-IMAGINATION-01,0.1.0,data/practices/protocols/25/PRACTICE-COMP-2502-OBSERVATION-AND-IMAGINATION-01.yaml,6537fdfe56ef40e17c023868db17312f015a4b2ba8dfb4b117875f066754d3a5,PF-LONGITUDINAL-REVIEW,RISK-LOW,none,false,pending,SP-SHADOW-ONLY,not_started,inactive,blocked,not_applicable,L08;L15;L16,L08;L15;L16,accessibility_review_status:pending;content_review_status:pending;last_reviewed:missing;originality_review_status:pending;research_gap:RG-M6A-001:open;research_review_status:internal_sources_only_external_review_required;safety_review_status:pending;sources:incomplete
25.03,Aesthetic literacy and taste,25,"Creativity, Beauty, and Culture",draft,PRACTICE-COMP-2503-AESTHETIC-LITERACY-AND-TASTE-01,0.1.0,data/practices/protocols/25/PRACTICE-COMP-2503-AESTHETIC-LITERACY-AND-TASTE-01.yaml,58a98ef2a8e09b4f8f5d3a37e6910f351ca89f28c9a7576334c334ef7a9a47b0,PF-CONTEMPLATIVE-MEANING,RISK-LOW,none,false,pending,SP-SHADOW-ONLY,not_started,inactive,blocked,not_applicable,L03;L13;L16;L34,L03;L13;L16;L34,accessibility_review_status:pending;content_review_status:pending;last_reviewed:missing;originality_review_status:pending;research_gap:RG-M6A-001:open;research_review_status:internal_sources_only_external_review_required;safety_review_status:pending;sources:incomplete
25.04,Medium and technique,25,"Creativity, Beauty, and Culture",draft,PRACTICE-COMP-2504-MEDIUM-AND-TECHNIQUE-01,0.1.0,data/practices/protocols/25/PRACTICE-COMP-2504-MEDIUM-AND-TECHNIQUE-01.yaml,a3a8e6f365de9f6bec59462b32ed25458eb75d2fe698c43a7cb8beaf4f8282b5,PF-SKILL-REHEARSAL,RISK-LOW,none,false,pending,SP-SHADOW-ONLY,not_started,inactive,blocked,not_applicable,L15;L16;L32,L15;L16;L32,accessibility_review_status:pending;content_review_status:pending;last_reviewed:missing;originality_review_status:pending;research_gap:RG-M6A-001:open;research_review_status:internal_sources_only_external_review_required;safety_review_status:pending;sources:incomplete
25.05,Originality through synthesis,25,"Creativity, Beauty, and Culture",draft,PRACTICE-COMP-2505-ORIGINALITY-THROUGH-SYNTHESIS-01,0.1.0,data/practices/protocols/25/PRACTICE-COMP-2505-ORIGINALITY-THROUGH-SYNTHESIS-01.yaml,4b265b41b11cf450f8c6ed0b0c8f2e8e1ab5881add3b9fbbaa73a1cae5e8bdb4,PF-SKILL-REHEARSAL,RISK-LOW,none,false,pending,SP-SHADOW-ONLY,not_started,inactive,blocked,not_applicable,L11;L15;L16,L11;L15;L16,accessibility_review_status:pending;content_review_status:pending;last_reviewed:missing;originality_review_status:pending;research_gap:RG-M6A-001:open;research_review_status:internal_sources_only_external_review_required;safety_review_status:pending;sources:incomplete
25.06,Creative courage and experimentation,25,"Creativity, Beauty, and Culture",draft,PRACTICE-COMP-2506-CREATIVE-COURAGE-AND-EXPERIMENTATION-01,0.1.0,data/practices/protocols/25/PRACTICE-COMP-2506-CREATIVE-COURAGE-AND-EXPERIMENTATION-01.yaml,468e0478775bd438a5505d5d6093c2ef6b04db6fddcf1cf220c8d2185db3c1a1,PF-SKILL-REHEARSAL,RISK-LOW,none,false,pending,SP-SHADOW-ONLY,not_started,inactive,blocked,not_applicable,L10;L11;L16;L25,L10;L11;L16;L25,accessibility_review_status:pending;content_review_status:pending;last_reviewed:missing;originality_review_status:pending;research_gap:RG-M6A-001:open;research_review_status:internal_sources_only_external_review_required;safety_review_status:pending;sources:incomplete
25.07,"Revision, finishing, and publication",25,"Creativity, Beauty, and Culture",draft,PRACTICE-COMP-2507-REVISION-FINISHING-AND-PUBLICATION-01,0.1.0,data/practices/protocols/25/PRACTICE-COMP-2507-REVISION-FINISHING-AND-PUBLICATION-01.yaml,f766e49738b80af3899bdff643bf2f9e4dd1adb823606b777242d4e6d7f38235,PF-SKILL-REHEARSAL,RISK-LOW,none,false,pending,SP-SHADOW-ONLY,not_started,inactive,blocked,not_applicable,L10;L16;L23;L32,L10;L16;L23;L32,accessibility_review_status:pending;content_review_status:pending;last_reviewed:missing;originality_review_status:pending;research_gap:RG-M6A-001:open;research_review_status:internal_sources_only_external_review_required;safety_review_status:pending;sources:incomplete
25.08,Creative collaboration,25,"Creativity, Beauty, and Culture",draft,PRACTICE-COMP-2508-CREATIVE-COLLABORATION-01,0.1.0,data/practices/protocols/25/PRACTICE-COMP-2508-CREATIVE-COLLABORATION-01.yaml,c1fa94db95cb656502c837e2b5e2a2da9511f6bf9ee7a6ba3c1400a6ca96dc87,PF-RELATIONAL-CONVERSATION,RISK-LOW,none,false,pending,SP-SHADOW-ONLY,not_started,inactive,blocked,not_applicable,L16;L23;L26;L32,L16;L23;L26;L32,accessibility_review_status:pending;content_review_status:pending;last_reviewed:missing;originality_review_status:pending;research_gap:RG-M6A-001:open;research_review_status:internal_sources_only_external_review_required;safety_review_status:pending;sources:incomplete
25.09,"Art as truth, memory, and moral imagination",25,"Creativity, Beauty, and Culture",draft,PRACTICE-COMP-2509-ART-AS-TRUTH-MEMORY-AND-MORAL-IMAGINATION-01,0.1.0,data/practices/protocols/25/PRACTICE-COMP-2509-ART-AS-TRUTH-MEMORY-AND-MORAL-IMAGINATION-01.yaml,0271755ac20eb904371c739f97f661c6a2615de618c56028c510f97deb101479,PF-CONTEMPLATIVE-MEANING,RISK-LOW,none,false,pending,SP-SHADOW-ONLY,not_started,inactive,blocked,not_applicable,L02;L03;L16;L31,L02;L03;L16;L31,accessibility_review_status:pending;content_review_status:pending;last_reviewed:missing;originality_review_status:pending;research_gap:RG-M6A-001:open;research_review_status:internal_sources_only_external_review_required;safety_review_status:pending;sources:incomplete
25.10,Cultural and historical literacy,25,"Creativity, Beauty, and Culture",draft,PRACTICE-COMP-2510-CULTURAL-AND-HISTORICAL-LITERACY-01,0.1.0,data/practices/protocols/25/PRACTICE-COMP-2510-CULTURAL-AND-HISTORICAL-LITERACY-01.yaml,f6938c9dc2eeeb0577f5a090edea6fea18a3f5955f23979436ae6be92ff4437b,PF-CONTEMPLATIVE-MEANING,RISK-LOW,none,false,pending,SP-SHADOW-ONLY,not_started,inactive,blocked,not_applicable,L13;L15;L16;L31,L13;L15;L16;L31,accessibility_review_status:pending;content_review_status:pending;last_reviewed:missing;originality_review_status:pending;research_gap:RG-M6A-001:open;research_review_status:internal_sources_only_external_review_required;safety_review_status:pending;sources:incomplete
25.11,Personal style and aesthetic environment,25,"Creativity, Beauty, and Culture",draft,PRACTICE-COMP-2511-PERSONAL-STYLE-AND-AESTHETIC-ENVIRONMENT-01,0.1.0,data/practices/protocols/25/PRACTICE-COMP-2511-PERSONAL-STYLE-AND-AESTHETIC-ENVIRONMENT-01.yaml,b6b55a03f4eed2e7614d561ffa296c1820f6a0ee86d43bce8fe44f228eb60f04,PF-RELATIONAL-CONVERSATION,RISK-LOW,none,false,pending,SP-SHADOW-ONLY,not_started,inactive,blocked,not_applicable,L05;L16;L17;L18,L05;L16;L17;L18,accessibility_review_status:pending;content_review_status:pending;last_reviewed:missing;originality_review_status:pending;research_gap:RG-M6A-001:open;research_review_status:internal_sources_only_external_review_required;safety_review_status:pending;sources:incomplete
25.12,Communal craft and tradition-bearing,25,"Creativity, Beauty, and Culture",draft,PRACTICE-COMP-2512-COMMUNAL-CRAFT-AND-TRADITION-BEARING-01,0.1.0,data/practices/protocols/25/PRACTICE-COMP-2512-COMMUNAL-CRAFT-AND-TRADITION-BEARING-01.yaml,7892246f3ae6b9ea077b82b823cdc45ded04f01cef5f1b0655cca74f291d1060,PF-SKILL-REHEARSAL,RISK-LOW,none,false,pending,SP-SHADOW-ONLY,not_started,inactive,blocked,not_applicable,L03;L15;L16;L26;L28,L03;L15;L16;L26;L28,accessibility_review_status:pending;content_review_status:pending;last_reviewed:missing;originality_review_status:pending;research_gap:RG-M6A-001:open;research_review_status:internal_sources_only_external_review_required;safety_review_status:pending;sources:incomplete
25.13,"Cultural appropriation, exchange, and attribution",25,"Creativity, Beauty, and Culture",draft,PRACTICE-COMP-2513-CULTURAL-APPROPRIATION-EXCHANGE-AND-ATTRIBUTION-01,0.1.0,data/practices/protocols/25/PRACTICE-COMP-2513-CULTURAL-APPROPRIATION-EXCHANGE-AND-ATTRIBUTION-01.yaml,06bed8306ebe60e21869923bfc51018a17545bff29a83b1febaaa5808f1510c5,PF-SKILL-REHEARSAL,RISK-LOW,none,false,pending,SP-SHADOW-ONLY,not_started,inactive,blocked,not_applicable,L02;L13;L16;L31,L02;L13;L16;L31,accessibility_review_status:pending;content_review_status:pending;last_reviewed:missing;originality_review_status:pending;research_gap:RG-M6A-001:open;research_review_status:internal_sources_only_external_review_required;safety_review_status:pending;sources:incomplete
26.01,Play for its own sake,26,"Play, Celebration, Leisure, Nature, and Exploration",projected_legacy,PRACTICE-PLAY-01,1.0.0,data/practices/protocols/26/PRACTICE-PLAY-01.yaml,48810b2dd8e66e9e7ec33a9a7000b2f5bbffb6289c74f36d73d1eb1a830fd7a8,PF-BEHAVIORAL-EXPERIMENT,RISK-LOW,GG-PRACTICE-RUNTIME-PROJECTION-1.0,false,pilot_boundary_reviewed_expansion_review_pending,SP-SHADOW-ONLY,not_started,inactive,blocked,existing_runtime_coverage,L05;L11;L34,L34,accessibility_review_status:pilot_boundary_reviewed_expansion_review_pending;content_review_status:frozen_runtime_behavior;last_reviewed:missing;originality_review_status:legacy_exceptions_recorded_expansion_review_pending;research_gap:RG-M6A-001:open;research_gap:RG-M6A-004:open;research_review_status:internal_sources_only_external_review_required;safety_review_status:pilot_boundary_reviewed_expansion_review_pending;sources:incomplete;ui_test_status:existing_runtime_coverage
26.02,Rest and leisure,26,"Play, Celebration, Leisure, Nature, and Exploration",draft,PRACTICE-COMP-2602-REST-AND-LEISURE-01,0.1.0,data/practices/protocols/26/PRACTICE-COMP-2602-REST-AND-LEISURE-01.yaml,682fbf40f4d35c9c437f7828557f15a54f217faaac561aafa854e2fbe07741e1,PF-ARTIFACT-PLAN,RISK-MODERATE,none,false,pending,SP-SHADOW-ONLY,not_started,inactive,blocked,not_applicable,L17;L34;L36,L17;L34;L36,accessibility_review_status:pending;content_review_status:pending;last_reviewed:missing;originality_review_status:pending;research_gap:RG-M6A-001:open;research_review_status:internal_sources_only_external_review_required;safety_review_status:pending;sources:incomplete;specialist_review:missing
26.03,Hobbies and lifelong interests,26,"Play, Celebration, Leisure, Nature, and Exploration",draft,PRACTICE-COMP-2603-HOBBIES-AND-LIFELONG-INTERESTS-01,0.1.0,data/practices/protocols/26/PRACTICE-COMP-2603-HOBBIES-AND-LIFELONG-INTERESTS-01.yaml,b83549e734d4a6dd40ae1c13718b6ce97cf9784d72162db4688f5f2e2802908f,PF-COMMUNITY-CONTRIBUTION,RISK-MODERATE,none,false,pending,SP-SHADOW-ONLY,not_started,inactive,blocked,not_applicable,L15;L16;L34;L36,L15;L16;L34;L36,accessibility_review_status:pending;content_review_status:pending;last_reviewed:missing;originality_review_status:pending;research_gap:RG-M6A-001:open;research_review_status:internal_sources_only_external_review_required;safety_review_status:pending;sources:incomplete;specialist_review:missing
26.04,Nature connection and ecological awareness,26,"Play, Celebration, Leisure, Nature, and Exploration",draft,PRACTICE-COMP-2604-NATURE-CONNECTION-AND-ECOLOGICAL-AWARENESS-01,0.1.0,data/practices/protocols/26/PRACTICE-COMP-2604-NATURE-CONNECTION-AND-ECOLOGICAL-AWARENESS-01.yaml,68715063b22b632fa6b52e5956c9568a0f7649cfa2182a3427fcc6725a72b1e4,PF-LONGITUDINAL-REVIEW,RISK-MODERATE,none,false,pending,SP-SHADOW-ONLY,not_started,inactive,blocked,not_applicable,L03;L17;L31;L35,L03;L17;L31;L35,accessibility_review_status:pending;content_review_status:pending;last_reviewed:missing;originality_review_status:pending;research_gap:RG-M6A-001:open;research_review_status:internal_sources_only_external_review_required;safety_review_status:pending;sources:incomplete;specialist_review:missing
26.05,Outdoor competence and responsible recreation,26,"Play, Celebration, Leisure, Nature, and Exploration",draft,PRACTICE-COMP-2605-OUTDOOR-COMPETENCE-AND-RESPONSIBLE-RECREATION-01,0.1.0,data/practices/protocols/26/PRACTICE-COMP-2605-OUTDOOR-COMPETENCE-AND-RESPONSIBLE-RECREATION-01.yaml,09e0bdbdcd45cac94aecf3f1fd9deb52048539c9e3c37cb187af0362dc412885,PF-ARTIFACT-PLAN,RISK-MODERATE,none,false,pending,SP-SHADOW-ONLY,not_started,inactive,blocked,not_applicable,L17;L20;L34;L35,L17;L20;L34;L35,accessibility_review_status:pending;content_review_status:pending;last_reviewed:missing;originality_review_status:pending;research_gap:RG-M6A-001:open;research_review_status:internal_sources_only_external_review_required;safety_review_status:pending;sources:incomplete;specialist_review:missing
26.06,"Travel, geography, and place",26,"Play, Celebration, Leisure, Nature, and Exploration",draft,PRACTICE-COMP-2606-TRAVEL-GEOGRAPHY-AND-PLACE-01,0.1.0,data/practices/protocols/26/PRACTICE-COMP-2606-TRAVEL-GEOGRAPHY-AND-PLACE-01.yaml,bd9cfdccea9fbc68b74f2873baac6324ab97569dd85d2f889aeaae484fafd417,PF-ARTIFACT-PLAN,RISK-MODERATE,none,false,pending,SP-SHADOW-ONLY,not_started,inactive,blocked,not_applicable,L15;L20;L31;L35,L15;L20;L31;L35,accessibility_review_status:pending;content_review_status:pending;last_reviewed:missing;originality_review_status:pending;research_gap:RG-M6A-001:open;research_review_status:internal_sources_only_external_review_required;safety_review_status:pending;sources:incomplete;specialist_review:missing
26.07,Cross-cultural exploration,26,"Play, Celebration, Leisure, Nature, and Exploration",draft,PRACTICE-COMP-2607-CROSS-CULTURAL-EXPLORATION-01,0.1.0,data/practices/protocols/26/PRACTICE-COMP-2607-CROSS-CULTURAL-EXPLORATION-01.yaml,b98091525d9c9b4c4b1f86a9d42b14598606375319f9926e0e6bad9dd6074a82,PF-ARTIFACT-PLAN,RISK-MODERATE,none,false,pending,SP-SHADOW-ONLY,not_started,inactive,blocked,not_applicable,L15;L24;L31;L35,L15;L24;L31;L35,accessibility_review_status:pending;content_review_status:pending;last_reviewed:missing;originality_review_status:pending;research_gap:RG-M6A-001:open;research_review_status:internal_sources_only_external_review_required;safety_review_status:pending;sources:incomplete;specialist_review:missing
26.08,Adventure and calculated challenge,26,"Play, Celebration, Leisure, Nature, and Exploration",draft,PRACTICE-COMP-2608-ADVENTURE-AND-CALCULATED-CHALLENGE-01,0.1.0,data/practices/protocols/26/PRACTICE-COMP-2608-ADVENTURE-AND-CALCULATED-CHALLENGE-01.yaml,afa292b3e3da744428895c2496cfe5dfa5895a18426bb5a6e04e6db23795a918,PF-ARTIFACT-PLAN,RISK-MODERATE,none,false,pending,SP-SHADOW-ONLY,not_started,inactive,blocked,not_applicable,L11;L17;L20;L35,L11;L17;L20;L35,accessibility_review_status:pending;content_review_status:pending;last_reviewed:missing;originality_review_status:pending;research_gap:RG-M6A-001:open;research_review_status:internal_sources_only_external_review_required;safety_review_status:pending;sources:incomplete;specialist_review:missing
26.09,Wonder and awe,26,"Play, Celebration, Leisure, Nature, and Exploration",draft,PRACTICE-COMP-2609-WONDER-AND-AWE-01,0.1.0,data/practices/protocols/26/PRACTICE-COMP-2609-WONDER-AND-AWE-01.yaml,9c8c5bb0c2e94ed61973790d597f4fbd0f22ab009d975c5d2c06c7d04556ef6d,PF-CONTEMPLATIVE-MEANING,RISK-MODERATE,none,false,pending,SP-SHADOW-ONLY,not_started,inactive,blocked,not_applicable,L03;L16;L34;L35,L03;L16;L34;L35,accessibility_review_status:pending;content_review_status:pending;last_reviewed:missing;originality_review_status:pending;research_gap:RG-M6A-001:open;research_review_status:internal_sources_only_external_review_required;safety_review_status:pending;sources:incomplete;specialist_review:missing
26.10,Communal festivity and celebration,26,"Play, Celebration, Leisure, Nature, and Exploration",draft,PRACTICE-COMP-2610-COMMUNAL-FESTIVITY-AND-CELEBRATION-01,0.1.0,data/practices/protocols/26/PRACTICE-COMP-2610-COMMUNAL-FESTIVITY-AND-CELEBRATION-01.yaml,824cf2503b17a507ecfe8d791c9203d3216d9321bead8cd7b7dd24846937aa26,PF-COMMUNITY-CONTRIBUTION,RISK-MODERATE,none,false,pending,SP-SHADOW-ONLY,not_started,inactive,blocked,not_applicable,L03;L16;L26;L34,L03;L16;L26;L34,accessibility_review_status:pending;content_review_status:pending;last_reviewed:missing;originality_review_status:pending;research_gap:RG-M6A-001:open;research_review_status:internal_sources_only_external_review_required;safety_review_status:pending;sources:incomplete;specialist_review:missing
26.11,Communal recreation and inclusive play,26,"Play, Celebration, Leisure, Nature, and Exploration",draft,PRACTICE-COMP-2611-COMMUNAL-RECREATION-AND-INCLUSIVE-PLAY-01,0.1.0,data/practices/protocols/26/PRACTICE-COMP-2611-COMMUNAL-RECREATION-AND-INCLUSIVE-PLAY-01.yaml,05ef85f5cf4e68ced40f72a4eda348f6529f7ddf092822828b52b49f3db4720d,PF-ARTIFACT-PLAN,RISK-MODERATE,none,false,pending,SP-SHADOW-ONLY,not_started,inactive,blocked,not_applicable,L17;L26;L31;L34,L17;L26;L31;L34,accessibility_review_status:pending;content_review_status:pending;last_reviewed:missing;originality_review_status:pending;research_gap:RG-M6A-001:open;research_review_status:internal_sources_only_external_review_required;safety_review_status:pending;sources:incomplete;specialist_review:missing
26.12,Pilgrimage and meaningful journey,26,"Play, Celebration, Leisure, Nature, and Exploration",draft,PRACTICE-COMP-2612-PILGRIMAGE-AND-MEANINGFUL-JOURNEY-01,0.1.0,data/practices/protocols/26/PRACTICE-COMP-2612-PILGRIMAGE-AND-MEANINGFUL-JOURNEY-01.yaml,7757c08b3fb50050373ca1f8452dd79c7983e9de63f821fc4d61e8914a3a033a,PF-CONTEMPLATIVE-MEANING,RISK-MODERATE,none,false,pending,SP-SHADOW-ONLY,not_started,inactive,blocked,not_applicable,L01;L03;L34;L35,L01;L03;L34;L35,accessibility_review_status:pending;content_review_status:pending;last_reviewed:missing;originality_review_status:pending;research_gap:RG-M6A-001:open;research_review_status:internal_sources_only_external_review_required;safety_review_status:pending;sources:incomplete;specialist_review:missing
26.13,"Humor, delight, and lightness",26,"Play, Celebration, Leisure, Nature, and Exploration",draft,PRACTICE-COMP-2613-HUMOR-DELIGHT-AND-LIGHTNESS-01,0.1.0,data/practices/protocols/26/PRACTICE-COMP-2613-HUMOR-DELIGHT-AND-LIGHTNESS-01.yaml,4f2f4e72f39c733365a7e47cd55cc86ddb476a3ffab1e834334160e82aaf485a,PF-ARTIFACT-PLAN,RISK-MODERATE,none,false,pending,SP-SHADOW-ONLY,not_started,inactive,blocked,not_applicable,L07;L23;L26;L34,L07;L23;L26;L34,accessibility_review_status:pending;content_review_status:pending;last_reviewed:missing;originality_review_status:pending;research_gap:RG-M6A-001:open;research_review_status:internal_sources_only_external_review_required;safety_review_status:pending;sources:incomplete;specialist_review:missing
26.14,Ecological relationship and reciprocal stewardship,26,"Play, Celebration, Leisure, Nature, and Exploration",draft,PRACTICE-COMP-2614-ECOLOGICAL-RELATIONSHIP-AND-RECIPROCAL-STEWARDSHIP-01,0.1.0,data/practices/protocols/26/PRACTICE-COMP-2614-ECOLOGICAL-RELATIONSHIP-AND-RECIPROCAL-STEWARDSHIP-01.yaml,a90db1709b28e8c36f002830d80a8a68c2c9ba942ae3853db027c33ba79ddf33,PF-ARTIFACT-PLAN,RISK-MODERATE,none,false,pending,SP-SHADOW-ONLY,not_started,inactive,blocked,not_applicable,L03;L30;L31;L35,L03;L30;L31;L35,accessibility_review_status:pending;content_review_status:pending;last_reviewed:missing;originality_review_status:pending;research_gap:RG-M6A-001:open;research_review_status:internal_sources_only_external_review_required;safety_review_status:pending;sources:incomplete;specialist_review:missing
27.01,Life architecture,27,"Integration, Life Design, Seasons, and Legacy",draft,PRACTICE-COMP-2701-LIFE-ARCHITECTURE-01,0.1.0,data/practices/protocols/27/PRACTICE-COMP-2701-LIFE-ARCHITECTURE-01.yaml,9908fcf19be3d2a45a20cc33847769ff0a9ccc29fd4fa96b7f7d39705a9a76b3,PF-LONGITUDINAL-REVIEW,RISK-LOW,none,false,pending,SP-SHADOW-ONLY,not_started,inactive,blocked,not_applicable,L01;L14;L36,L01;L14;L36,accessibility_review_status:pending;content_review_status:pending;last_reviewed:missing;originality_review_status:pending;research_gap:RG-M6A-001:open;research_review_status:internal_sources_only_external_review_required;safety_review_status:pending;sources:incomplete
27.02,Balancing competing goods,27,"Integration, Life Design, Seasons, and Legacy",draft,PRACTICE-COMP-2702-BALANCING-COMPETING-GOODS-01,0.1.0,data/practices/protocols/27/PRACTICE-COMP-2702-BALANCING-COMPETING-GOODS-01.yaml,3f4439cd77344b4e894bc809ef17524f0500dcf6dd8ab0d19dcc3fcb7c755873,PF-RELATIONAL-CONVERSATION,RISK-LOW,none,false,pending,SP-SHADOW-ONLY,not_started,inactive,blocked,not_applicable,L02;L14;L36,L02;L14;L36,accessibility_review_status:pending;content_review_status:pending;last_reviewed:missing;originality_review_status:pending;research_gap:RG-M6A-001:open;research_review_status:internal_sources_only_external_review_required;safety_review_status:pending;sources:incomplete
27.03,Seasons and changing emphasis,27,"Integration, Life Design, Seasons, and Legacy",draft,PRACTICE-COMP-2703-SEASONS-AND-CHANGING-EMPHASIS-01,0.1.0,data/practices/protocols/27/PRACTICE-COMP-2703-SEASONS-AND-CHANGING-EMPHASIS-01.yaml,004260684246b8cc895442293d5535c0d74ec00cbb3726992082f5b527786be4,PF-QUALIFIED-CONSULTATION,RISK-HIGH,none,false,pending_specialist_expansion_review,SP-NON-SCORED-REFLECTION,not_applicable,inactive,blocked,not_applicable,L04;L11;L17;L36,L04;L11;L17;L36,accessibility_review_status:pending;content_review_status:pending;last_reviewed:missing;originality_review_status:pending;research_gap:RG-M6A-001:open;research_review_status:internal_sources_only_external_review_required;safety_review_status:pending_specialist_expansion_review;sources:incomplete;specialist_review:missing
27.04,Roles and responsibility portfolio,27,"Integration, Life Design, Seasons, and Legacy",draft,PRACTICE-COMP-2704-ROLES-AND-RESPONSIBILITY-PORTFOLIO-01,0.1.0,data/practices/protocols/27/PRACTICE-COMP-2704-ROLES-AND-RESPONSIBILITY-PORTFOLIO-01.yaml,c36cca29384969d21f30c0f7a0773326a29feb7d957d3b5039945a77224c7e75,PF-COMMUNITY-CONTRIBUTION,RISK-LOW,none,false,pending,SP-SHADOW-ONLY,not_started,inactive,blocked,not_applicable,L01;L28;L30;L32;L36,L01;L28;L30;L32;L36,accessibility_review_status:pending;content_review_status:pending;last_reviewed:missing;originality_review_status:pending;research_gap:RG-M6A-001:open;research_review_status:internal_sources_only_external_review_required;safety_review_status:pending;sources:incomplete
27.05,Personal operating reviews,27,"Integration, Life Design, Seasons, and Legacy",draft,PRACTICE-COMP-2705-PERSONAL-OPERATING-REVIEWS-01,0.1.0,data/practices/protocols/27/PRACTICE-COMP-2705-PERSONAL-OPERATING-REVIEWS-01.yaml,edf0216d6049de50067c99cabba38f7f99f9f09aad77968b7edababb840bee59,PF-AUDIT-REDESIGN,RISK-LOW,none,false,pending,SP-SHADOW-ONLY,not_started,inactive,blocked,not_applicable,L05;L10;L14;L36,L05;L10;L14;L36,accessibility_review_status:pending;content_review_status:pending;last_reviewed:missing;originality_review_status:pending;research_gap:RG-M6A-001:open;research_review_status:internal_sources_only_external_review_required;safety_review_status:pending;sources:incomplete
27.06,Goals as experiments,27,"Integration, Life Design, Seasons, and Legacy",draft,PRACTICE-COMP-2706-GOALS-AS-EXPERIMENTS-01,0.1.0,data/practices/protocols/27/PRACTICE-COMP-2706-GOALS-AS-EXPERIMENTS-01.yaml,1591d3a9198ea72a31d98e20708e2d817429d4a2d1a939dc23598794b86600f5,PF-AUDIT-REDESIGN,RISK-LOW,none,false,pending,SP-SHADOW-ONLY,not_started,inactive,blocked,not_applicable,L10;L11;L14;L36,L10;L11;L14;L36,accessibility_review_status:pending;content_review_status:pending;last_reviewed:missing;originality_review_status:pending;research_gap:RG-M6A-001:open;research_review_status:internal_sources_only_external_review_required;safety_review_status:pending;sources:incomplete
27.07,Transition preparedness,27,"Integration, Life Design, Seasons, and Legacy",draft,PRACTICE-COMP-2707-TRANSITION-PREPAREDNESS-01,0.1.0,data/practices/protocols/27/PRACTICE-COMP-2707-TRANSITION-PREPAREDNESS-01.yaml,e7643fa4cd44c37b5b7110a28cbf27c87d70d94eabba438882fea613c9004e86,PF-RELATIONAL-CONVERSATION,RISK-LOW,none,false,pending,SP-SHADOW-ONLY,not_started,inactive,blocked,not_applicable,L04;L11;L20;L21;L36,L04;L11;L20;L21;L36,accessibility_review_status:pending;content_review_status:pending;last_reviewed:missing;originality_review_status:pending;research_gap:RG-M6A-001:open;research_review_status:internal_sources_only_external_review_required;safety_review_status:pending;sources:incomplete
27.08,Ambition and contentment,27,"Integration, Life Design, Seasons, and Legacy",draft,PRACTICE-COMP-2708-AMBITION-AND-CONTENTMENT-01,0.1.0,data/practices/protocols/27/PRACTICE-COMP-2708-AMBITION-AND-CONTENTMENT-01.yaml,38582bca91a3a6a56db456f2a552aeb871e9f3ff7c17912eda91adec9cdeeff6,PF-CONTEMPLATIVE-MEANING,RISK-LOW,none,false,pending,SP-SHADOW-ONLY,not_started,inactive,blocked,not_applicable,L01;L05;L09;L34;L36,L01;L05;L09;L34;L36,accessibility_review_status:pending;content_review_status:pending;last_reviewed:missing;originality_review_status:pending;research_gap:RG-M6A-001:open;research_review_status:internal_sources_only_external_review_required;safety_review_status:pending;sources:incomplete
27.09,Coherence without rigidity,27,"Integration, Life Design, Seasons, and Legacy",draft,PRACTICE-COMP-2709-COHERENCE-WITHOUT-RIGIDITY-01,0.1.0,data/practices/protocols/27/PRACTICE-COMP-2709-COHERENCE-WITHOUT-RIGIDITY-01.yaml,2a6c08899e5247b591ef7c00976f7524be55fcf53be390ec478b9260225827b4,PF-AUDIT-REDESIGN,RISK-LOW,none,false,pending,SP-SHADOW-ONLY,not_started,inactive,blocked,not_applicable,L01;L05;L11;L36,L01;L05;L11;L36,accessibility_review_status:pending;content_review_status:pending;last_reviewed:missing;originality_review_status:pending;research_gap:RG-M6A-001:open;research_review_status:internal_sources_only_external_review_required;safety_review_status:pending;sources:incomplete
27.10,Mentorship and generativity,27,"Integration, Life Design, Seasons, and Legacy",draft,PRACTICE-COMP-2710-MENTORSHIP-AND-GENERATIVITY-01,0.1.0,data/practices/protocols/27/PRACTICE-COMP-2710-MENTORSHIP-AND-GENERATIVITY-01.yaml,8eb7905a030850479d61e740c9ad19f8be82999ceff201901c4f55c4da5e9179,PF-RELATIONAL-CONVERSATION,RISK-LOW,none,false,pending,SP-SHADOW-ONLY,not_started,inactive,blocked,not_applicable,L15;L28;L30;L33;L37,L15;L28;L30;L33;L37,accessibility_review_status:pending;content_review_status:pending;last_reviewed:missing;originality_review_status:pending;research_gap:RG-M6A-001:open;research_review_status:internal_sources_only_external_review_required;safety_review_status:pending;sources:incomplete
27.11,"Legacy in people, institutions, and works",27,"Integration, Life Design, Seasons, and Legacy",draft,PRACTICE-COMP-2711-LEGACY-IN-PEOPLE-INSTITUTIONS-AND-WORKS-01,0.1.0,data/practices/protocols/27/PRACTICE-COMP-2711-LEGACY-IN-PEOPLE-INSTITUTIONS-AND-WORKS-01.yaml,4c87ff577369ba6f7ace92be359897678d9a1205f8216553f7e8323df534dd5f,PF-RELATIONAL-CONVERSATION,RISK-LOW,none,false,pending,SP-SHADOW-ONLY,not_started,inactive,blocked,not_applicable,L16;L28;L32;L33;L37,L16;L28;L32;L33;L37,accessibility_review_status:pending;content_review_status:pending;last_reviewed:missing;originality_review_status:pending;research_gap:RG-M6A-001:open;research_review_status:internal_sources_only_external_review_required;safety_review_status:pending;sources:incomplete
27.12,Annual reckoning and recommitment,27,"Integration, Life Design, Seasons, and Legacy",draft,PRACTICE-COMP-2712-ANNUAL-RECKONING-AND-RECOMMITMENT-01,0.1.0,data/practices/protocols/27/PRACTICE-COMP-2712-ANNUAL-RECKONING-AND-RECOMMITMENT-01.yaml,b9e8da99ecd3a0a18612e78fe2e6260256d61fb5f38ae25044052fe0b57e5a77,PF-LONGITUDINAL-REVIEW,RISK-LOW,none,false,pending,SP-SHADOW-ONLY,not_started,inactive,blocked,not_applicable,L01;L05;L10;L36,L01;L05;L10;L36,accessibility_review_status:pending;content_review_status:pending;last_reviewed:missing;originality_review_status:pending;research_gap:RG-M6A-001:open;research_review_status:internal_sources_only_external_review_required;safety_review_status:pending;sources:incomplete
27.13,"Applicability, role choice, and the right to leave domains unchosen",27,"Integration, Life Design, Seasons, and Legacy",draft,PRACTICE-COMP-2713-APPLICABILITY-ROLE-CHOICE-AND-THE-RIGHT-TO-LEAVE-DOMAINS-UNCHOSEN-01,0.1.0,data/practices/protocols/27/PRACTICE-COMP-2713-APPLICABILITY-ROLE-CHOICE-AND-THE-RIGHT-TO-LEAVE-DOMAINS-UNCHOSEN-01.yaml,de1e16a3311483b5bf396a089d6f77a286a8248e3490818a1ef9bec0e134c7c9,PF-AUDIT-REDESIGN,RISK-LOW,none,false,pending,SP-SHADOW-ONLY,not_started,inactive,blocked,not_applicable,L05;L25;L31;L36,L05;L25;L31;L36,accessibility_review_status:pending;content_review_status:pending;last_reviewed:missing;originality_review_status:pending;research_gap:RG-M6A-001:open;research_review_status:internal_sources_only_external_review_required;safety_review_status:pending;sources:incomplete
27.14,Multiple pathways to flourishing,27,"Integration, Life Design, Seasons, and Legacy",draft,PRACTICE-COMP-2714-MULTIPLE-PATHWAYS-TO-FLOURISHING-01,0.1.0,data/practices/protocols/27/PRACTICE-COMP-2714-MULTIPLE-PATHWAYS-TO-FLOURISHING-01.yaml,6aab17453c7793268b6db4412fbcfc09c32fdb25df0b7d0311f10aa5778e69b5,PF-CONTEMPLATIVE-MEANING,RISK-LOW,none,false,pending,SP-SHADOW-ONLY,not_started,inactive,blocked,not_applicable,L01;L05;L31;L36,L01;L05;L31;L36,accessibility_review_status:pending;content_review_status:pending;last_reviewed:missing;originality_review_status:pending;research_gap:RG-M6A-001:open;research_review_status:internal_sources_only_external_review_required;safety_review_status:pending;sources:incomplete
27.15,Receiving as well as achieving,27,"Integration, Life Design, Seasons, and Legacy",draft,PRACTICE-COMP-2715-RECEIVING-AS-WELL-AS-ACHIEVING-01,0.1.0,data/practices/protocols/27/PRACTICE-COMP-2715-RECEIVING-AS-WELL-AS-ACHIEVING-01.yaml,352e3ea562dc02c6f0a61162007d6f7b882aff9d73e0f037f97876cafef66c75,PF-CONTEMPLATIVE-MEANING,RISK-LOW,none,false,pending,SP-SHADOW-ONLY,not_started,inactive,blocked,not_applicable,L04;L05;L28;L34;L36,L04;L05;L28;L34;L36,accessibility_review_status:pending;content_review_status:pending;last_reviewed:missing;originality_review_status:pending;research_gap:RG-M6A-001:open;research_review_status:internal_sources_only_external_review_required;safety_review_status:pending;sources:incomplete
